"doi","estado_consulta","http_status","consultado_en","detalle","n_autorias","posible_truncamiento"
"10.1002/acr.24256","encontrado",200,"2026/10/05 17:30:35",,8,FALSE
"10.1002/ajcp.12145","encontrado",200,"2026/10/05 17:30:35",,3,FALSE
"10.1002/ajcp.12582","encontrado",200,"2026/10/05 17:30:36",,16,FALSE
"10.1002/ajhb.22775","encontrado",200,"2026/09/08 16:17:03",,6,FALSE
"10.1002/ajhb.23598","encontrado",200,"2026/09/08 16:17:04",,3,FALSE
"10.1002/ajhb.23682","encontrado",200,"2026/09/08 16:17:05",,11,FALSE
"10.1002/ajhb.23736","encontrado",200,"2026/09/08 16:17:05",,7,FALSE
"10.1002/ajp.23436","encontrado",200,"2026/10/05 17:30:37",,6,FALSE
"10.1002/ajpa.23193","encontrado",200,"2026/09/08 16:17:06",,4,FALSE
"10.1002/ajpa.23263","encontrado",200,"2026/10/05 17:30:38",,5,FALSE
"10.1002/ajpa.23605","encontrado",200,"2026/09/08 16:17:07",,2,FALSE
"10.1002/ajpa.23628","encontrado",200,"2026/10/05 17:30:39",,3,FALSE
"10.1002/ajpa.23808","encontrado",200,"2026/10/05 17:30:39",,5,FALSE
"10.1002/ajpa.23911","encontrado",200,"2026/10/05 17:30:40",,4,FALSE
"10.1002/ajpa.24430","encontrado",200,"2026/10/05 17:30:41",,7,FALSE
"10.1002/ajpa.24447","encontrado",200,"2026/09/08 16:17:07",,7,FALSE
"10.1002/ajpa.24513","encontrado",200,"2026/10/05 17:30:41",,10,FALSE
"10.1002/ajpa.24661","encontrado",200,"2026/09/08 16:17:08",,5,FALSE
"10.1002/ajpa.24707","encontrado",200,"2026/10/05 17:30:42",,5,FALSE
"10.1002/anzf.1240","encontrado",200,"2026/09/08 16:17:09",,2,FALSE
"10.1002/anzf.1411","encontrado",200,"2026/09/08 16:17:09",,3,FALSE
"10.1002/anzf.1507","encontrado",200,"2026/09/08 16:17:10",,3,FALSE
"10.1002/anzf.70012","encontrado",200,"2026/09/08 16:17:11",,5,FALSE
"10.1002/ar.23716","encontrado",200,"2026/10/05 17:30:43",,3,FALSE
"10.1002/capr.12714","encontrado",200,"2026/10/05 17:30:44",,5,FALSE
"10.1002/capr.12891","encontrado",200,"2026/10/05 17:30:44",,4,FALSE
"10.1002/casp.2831","encontrado",200,"2026/10/05 17:30:45",,3,FALSE
"10.1002/eat.24365","encontrado",200,"2026/10/05 17:30:46",,70,FALSE
"10.1002/eet.1865","encontrado",200,"2026/09/08 16:17:11",,3,FALSE
"10.1002/eet.1912","encontrado",200,"2026/10/05 17:30:47",,7,FALSE
"10.1002/ejsp.2146","encontrado",200,"2026/10/05 17:30:47",,4,FALSE
"10.1002/ejsp.2893","encontrado",200,"2026/10/05 17:30:48",,5,FALSE
"10.1002/gea.21833","encontrado",200,"2026/10/05 17:30:49",,4,FALSE
"10.1002/gea.21834","encontrado",200,"2026/10/05 17:30:49",,7,FALSE
"10.1002/gea.21847","encontrado",200,"2026/09/08 16:17:12",,7,FALSE
"10.1002/gea.21849","encontrado",200,"2026/09/08 16:17:13",,8,FALSE
"10.1002/imhj.21633","encontrado",200,"2026/10/05 17:30:50",,3,FALSE
"10.1002/imhj.22133","encontrado",200,"2026/10/05 17:30:51",,3,FALSE
"10.1002/jclp.22525","encontrado",200,"2026/09/08 16:17:13",,5,FALSE
"10.1002/jcop.22370","encontrado",200,"2026/09/08 16:17:14",,5,FALSE
"10.1002/jcop.22421","encontrado",200,"2026/10/05 17:30:51",,7,FALSE
"10.1002/jcop.22484","encontrado",200,"2026/10/05 17:30:52",,2,FALSE
"10.1002/jts.22826","encontrado",200,"2026/10/05 17:30:53",,16,FALSE
"10.1002/oa.2437","encontrado",200,"2026/10/05 17:30:54",,3,FALSE
"10.1002/oa.2460","encontrado",200,"2026/09/08 16:17:15",,2,FALSE
"10.1002/oa.2631","encontrado",200,"2026/09/08 16:17:15",,5,FALSE
"10.1002/oa.2742","encontrado",200,"2026/10/05 17:30:54",,3,FALSE
"10.1002/oa.3057","encontrado",200,"2026/09/08 16:17:16",,7,FALSE
"10.1002/pchj.495","encontrado",200,"2026/09/08 16:17:17",,4,FALSE
"10.1002/pits.23538","encontrado",200,"2026/10/05 17:30:55",,8,FALSE
"10.1002/rhc3.12260","encontrado",200,"2026/09/08 16:17:18",,5,FALSE
"10.1002/sea2.12137","encontrado",200,"2026/10/05 17:30:56",,1,FALSE
"10.1002/sres.2595","encontrado",200,"2026/10/05 17:30:56",,1,FALSE
"10.1007/978-3-030-71102-3_22","encontrado",200,"2026/10/05 17:30:57",,2,FALSE
"10.1007/978-3-030-75746-5_6","encontrado",200,"2026/10/05 17:30:58",,3,FALSE
"10.1007/978-3-030-78390-7_10","encontrado",200,"2026/10/05 17:30:58",,5,FALSE
"10.1007/978-3-319-78692-6_1","encontrado",200,"2026/10/05 17:30:59",,3,FALSE
"10.1007/978-3-319-78692-6_2","encontrado",200,"2026/10/05 17:31:00",,3,FALSE
"10.1007/978-3-319-78692-6_3","encontrado",200,"2026/10/05 17:31:00",,2,FALSE
"10.1007/978-3-319-78692-6_7","encontrado",200,"2026/10/05 17:31:01",,3,FALSE
"10.1007/978-3-319-78692-6_8","encontrado",200,"2026/10/05 17:31:02",,3,FALSE
"10.1007/978-981-10-8279-5_17","encontrado",200,"2026/10/05 17:31:02",,2,FALSE
"10.1007/s00056-024-00553-y","encontrado",200,"2026/10/05 17:31:03",,7,FALSE
"10.1007/s00146-020-01138-0","encontrado",200,"2026/10/05 17:31:04",,3,FALSE
"10.1007/s00213-019-05334-9","encontrado",200,"2026/10/05 17:31:04",,11,FALSE
"10.1007/s00213-019-05438-2","encontrado",200,"2026/10/05 17:31:05",,11,FALSE
"10.1007/s00213-020-05728-0","encontrado",200,"2026/10/05 17:31:06",,4,FALSE
"10.1007/s00334-017-0632-0","encontrado",200,"2026/10/05 17:31:06",,3,FALSE
"10.1007/s10508-020-01739-2","encontrado",200,"2026/10/05 17:31:07",,6,FALSE
"10.1007/s10508-021-02219-x","encontrado",200,"2026/10/05 17:31:08",,1,FALSE
"10.1007/s10508-024-02933-2","encontrado",200,"2026/10/05 17:31:08",,2,FALSE
"10.1007/s10508-025-03164-9","encontrado",200,"2026/10/05 17:31:09",,3,FALSE
"10.1007/s10668-018-0271-3","encontrado",200,"2026/10/05 17:31:10",,2,FALSE
"10.1007/s10691-021-09449-3","encontrado",200,"2026/09/08 16:17:18",,2,FALSE
"10.1007/s10712-022-09750-z","encontrado",200,"2026/10/05 17:31:11",,12,FALSE
"10.1007/s10761-016-0386-x","encontrado",200,"2026/09/08 16:17:19",,2,FALSE
"10.1007/s10816-022-09571-9","encontrado",200,"2026/10/05 17:31:11",,2,FALSE
"10.1007/s10826-016-0520-8","encontrado",200,"2026/10/05 17:31:12",,6,FALSE
"10.1007/s10826-019-01693-1","encontrado",200,"2026/09/08 16:17:19",,4,FALSE
"10.1007/s10826-022-02331-z","encontrado",200,"2026/10/05 17:31:13",,4,FALSE
"10.1007/s10833-021-09435-1","encontrado",200,"2026/10/05 17:31:13",,2,FALSE
"10.1007/s10877-019-00285-0","encontrado",200,"2026/10/05 17:31:14",,6,FALSE
"10.1007/s10879-018-9387-x","encontrado",200,"2026/09/08 16:17:20",,3,FALSE
"10.1007/s10896-021-00345-7","encontrado",200,"2026/09/08 16:17:21",,3,FALSE
"10.1007/s10943-021-01442-z","encontrado",200,"2026/10/05 17:31:15",,2,FALSE
"10.1007/s11013-025-09905-8","encontrado",200,"2026/10/05 17:31:15",,3,FALSE
"10.1007/s11024-019-09369-2","encontrado",200,"2026/10/05 17:31:16",,3,FALSE
"10.1007/s11031-025-10151-z","encontrado",200,"2026/10/05 17:31:17",,70,FALSE
"10.1007/s11069-020-04091-9","encontrado",200,"2026/09/08 16:17:21",,5,FALSE
"10.1007/s11092-023-09425-2","encontrado",200,"2026/09/08 16:17:22",,7,FALSE
"10.1007/s11111-024-00464-5","encontrado",200,"2026/09/08 16:17:23",,5,FALSE
"10.1007/s11115-018-00433-1","encontrado",200,"2026/10/05 17:31:18",,4,FALSE
"10.1007/s11205-020-02551-0","encontrado",200,"2026/09/08 16:17:23",,3,FALSE
"10.1007/s11211-019-00336-6","encontrado",200,"2026/10/05 17:31:18",,5,FALSE
"10.1007/s11211-025-00456-2","encontrado",200,"2026/10/05 17:31:19",,5,FALSE
"10.1007/s11211-025-00458-0","encontrado",200,"2026/10/05 17:31:20",,3,FALSE
"10.1007/s11422-023-10157-4","encontrado",200,"2026/09/08 16:17:24",,4,FALSE
"10.1007/s11457-017-9186-7","encontrado",200,"2026/09/08 16:17:25",,1,FALSE
"10.1007/s11457-021-09306-z","encontrado",200,"2026/10/05 17:31:20",,1,FALSE
"10.1007/s11469-022-00769-2","encontrado",200,"2026/10/05 17:31:21",,5,FALSE
"10.1007/s11482-022-10082-8","encontrado",200,"2026/10/05 17:31:22",,9,FALSE
"10.1007/s11482-024-10338-5","encontrado",200,"2026/10/05 17:31:22",,12,FALSE
"10.1007/s11528-019-00383-5","encontrado",200,"2026/10/05 17:31:23",,6,FALSE
"10.1007/s11759-019-09367-6","encontrado",200,"2026/10/05 17:31:24",,7,FALSE
"10.1007/s12116-025-09480-4","encontrado",200,"2026/10/05 17:31:24",,3,FALSE
"10.1007/s12144-021-02342-x","encontrado",200,"2026/10/05 17:31:25",,5,FALSE
"10.1007/s12144-022-04191-8","encontrado",200,"2026/10/05 17:31:26",,3,FALSE
"10.1007/s12187-016-9388-9","encontrado",200,"2026/10/05 17:31:27",,4,FALSE
"10.1007/s12187-021-09904-2","encontrado",200,"2026/10/05 17:31:27",,3,FALSE
"10.1007/s12187-025-10222-0","encontrado",200,"2026/10/05 17:31:28",,3,FALSE
"10.1007/s12231-020-09513-0","encontrado",200,"2026/10/05 17:31:29",,8,FALSE
"10.1007/s12310-022-09541-2","encontrado",200,"2026/10/05 17:31:29",,12,FALSE
"10.1007/s12520-015-0275-y","encontrado",200,"2026/09/08 16:17:25",,6,FALSE
"10.1007/s12520-015-0282-z","encontrado",200,"2026/10/05 17:31:30",,4,FALSE
"10.1007/s12520-021-01342-z","encontrado",200,"2026/10/05 17:31:31",,5,FALSE
"10.1007/s12520-021-01451-9","encontrado",200,"2026/10/05 17:31:31",,6,FALSE
"10.1007/s13158-024-00397-y","encontrado",200,"2026/09/08 16:17:26",,4,FALSE
"10.1007/s13178-024-01040-0","encontrado",200,"2026/10/05 17:31:32",,68,FALSE
"10.1007/s13412-020-00639-0","encontrado",200,"2026/09/08 16:17:27",,7,FALSE
"10.1007/s40688-018-0175-0","encontrado",200,"2026/10/05 17:31:33",,2,FALSE
"10.1007/s41134-020-00156-8","encontrado",200,"2026/10/05 17:31:34",,3,FALSE
"10.1016/j.aanat.2017.08.003","encontrado",200,"2026/10/05 17:31:34",,3,FALSE
"10.1016/j.aanat.2017.11.009","encontrado",200,"2026/10/05 17:31:35",,10,FALSE
"10.1016/j.acso.2016.02.004","encontrado",200,"2026/10/05 17:31:36",,2,FALSE
"10.1016/j.actatropica.2017.11.021","encontrado",200,"2026/10/05 17:31:37",,6,FALSE
"10.1016/j.actpsy.2016.01.001","encontrado",200,"2026/10/05 17:31:37",,6,FALSE
"10.1016/j.applanim.2024.106453","encontrado",200,"2026/10/05 17:31:38",,5,FALSE
"10.1016/j.archger.2020.104179","encontrado",200,"2026/10/05 17:31:39",,5,FALSE
"10.1016/j.asw.2023.100787","encontrado",200,"2026/10/05 17:31:40",,4,FALSE
"10.1016/j.beproc.2016.01.004","encontrado",200,"2026/10/05 17:31:41",,5,FALSE
"10.1016/j.beproc.2018.02.008","encontrado",200,"2026/10/05 17:31:41",,5,FALSE
"10.1016/j.chb.2021.106810","encontrado",200,"2026/10/05 17:31:42",,3,FALSE
"10.1016/j.chiabu.2021.105046","encontrado",200,"2026/09/08 16:17:27",,3,FALSE
"10.1016/j.chiabu.2021.105220","encontrado",200,"2026/09/08 16:17:28",,5,FALSE
"10.1016/j.childyouth.2025.108606","encontrado",200,"2026/10/05 17:31:43",,7,FALSE
"10.1016/j.chipro.2025.100149","encontrado",200,"2026/10/05 17:31:43",,5,FALSE
"10.1016/j.comppsych.2023.152427","encontrado",200,"2026/10/05 17:31:44",,68,FALSE
"10.1016/j.contraception.2017.09.008","encontrado",200,"2026/09/08 16:17:29",,4,FALSE
"10.1016/j.cosust.2017.02.008","encontrado",200,"2026/10/05 17:31:45",,2,FALSE
"10.1016/j.cosust.2021.01.010","encontrado",200,"2026/10/05 17:31:46",,8,FALSE
"10.1016/j.dadr.2025.100344","encontrado",200,"2026/10/05 17:31:47",,14,FALSE
"10.1016/j.drugpo.2020.102996","encontrado",200,"2026/09/08 16:17:30",,5,FALSE
"10.1016/j.eclinm.2021.100848","encontrado",200,"2026/10/05 17:31:47",,52,FALSE
"10.1016/j.enbuild.2019.109463","encontrado",200,"2026/10/05 17:31:48",,7,FALSE
"10.1016/j.envsci.2022.09.012","encontrado",200,"2026/09/08 16:17:30",,9,FALSE
"10.1016/j.envsci.2024.103668","encontrado",200,"2026/10/05 17:31:49",,6,FALSE
"10.1016/j.erss.2018.08.004","encontrado",200,"2026/10/05 17:31:49",,5,FALSE
"10.1016/j.erss.2021.102030","encontrado",200,"2026/10/05 17:31:50",,3,FALSE
"10.1016/j.evalprogplan.2022.102210","encontrado",200,"2026/10/05 17:31:51",,3,FALSE
"10.1016/j.exis.2023.101318","encontrado",200,"2026/10/05 17:31:51",,5,FALSE
"10.1016/j.exis.2025.101748","encontrado",200,"2026/10/05 17:31:52",,3,FALSE
"10.1016/j.forsciint.2016.08.002","encontrado",200,"2026/10/05 17:31:53",,4,FALSE
"10.1016/j.forsciint.2017.01.029","encontrado",200,"2026/09/08 16:17:31",,2,FALSE
"10.1016/j.forsciint.2024.112230","encontrado",200,"2026/09/08 16:17:32",,27,FALSE
"10.1016/j.fsir.2020.100077","encontrado",200,"2026/10/05 17:31:53",,2,FALSE
"10.1016/j.fsir.2021.100177","encontrado",200,"2026/09/08 16:17:32",,4,FALSE
"10.1016/j.gaceta.2022.04.002","encontrado",200,"2026/10/05 17:31:54",,6,FALSE
"10.1016/j.healthplace.2025.103493","encontrado",200,"2026/10/05 17:31:55",,6,FALSE
"10.1016/j.ijchp.2024.100461","encontrado",200,"2026/10/05 17:31:56",,68,FALSE
"10.1016/j.ijdrr.2018.11.013","encontrado",200,"2026/09/08 16:17:33",,3,FALSE
"10.1016/j.ijdrr.2021.102356","encontrado",200,"2026/10/05 17:31:56",,3,FALSE
"10.1016/j.ijedudev.2023.102752","encontrado",200,"2026/10/05 17:31:57",,3,FALSE
"10.1016/j.ijedudev.2024.103202","encontrado",200,"2026/09/08 16:17:34",,3,FALSE
"10.1016/j.ijhcs.2021.102732","encontrado",200,"2026/10/05 17:31:58",,3,FALSE
"10.1016/j.ijlp.2022.101790","encontrado",200,"2026/10/05 17:31:58",,3,FALSE
"10.1016/j.ijpp.2016.01.002","encontrado",200,"2026/09/08 16:17:34",,7,FALSE
"10.1016/j.isci.2023.107644","encontrado",200,"2026/10/05 17:31:59",,32,FALSE
"10.1016/j.jaa.2016.04.007","encontrado",200,"2026/10/05 17:32:00",,3,FALSE
"10.1016/j.jaa.2016.08.006","encontrado",200,"2026/10/05 17:32:00",,14,FALSE
"10.1016/j.jaa.2021.101360","encontrado",200,"2026/09/08 16:17:35",,11,FALSE
"10.1016/j.jaa.2024.101623","encontrado",200,"2026/10/05 17:32:01",,5,FALSE
"10.1016/j.jad.2024.01.127","encontrado",200,"2026/10/05 17:32:02",,68,FALSE
"10.1016/j.jalz.2017.06.1099","encontrado",200,"2026/10/05 17:32:03",,11,FALSE
"10.1016/j.jaridenv.2016.11.014","encontrado",200,"2026/10/05 17:32:03",,2,FALSE
"10.1016/j.jas.2016.10.008","encontrado",200,"2026/09/08 16:17:36",,13,FALSE
"10.1016/j.jas.2018.10.010","encontrado",200,"2026/09/08 16:17:36",,4,FALSE
"10.1016/j.jas.2025.106361","encontrado",200,"2026/10/05 17:32:04",,6,FALSE
"10.1016/j.jasrep.2018.07.008","encontrado",200,"2026/10/05 17:32:05",,4,FALSE
"10.1016/j.jasrep.2019.101890","encontrado",200,"2026/09/08 16:17:37",,2,FALSE
"10.1016/j.jasrep.2021.102853","encontrado",200,"2026/10/05 17:32:06",,6,FALSE
"10.1016/j.jasrep.2021.103171","encontrado",200,"2026/10/05 17:32:06",,5,FALSE
"10.1016/j.jasrep.2023.103865","encontrado",200,"2026/10/05 17:32:07",,3,FALSE
"10.1016/j.jasrep.2024.104609","encontrado",200,"2026/09/08 16:17:38",,4,FALSE
"10.1016/j.jasrep.2024.104684","encontrado",200,"2026/09/08 16:17:38",,11,FALSE
"10.1016/j.jasrep.2024.104775","encontrado",200,"2026/10/05 17:32:08",,6,FALSE
"10.1016/j.jasrep.2024.104967","encontrado",200,"2026/09/08 16:17:39",,3,FALSE
"10.1016/j.jasrep.2025.105386","encontrado",200,"2026/09/08 16:17:40",,8,FALSE
"10.1016/j.jbtep.2023.101886","encontrado",200,"2026/10/05 17:32:09",,6,FALSE
"10.1016/j.jhevol.2016.01.010","encontrado",200,"2026/10/05 17:32:09",,7,FALSE
"10.1016/j.jhevol.2018.02.006","encontrado",200,"2026/10/05 17:32:10",,3,FALSE
"10.1016/j.jhevol.2019.03.007","encontrado",200,"2026/10/05 17:32:11",,3,FALSE
"10.1016/j.jpsychires.2023.06.033","encontrado",200,"2026/10/05 17:32:11",,67,FALSE
"10.1016/j.lmot.2019.101576","encontrado",200,"2026/10/05 17:32:13",,4,FALSE
"10.1016/j.lmot.2020.101623","encontrado",200,"2026/10/05 17:32:13",,3,FALSE
"10.1016/j.lmot.2022.101803","encontrado",200,"2026/10/05 17:32:14",,7,FALSE
"10.1016/j.lmot.2023.101889","encontrado",200,"2026/10/05 17:32:15",,7,FALSE
"10.1016/j.mambio.2016.07.054","encontrado",200,"2026/10/05 17:32:15",,4,FALSE
"10.1016/j.mambio.2017.07.003","encontrado",200,"2026/09/08 16:17:40",,4,FALSE
"10.1016/j.marpol.2019.103690","encontrado",200,"2026/10/05 17:32:16",,6,FALSE
"10.1016/j.marpol.2022.105397","encontrado",200,"2026/10/05 17:32:17",,6,FALSE
"10.1016/j.marpol.2025.106705","encontrado",200,"2026/10/05 17:32:17",,3,FALSE
"10.1016/j.mhp.2017.07.001","encontrado",200,"2026/10/05 17:32:18",,6,FALSE
"10.1016/j.nut.2024.112465","encontrado",200,"2026/10/05 17:32:19",,3,FALSE
"10.1016/j.oneear.2023.02.002","encontrado",200,"2026/10/05 17:32:20",,10,FALSE
"10.1016/j.orcp.2018.10.005","encontrado",200,"2026/09/08 16:17:41",,2,FALSE
"10.1016/j.psi.2016.12.002","encontrado",200,"2026/10/05 17:32:20",,4,FALSE
"10.1016/j.psicod.2018.02.003","encontrado",200,"2026/10/05 17:32:21",,5,FALSE
"10.1016/j.psicod.2024.500159","encontrado",200,"2026/10/05 17:32:22",,4,FALSE
"10.1016/j.psyneuen.2020.104606","encontrado",200,"2026/10/05 17:32:23",,10,FALSE
"10.1016/j.puhe.2017.09.007","encontrado",200,"2026/10/05 17:32:23",,4,FALSE
"10.1016/j.puhe.2023.12.031","encontrado",200,"2026/10/05 17:32:24",,65,FALSE
"10.1016/j.quaint.2015.12.050","encontrado",200,"2026/10/05 17:32:25",,8,FALSE
"10.1016/j.quaint.2016.08.017","encontrado",200,"2026/09/08 16:17:42",,6,FALSE
"10.1016/j.quaint.2017.05.054","encontrado",200,"2026/09/08 16:17:42",,1,FALSE
"10.1016/j.quaint.2017.07.014","encontrado",200,"2026/10/05 17:32:26",,6,FALSE
"10.1016/j.quaint.2017.09.035","encontrado",200,"2026/09/08 16:17:43",,14,FALSE
"10.1016/j.quaint.2017.10.010","encontrado",200,"2026/09/08 16:17:44",,4,FALSE
"10.1016/j.quaint.2018.05.013","encontrado",200,"2026/10/05 17:32:26",,4,FALSE
"10.1016/j.quaint.2018.09.016","encontrado",200,"2026/09/08 16:17:44",,5,FALSE
"10.1016/j.quaint.2019.07.007","encontrado",200,"2026/09/08 16:17:45",,3,FALSE
"10.1016/j.quaint.2019.09.021","encontrado",200,"2026/09/08 16:17:46",,4,FALSE
"10.1016/j.quaint.2020.11.011","encontrado",200,"2026/10/05 17:32:27",,8,FALSE
"10.1016/j.quaint.2021.06.005","encontrado",200,"2026/09/08 16:17:46",,8,FALSE
"10.1016/j.quaint.2024.04.005","encontrado",200,"2026/09/08 16:17:47",,3,FALSE
"10.1016/j.quaint.2024.11.003","encontrado",200,"2026/09/08 16:17:48",,7,FALSE
"10.1016/j.quascirev.2017.12.010","encontrado",200,"2026/09/08 16:17:48",,8,FALSE
"10.1016/j.quascirev.2021.107097","encontrado",200,"2026/10/05 17:32:28",,8,FALSE
"10.1016/j.quascirev.2024.109112","encontrado",200,"2026/10/05 17:32:28",,13,FALSE
"10.1016/j.rbce.2018.06.009","encontrado",200,"2026/10/05 17:32:29",,4,FALSE
"10.1016/j.resourpol.2021.102272","encontrado",200,"2026/10/05 17:32:30",,2,FALSE
"10.1016/j.riem.2017.01.001","encontrado",200,"2026/10/05 17:32:30",,5,FALSE
"10.1016/j.rmclc.2019.11.011","encontrado",200,"2026/09/08 16:17:49",,10,FALSE
"10.1016/j.rssm.2024.100982","encontrado",200,"2026/10/05 17:32:31",,2,FALSE
"10.1016/j.scitotenv.2020.143999","encontrado",200,"2026/10/05 17:32:32",,12,FALSE
"10.1016/j.ssresearch.2021.102596","encontrado",200,"2026/10/05 17:32:33",,3,FALSE
"10.1016/j.tbs.2022.11.004","encontrado",200,"2026/09/08 16:17:50",,6,FALSE
"10.1016/j.worlddev.2023.106213","encontrado",200,"2026/10/05 17:32:33",,3,FALSE
"10.1016/j.yhbeh.2019.01.005","encontrado",200,"2026/10/05 17:32:34",,4,FALSE
"10.1016/j.zool.2017.06.002","encontrado",200,"2026/10/05 17:32:35",,3,FALSE
"10.1017/bap.2024.17","encontrado",200,"2026/10/05 17:32:35",,3,FALSE
"10.1017/gmh.2025.10054","encontrado",200,"2026/09/08 16:17:50",,5,FALSE
"10.1017/laq.2018.52","encontrado",200,"2026/10/05 17:32:36",,4,FALSE
"10.1017/laq.2019.43","encontrado",200,"2026/09/08 16:17:51",,6,FALSE
"10.1017/laq.2019.68","encontrado",200,"2026/09/08 16:17:52",,3,FALSE
"10.1017/laq.2019.77","encontrado",200,"2026/10/05 17:32:37",,4,FALSE
"10.1017/laq.2019.92","encontrado",200,"2026/10/05 17:32:38",,18,FALSE
"10.1017/laq.2020.100","encontrado",200,"2026/10/05 17:32:38",,2,FALSE
"10.1017/laq.2021.66","encontrado",200,"2026/09/08 16:17:52",,6,FALSE
"10.1017/laq.2022.38","encontrado",200,"2026/09/08 16:17:53",,7,FALSE
"10.1017/laq.2022.84","encontrado",200,"2026/09/08 16:17:54",,3,FALSE
"10.1017/laq.2022.92","encontrado",200,"2026/09/08 16:17:54",,8,FALSE
"10.1017/laq.2023.45","encontrado",200,"2026/10/05 17:32:39",,17,FALSE
"10.1017/lar.2023.37","encontrado",200,"2026/10/05 17:32:40",,4,FALSE
"10.1017/lar.2024.64","encontrado",200,"2026/10/05 17:32:40",,2,FALSE
"10.1017/rdc.2017.36","encontrado",200,"2026/10/05 17:32:41",,6,FALSE
"10.1017/rdc.2022.59","encontrado",200,"2026/10/05 17:32:42",,3,FALSE
"10.1017/rdc.2023.27","encontrado",200,"2026/10/05 17:32:43",,4,FALSE
"10.1017/rdc.2024.91","encontrado",200,"2026/10/05 17:32:43",,8,FALSE
"10.1017/s0021932019000890","encontrado",200,"2026/09/08 16:17:55",,9,FALSE
"10.1017/s0022216x15001364","encontrado",200,"2026/10/05 17:32:44",,1,FALSE
"10.1017/s0022216x20000978","encontrado",200,"2026/10/05 17:32:45",,1,FALSE
"10.1017/s0022216x23000706","encontrado",200,"2026/10/05 17:32:45",,3,FALSE
"10.1017/s0029665122000878","encontrado",200,"2026/10/05 17:32:46",,4,FALSE
"10.1017/s0144686x25100226","encontrado",200,"2026/09/08 16:17:56",,4,FALSE
"10.1017/s0959774319000581","encontrado",200,"2026/10/05 17:32:47",,5,FALSE
"10.1017/s0959774320000013","encontrado",200,"2026/10/05 17:32:47",,1,FALSE
"10.1017/s0959774325100103","encontrado",200,"2026/10/05 17:32:48",,4,FALSE
"10.1017/sjp.2017.58","encontrado",200,"2026/09/08 16:17:56",,2,FALSE
"10.1027/1864-9335/a000498","encontrado",200,"2026/10/05 17:32:49",,5,FALSE
"10.1029/2020ef001508","encontrado",200,"2026/10/05 17:32:49",,7,FALSE
"10.1029/2021ef002217","encontrado",200,"2026/10/05 17:32:50",,13,FALSE
"10.1029/2024ef005064","encontrado",200,"2026/10/05 17:32:51",,4,FALSE
"10.1037/bne0000300","encontrado",200,"2026/10/05 17:32:52",,6,FALSE
"10.1037/bne0000302","encontrado",200,"2026/10/05 17:32:52",,6,FALSE
"10.1037/neu0000891","encontrado",200,"2026/10/05 17:32:53",,9,FALSE
"10.1037/pne0000181","encontrado",200,"2026/10/05 17:32:54",,5,FALSE
"10.1037/qup0000262","encontrado",200,"2026/10/05 17:32:54",,2,FALSE
"10.1037/sah0000661","encontrado",200,"2026/10/05 17:32:55",,8,FALSE
"10.1037/xan0000315","encontrado",200,"2026/10/05 17:32:56",,2,FALSE
"10.1038/s41430-020-0665-9","encontrado",200,"2026/09/08 16:17:57",,4,FALSE
"10.1038/s41467-025-66343-1","encontrado",200,"2026/09/08 16:17:58",,4,FALSE
"10.1038/s41477-020-00835-4","encontrado",200,"2026/10/05 17:32:56",,14,FALSE
"10.1038/s41586-020-2487-2","encontrado",200,"2026/09/08 16:17:58",,31,FALSE
"10.1038/s41586-021-03902-8","encontrado",200,"2026/09/08 16:17:59",,27,FALSE
"10.1038/s41598-017-05764-5","encontrado",200,"2026/10/05 17:32:57",,4,FALSE
"10.1038/s41598-019-39391-z","encontrado",200,"2026/09/08 16:18:00",,31,FALSE
"10.1038/s41598-020-78013-x","encontrado",200,"2026/09/08 16:18:01",,27,FALSE
"10.1038/s41598-021-96819-1","encontrado",200,"2026/10/05 17:32:58",,8,FALSE
"10.1053/j.jfas.2018.03.004","encontrado",200,"2026/10/05 17:32:59",,4,FALSE
"10.1057/iga.2016.4","encontrado",200,"2026/10/05 17:32:59",,3,FALSE
"10.1057/s41282-019-00144-6","encontrado",200,"2026/10/05 17:33:00",,3,FALSE
"10.1057/s41286-022-00129-4","encontrado",200,"2026/09/08 16:18:02",,3,FALSE
"10.1073/pnas.1917908116","encontrado",200,"2026/10/05 17:33:00",,3,FALSE
"10.1073/pnas.1918959116","encontrado",200,"2026/10/05 17:33:01",,4,FALSE
"10.1073/pnas.2203150119","encontrado",200,"2026/10/05 17:33:02",,166,TRUE
"10.1075/ni.17001.cap","encontrado",200,"2026/10/05 17:33:03",,4,FALSE
"10.1080/00131911.2024.2365877","encontrado",200,"2026/10/05 17:33:04",,6,FALSE
"10.1080/00207659.2023.2274712","encontrado",200,"2026/10/05 17:33:04",,5,FALSE
"10.1080/00221309.2019.1596064","encontrado",200,"2026/10/05 17:33:05",,1,FALSE
"10.1080/00224499.2024.2359641","encontrado",200,"2026/10/05 17:33:06",,70,FALSE
"10.1080/00224545.2016.1148006","encontrado",200,"2026/10/05 17:33:07",,9,FALSE
"10.1080/00776297.2017.1333280","encontrado",200,"2026/10/05 17:33:07",,5,FALSE
"10.1080/00776297.2025.2471188","encontrado",200,"2026/10/05 17:33:08",,7,FALSE
"10.1080/00933104.2022.2150590","encontrado",200,"2026/10/05 17:33:09",,4,FALSE
"10.1080/00934690.2025.2534236","encontrado",200,"2026/10/05 17:33:10",,10,FALSE
"10.1080/01419870.2019.1579919","encontrado",200,"2026/10/05 17:33:10",,3,FALSE
"10.1080/01425692.2019.1590179","encontrado",200,"2026/09/08 16:18:02",,4,FALSE
"10.1080/01459740.2021.1935924","encontrado",200,"2026/10/05 17:33:11",,5,FALSE
"10.1080/01488376.2018.1476298","encontrado",200,"2026/10/05 17:33:12",,3,FALSE
"10.1080/01596306.2018.1404196","encontrado",200,"2026/09/08 16:18:03",,4,FALSE
"10.1080/02109395.2016.1189204","encontrado",200,"2026/09/08 16:18:04",,4,FALSE
"10.1080/02109395.2016.1204780","encontrado",200,"2026/10/05 17:33:13",,7,FALSE
"10.1080/02109395.2018.1494678","encontrado",200,"2026/10/05 17:33:13",,1,FALSE
"10.1080/02109395.2022.2127233","encontrado",200,"2026/10/05 17:33:14",,4,FALSE
"10.1080/02109395.2022.2139347","encontrado",200,"2026/10/05 17:33:15",,8,FALSE
"10.1080/02134748.2018.1439691","encontrado",200,"2026/10/05 17:33:15",,3,FALSE
"10.1080/02134748.2021.2009275","encontrado",200,"2026/10/05 17:33:16",,3,FALSE
"10.1080/02134748.2022.2096255","encontrado",200,"2026/10/05 17:33:17",,2,FALSE
"10.1080/02134748.2023.2239576","encontrado",200,"2026/10/05 17:33:18",,1,FALSE
"10.1080/02615479.2020.1813702","encontrado",200,"2026/09/08 16:18:04",,4,FALSE
"10.1080/02615479.2022.2115028","encontrado",200,"2026/09/08 16:18:05",,3,FALSE
"10.1080/02615479.2024.2338420","encontrado",200,"2026/09/08 16:18:06",,4,FALSE
"10.1080/02615479.2024.2358845","encontrado",200,"2026/10/05 17:33:18",,2,FALSE
"10.1080/02671522.2024.2394043","encontrado",200,"2026/10/05 17:33:19",,5,FALSE
"10.1080/03075079.2017.1359248","encontrado",200,"2026/10/05 17:33:20",,5,FALSE
"10.1080/03075079.2024.2363512","encontrado",200,"2026/10/05 17:33:20",,6,FALSE
"10.1080/03098265.2017.1290590","encontrado",200,"2026/09/08 16:18:06",,5,FALSE
"10.1080/03122417.2019.1571294","encontrado",200,"2026/10/05 17:33:21",,3,FALSE
"10.1080/03601277.2021.2004507","encontrado",200,"2026/09/08 16:18:07",,7,FALSE
"10.1080/07317115.2023.2173692","encontrado",200,"2026/10/05 17:33:22",,3,FALSE
"10.1080/08827508.2021.2023520","encontrado",200,"2026/10/05 17:33:23",,4,FALSE
"10.1080/08854300.2024.2375792","encontrado",200,"2026/09/08 16:18:08",,1,FALSE
"10.1080/08869634.2019.1603795","encontrado",200,"2026/09/08 16:18:08",,3,FALSE
"10.1080/08869634.2021.1987040","encontrado",200,"2026/10/05 17:33:23",,3,FALSE
"10.1080/08912963.2018.1525366","encontrado",200,"2026/10/05 17:33:24",,8,FALSE
"10.1080/08920753.2020.1773212","encontrado",200,"2026/10/05 17:33:25",,8,FALSE
"10.1080/09243453.2015.1083038","encontrado",200,"2026/10/05 17:33:25",,4,FALSE
"10.1080/09243453.2016.1150861","encontrado",200,"2026/10/05 17:33:26",,3,FALSE
"10.1080/09243453.2019.1652191","encontrado",200,"2026/10/05 17:33:27",,4,FALSE
"10.1080/09243453.2022.2096645","encontrado",200,"2026/10/05 17:33:27",,3,FALSE
"10.1080/09548963.2022.2066507","encontrado",200,"2026/09/08 16:18:09",,2,FALSE
"10.1080/09575146.2020.1736008","encontrado",200,"2026/10/05 17:33:28",,2,FALSE
"10.1080/09575146.2024.2379026","encontrado",200,"2026/09/08 16:18:10",,2,FALSE
"10.1080/09575146.2024.2411379","encontrado",200,"2026/09/08 16:18:10",,2,FALSE
"10.1080/09575146.2024.2427477","encontrado",200,"2026/10/05 17:33:29",,3,FALSE
"10.1080/09612025.2015.1071566","encontrado",200,"2026/10/05 17:33:29",,1,FALSE
"10.1080/10447318.2024.2365484","encontrado",200,"2026/10/05 17:33:30",,2,FALSE
"10.1080/1047840x.2023.2274403","encontrado",200,"2026/10/05 17:33:31",,2,FALSE
"10.1080/10503307.2017.1380864","encontrado",200,"2026/10/05 17:33:31",,7,FALSE
"10.1080/10503307.2021.1876946","encontrado",200,"2026/10/05 17:33:32",,6,FALSE
"10.1080/10538712.2015.1088915","encontrado",200,"2026/10/05 17:33:33",,7,FALSE
"10.1080/10538712.2024.2304241","encontrado",200,"2026/10/05 17:33:34",,4,FALSE
"10.1080/10538712.2025.2494013","encontrado",200,"2026/09/08 16:18:11",,5,FALSE
"10.1080/1070289x.2019.1658394","encontrado",200,"2026/09/08 16:18:12",,2,FALSE
"10.1080/10720537.2016.1227737","encontrado",200,"2026/10/05 17:33:34",,1,FALSE
"10.1080/10720537.2020.1864690","encontrado",200,"2026/09/08 16:18:12",,1,FALSE
"10.1080/10871209.2023.2263774","encontrado",200,"2026/10/05 17:33:35",,9,FALSE
"10.1080/13229400.2022.2080101","encontrado",200,"2026/10/05 17:33:36",,4,FALSE
"10.1080/13500775.2025.2540218","encontrado",200,"2026/09/08 16:18:13",,2,FALSE
"10.1080/13504630.2021.1931091","encontrado",200,"2026/10/05 17:33:36",,1,FALSE
"10.1080/13504630.2021.1931093","encontrado",200,"2026/09/08 16:18:13",,4,FALSE
"10.1080/13527258.2025.2496875","encontrado",200,"2026/09/08 16:18:14",,2,FALSE
"10.1080/13540602.2017.1388228","encontrado",200,"2026/10/05 17:33:37",,1,FALSE
"10.1080/13569325.2019.1639039","encontrado",200,"2026/10/05 17:33:38",,1,FALSE
"10.1080/13603124.2025.2559751","encontrado",200,"2026/10/05 17:33:38",,5,FALSE
"10.1080/13604813.2025.2517452","encontrado",200,"2026/10/05 17:33:39",,10,FALSE
"10.1080/13607863.2018.1531378","encontrado",200,"2026/09/08 16:18:15",,7,FALSE
"10.1080/13632434.2024.2317787","encontrado",200,"2026/10/05 17:33:40",,4,FALSE
"10.1080/13676261.2019.1636011","encontrado",200,"2026/10/05 17:33:41",,2,FALSE
"10.1080/13691457.2018.1529657","encontrado",200,"2026/10/05 17:33:41",,1,FALSE
"10.1080/1369183x.2018.1497953","encontrado",200,"2026/10/05 17:33:42",,2,FALSE
"10.1080/13803395.2023.2221399","encontrado",200,"2026/10/05 17:33:43",,11,FALSE
"10.1080/14702541.2024.2414024","encontrado",200,"2026/10/05 17:33:43",,4,FALSE
"10.1080/14733285.2021.1900543","encontrado",200,"2026/09/08 16:18:16",,2,FALSE
"10.1080/14742837.2020.1867093","encontrado",200,"2026/10/05 17:33:44",,4,FALSE
"10.1080/14742837.2023.2171383","encontrado",200,"2026/10/05 17:33:45",,2,FALSE
"10.1080/14780887.2022.2141669","encontrado",200,"2026/10/05 17:33:45",,2,FALSE
"10.1080/1533015x.2025.2597539","encontrado",200,"2026/09/08 16:18:16",,11,FALSE
"10.1080/15405702.2017.1378890","encontrado",200,"2026/10/05 17:33:46",,2,FALSE
"10.1080/15546128.2025.2499040","encontrado",200,"2026/10/05 17:33:47",,5,FALSE
"10.1080/15564886.2020.1747580","encontrado",200,"2026/10/05 17:33:47",,4,FALSE
"10.1080/15564894.2023.2268551","encontrado",200,"2026/10/05 17:33:48",,12,FALSE
"10.1080/15700763.2019.1695851","encontrado",200,"2026/10/05 17:33:49",,3,FALSE
"10.1080/1600910x.2020.1713187","encontrado",200,"2026/10/06 10:15:32",,1,FALSE
"10.1080/17445647.2023.2217514","encontrado",200,"2026/10/05 17:33:50",,3,FALSE
"10.1080/17457823.2020.1858322","encontrado",200,"2026/09/08 16:18:17",,3,FALSE
"10.1080/1751696x.2019.1645529","encontrado",200,"2026/10/05 17:33:50",,1,FALSE
"10.1080/17535069.2022.2080582","encontrado",200,"2026/10/05 17:33:51",,2,FALSE
"10.1080/19317611.2022.2053921","encontrado",200,"2026/10/05 17:33:52",,1,FALSE
"10.1080/19485565.2021.1879626","encontrado",200,"2026/09/08 16:18:18",,25,FALSE
"10.1080/20555563.2015.1137678","encontrado",200,"2026/10/05 17:33:53",,6,FALSE
"10.1080/20555563.2019.1697919","encontrado",200,"2026/09/08 16:18:18",,3,FALSE
"10.1080/20555563.2024.2327129","encontrado",200,"2026/10/05 17:33:53",,5,FALSE
"10.1080/21582041.2018.1460487","encontrado",200,"2026/10/05 17:33:54",,2,FALSE
"10.1080/2159032x.2022.2110375","encontrado",200,"2026/10/05 17:33:55",,2,FALSE
"10.1080/21598282.2024.2364160","encontrado",200,"2026/09/08 16:18:19",,2,FALSE
"10.1080/23288604.2017.1353844","encontrado",200,"2026/10/05 17:33:55",,11,FALSE
"10.1080/2331186x.2023.2292825","encontrado",200,"2026/10/05 17:33:56",,5,FALSE
"10.1080/23802014.2022.2065025","encontrado",200,"2026/10/05 17:33:57",,2,FALSE
"10.1080/25729861.2019.1608038","encontrado",200,"2026/10/05 17:33:58",,4,FALSE
"10.1080/25729861.2025.2502726","encontrado",200,"2026/10/05 17:33:58",,2,FALSE
"10.1080/26395916.2020.1845804","encontrado",200,"2026/10/05 17:33:59",,13,FALSE
"10.1080/87565641.2019.1706519","encontrado",200,"2026/10/05 17:34:00",,11,FALSE
"10.1093/bjsw/bcaa132","encontrado",200,"2026/10/05 17:34:00",,2,FALSE
"10.1093/bjsw/bcac109","encontrado",200,"2026/10/05 17:34:01",,5,FALSE
"10.1093/bjsw/bcac247","encontrado",200,"2026/09/08 16:18:20",,2,FALSE
"10.1093/bjsw/bcae161","encontrado",200,"2026/09/08 16:18:20",,5,FALSE
"10.1093/bjsw/bcaf268","encontrado",200,"2026/10/05 17:34:02",,1,FALSE
"10.1093/gbe/evae196","encontrado",200,"2026/10/05 17:34:02",,7,FALSE
"10.1093/geronb/gbac054","encontrado",200,"2026/10/05 17:34:03",,5,FALSE
"10.1093/ijtj/ijab035","encontrado",200,"2026/10/05 17:34:04",,5,FALSE
"10.1093/jhc/fhw031","encontrado",200,"2026/10/05 17:34:05",,3,FALSE
"10.1093/sexmed/qfae084","encontrado",200,"2026/10/05 17:34:05",,18,FALSE
"10.1093/sexmed/qfaf010","encontrado",200,"2026/10/05 17:34:06",,18,FALSE
"10.1093/sp/jxab054","encontrado",200,"2026/10/05 17:34:07",,1,FALSE
"10.1098/rsfs.2020.0085","encontrado",200,"2026/10/05 17:34:08",,2,FALSE
"10.1098/rsos.180825","encontrado",200,"2026/10/05 17:34:08",,3,FALSE
"10.1098/rsos.191558","encontrado",200,"2026/10/05 17:34:09",,11,FALSE
"10.1101/lm.048090.118","encontrado",200,"2026/10/05 17:34:10",,4,FALSE
"10.1101/lm.048108.118","encontrado",200,"2026/10/05 17:34:10",,4,FALSE
"10.1104/pp.17.01516","encontrado",200,"2026/10/05 17:34:11",,9,FALSE
"10.1108/qaoa-04-2024-0021","encontrado",200,"2026/09/08 16:18:21",,5,FALSE
"10.1108/qrj-11-2024-0268","encontrado",200,"2026/10/05 17:34:12",,3,FALSE
"10.1108/s0163-786x20160000039008","encontrado",200,"2026/10/05 17:34:12",,1,FALSE
"10.1111/1468-0424.12671","encontrado",200,"2026/10/05 17:34:13",,3,FALSE
"10.1111/1468-2427.13330","encontrado",200,"2026/10/05 17:34:14",,4,FALSE
"10.1111/1468-4446.12744","encontrado",200,"2026/10/06 10:15:33",,1,FALSE
"10.1111/anti.13106","encontrado",200,"2026/10/05 17:34:14",,2,FALSE
"10.1111/apa.17465","encontrado",200,"2026/10/05 17:34:15",,3,FALSE
"10.1111/arcm.12862","encontrado",200,"2026/10/05 17:34:16",,6,FALSE
"10.1111/blar.12956","encontrado",200,"2026/10/05 17:34:16",,3,FALSE
"10.1111/blar.13331","encontrado",200,"2026/10/05 17:34:17",,2,FALSE
"10.1111/cars.12468","encontrado",200,"2026/10/05 17:34:18",,1,FALSE
"10.1111/cdoe.12879","encontrado",200,"2026/10/05 17:34:18",,5,FALSE
"10.1111/chso.12458","encontrado",200,"2026/10/05 17:34:19",,2,FALSE
"10.1111/fare.12723","encontrado",200,"2026/10/05 17:34:20",,4,FALSE
"10.1111/glob.12437","encontrado",200,"2026/10/05 17:34:21",,4,FALSE
"10.1111/ilr.12408","encontrado",200,"2026/10/05 17:34:21",,2,FALSE
"10.1111/ilrs.12256","encontrado",200,"2026/10/05 17:34:22",,2,FALSE
"10.1111/infa.12484","encontrado",200,"2026/09/08 16:18:22",,5,FALSE
"10.1111/jasp.12378","encontrado",200,"2026/10/05 17:34:23",,3,FALSE
"10.1111/jasp.12995","encontrado",200,"2026/10/05 17:34:23",,9,FALSE
"10.1111/jlca.12695","encontrado",200,"2026/10/05 17:34:24",,7,FALSE
"10.1111/joa.12664","encontrado",200,"2026/10/05 17:34:25",,5,FALSE
"10.1111/joor.12747","encontrado",200,"2026/10/05 17:34:26",,8,FALSE
"10.1111/lamp.12367","encontrado",200,"2026/10/05 17:34:26",,9,FALSE
"10.1111/polp.70007","encontrado",200,"2026/10/05 17:34:27",,3,FALSE
"10.1111/pops.12747","encontrado",200,"2026/10/05 17:34:28",,5,FALSE
"10.1111/socf.12426","encontrado",200,"2026/10/05 17:34:28",,2,FALSE
"10.1111/spol.13153","encontrado",200,"2026/10/05 17:34:29",,6,FALSE
"10.1111/ssqu.12539","encontrado",200,"2026/10/06 09:41:47",,3,FALSE
"10.1111/ssqu.13203","encontrado",200,"2026/10/06 09:41:48",,3,FALSE
"10.1111/var.70014","encontrado",200,"2026/10/06 09:41:49",,2,FALSE
"10.11144/javeriana.ayd21-41.spcc","encontrado",200,"2026/09/08 16:18:22",,3,FALSE
"10.11144/javeriana.cdr20.rhpp","encontrado",200,"2026/10/06 09:41:50",,11,FALSE
"10.11144/javeriana.m14.hpml","encontrado",200,"2026/10/06 09:41:51",,2,FALSE
"10.11144/javeriana.m15.eefi","encontrado",200,"2026/09/08 16:18:23",,4,FALSE
"10.11144/javeriana.m9-18.leec","encontrado",200,"2026/09/08 16:18:23",,4,FALSE
"10.11144/javeriana.mavae11-2.cpff","encontrado",200,"2026/10/06 09:41:52",,1,FALSE
"10.11144/javeriana.uh82.msre","encontrado",200,"2026/10/06 09:41:52",,1,FALSE
"10.11144/javeriana.uh86.fmie","encontrado",200,"2026/09/08 16:18:24",,2,FALSE
"10.11144/javeriana.up14-5.emlm","encontrado",200,"2026/10/06 09:41:53",,4,FALSE
"10.11144/javeriana.up14-5.grie","encontrado",200,"2026/10/06 09:41:54",,2,FALSE
"10.11144/javeriana.upsy14-4.ipsm","encontrado",200,"2026/10/06 09:41:54",,5,FALSE
"10.11144/javeriana.upsy16-5.ipet","encontrado",200,"2026/10/06 09:41:55",,4,FALSE
"10.11144/javeriana.upsy17-2.pcpc","encontrado",200,"2026/09/08 16:18:25",,3,FALSE
"10.11144/javeriana.upsy18-3.vgpa","encontrado",200,"2026/09/08 16:18:25",,2,FALSE
"10.11144/javeriana.upsy19.rcse","encontrado",200,"2026/10/06 09:41:56",,3,FALSE
"10.11156/aibr.160107","encontrado",200,"2026/10/06 09:41:56",,6,FALSE
"10.1126/sciadv.aau4921","encontrado",200,"2026/10/06 09:41:57",,14,FALSE
"10.1126/sciadv.abn8351","encontrado",200,"2026/10/06 09:41:58",,6,FALSE
"10.1127/anthranz/2022/1543","encontrado",200,"2026/09/08 16:18:26",,10,FALSE
"10.1127/homo/2021/1320","encontrado",200,"2026/09/08 16:18:27",,8,FALSE
"10.1155/2017/1357180","encontrado",200,"2026/10/06 09:41:59",,2,FALSE
"10.11588/xxi.2023.2.96035","encontrado",200,"2026/10/06 09:41:59",,1,FALSE
"10.11600/1692715x.1512307032016","encontrado",200,"2026/10/06 09:42:00",,3,FALSE
"10.11600/1692715x.18206","encontrado",200,"2026/09/08 16:18:27",,5,FALSE
"10.11600/rlcsnj.19.2.4448","encontrado",200,"2026/09/08 16:18:28",,5,FALSE
"10.11600/rlcsnj.20.2.5070","encontrado",200,"2026/09/08 16:18:29",,2,FALSE
"10.11600/rlcsnj.20.2.5326","encontrado",200,"2026/10/06 09:42:01",,3,FALSE
"10.11600/rlcsnj.21.3.6079","encontrado",200,"2026/10/06 09:42:01",,2,FALSE
"10.11600/rlcsnj.21.3.e2","encontrado",200,"2026/10/06 09:42:02",,9,FALSE
"10.11606/0103-2070.ts.2019.137514","encontrado",200,"2026/09/08 16:18:29",,2,FALSE
"10.11606/0103-2070.ts.2021.176170","encontrado",200,"2026/09/08 16:18:30",,3,FALSE
"10.11606/issn.2176-8099.pcso.2023.205659","encontrado",200,"2026/10/06 09:42:03",,2,FALSE
"10.1163/18722636-12341555","encontrado",200,"2026/10/06 10:15:34",,1,FALSE
"10.1163/24714607-bja10063","encontrado",200,"2026/09/08 16:18:31",,3,FALSE
"10.1177/0002764220941214","encontrado",200,"2026/10/06 09:42:04",,4,FALSE
"10.1177/0011392115590489","encontrado",200,"2026/10/06 09:42:05",,2,FALSE
"10.1177/0011392117749685","encontrado",200,"2026/10/06 09:42:05",,2,FALSE
"10.1177/0011392120932953","encontrado",200,"2026/10/06 09:42:06",,3,FALSE
"10.1177/00113921211056052","encontrado",200,"2026/10/06 09:42:07",,2,FALSE
"10.1177/00113921251332200","encontrado",200,"2026/10/06 09:42:07",,1,FALSE
"10.1177/00207152231163846","encontrado",200,"2026/10/06 09:42:08",,1,FALSE
"10.1177/0020872807077911","encontrado",200,"2026/10/06 09:42:09",,1,FALSE
"10.1177/0020872816631601","encontrado",200,"2026/10/06 09:42:09",,5,FALSE
"10.1177/0020872816664965","encontrado",200,"2026/10/06 09:42:10",,1,FALSE
"10.1177/00221856241269660","encontrado",200,"2026/10/06 09:42:11",,2,FALSE
"10.1177/00332941251340331","encontrado",200,"2026/10/06 09:42:11",,5,FALSE
"10.1177/0038038520949831","encontrado",200,"2026/10/06 10:15:35",,1,FALSE
"10.1177/00420980231179349","encontrado",200,"2026/10/06 09:42:12",,1,FALSE
"10.1177/0044118x17741024","encontrado",200,"2026/10/06 09:42:13",,3,FALSE
"10.1177/0049124114566716","encontrado",200,"2026/10/06 09:42:13",,3,FALSE
"10.1177/0049124118769090","encontrado",200,"2026/10/06 09:42:14",,4,FALSE
"10.1177/0094582x16682757","encontrado",200,"2026/10/06 09:42:15",,2,FALSE
"10.1177/0094582x211013009","encontrado",200,"2026/10/06 09:42:15",,1,FALSE
"10.1177/0094582x221099464","encontrado",200,"2026/10/06 09:42:16",,2,FALSE
"10.1177/0094582x221129835","encontrado",200,"2026/10/06 09:42:17",,2,FALSE
"10.1177/0094582x241230040","encontrado",200,"2026/10/06 09:42:17",,2,FALSE
"10.1177/01417789231221748","encontrado",200,"2026/09/08 16:18:31",,11,FALSE
"10.1177/0143034317695378","encontrado",200,"2026/10/06 09:42:18",,2,FALSE
"10.1177/0143831x221148235","encontrado",200,"2026/10/06 09:42:19",,1,FALSE
"10.1177/0145445516645766","encontrado",200,"2026/10/06 09:42:19",,7,FALSE
"10.1177/0192513x211022396","encontrado",200,"2026/10/06 09:42:20",,1,FALSE
"10.1177/02103702231224653","encontrado",200,"2026/09/08 16:18:32",,4,FALSE
"10.1177/0261018318766509","encontrado",200,"2026/10/06 09:42:21",,2,FALSE
"10.1177/0261018320929644","encontrado",200,"2026/10/06 09:42:22",,2,FALSE
"10.1177/02632764231201333","encontrado",200,"2026/10/06 10:15:36",,1,FALSE
"10.1177/02685809251355407","encontrado",200,"2026/10/06 09:42:22",,4,FALSE
"10.1177/0272431618824714","encontrado",200,"2026/10/06 09:42:23",,4,FALSE
"10.1177/03098168211054799","encontrado",200,"2026/10/06 09:42:24",,2,FALSE
"10.1177/07255136241256981","encontrado",200,"2026/10/06 09:42:24",,2,FALSE
"10.1177/07334648221125199","encontrado",200,"2026/10/06 09:42:25",,3,FALSE
"10.1177/07334648231158484","encontrado",200,"2026/10/06 09:42:26",,2,FALSE
"10.1177/08861099221079391","encontrado",200,"2026/10/06 09:42:26",,3,FALSE
"10.1177/08861099221148155","encontrado",200,"2026/10/06 09:42:27",,2,FALSE
"10.1177/08861099241269893","encontrado",200,"2026/10/06 09:42:28",,2,FALSE
"10.1177/0886260520903132","encontrado",200,"2026/09/08 16:18:32",,3,FALSE
"10.1177/0886260520906177","encontrado",200,"2026/10/06 09:42:29",,4,FALSE
"10.1177/0896920515585609","encontrado",200,"2026/10/06 09:42:29",,1,FALSE
"10.1177/0896920519842372","encontrado",200,"2026/10/06 09:42:30",,2,FALSE
"10.1177/09593535221143595","encontrado",200,"2026/09/08 16:18:33",,2,FALSE
"10.1177/0959354317706272","encontrado",200,"2026/10/06 09:42:31",,3,FALSE
"10.1177/09593543211002267","encontrado",200,"2026/09/08 16:18:34",,2,FALSE
"10.1177/09596801221133453","encontrado",200,"2026/10/06 09:42:31",,1,FALSE
"10.1177/0961463x17752284","encontrado",200,"2026/10/06 09:42:32",,1,FALSE
"10.1177/1049732316652529","encontrado",200,"2026/09/08 16:18:34",,3,FALSE
"10.1177/10731911241259560","encontrado",200,"2026/10/06 09:42:33",,68,FALSE
"10.1177/1077800415615622","encontrado",200,"2026/10/06 09:42:34",,30,FALSE
"10.1177/10870547231215518","encontrado",200,"2026/10/06 09:42:34",,68,FALSE
"10.1177/10892680241306055","encontrado",200,"2026/10/06 09:42:35",,27,FALSE
"10.1177/1103308819886467","encontrado",200,"2026/10/06 09:42:36",,1,FALSE
"10.1177/1359183517702683","encontrado",200,"2026/10/06 09:42:37",,1,FALSE
"10.1177/1360780419840028","encontrado",200,"2026/10/06 09:42:37",,3,FALSE
"10.1177/1368430217751631","encontrado",200,"2026/10/06 09:42:38",,5,FALSE
"10.1177/1368431020919348","encontrado",200,"2026/10/06 10:15:37",,1,FALSE
"10.1177/13684310221135500","encontrado",200,"2026/10/06 10:15:37",,1,FALSE
"10.1177/1440783321997563","encontrado",200,"2026/10/06 10:15:38",,1,FALSE
"10.1177/14604582221135440","encontrado",200,"2026/10/06 09:42:38",,11,FALSE
"10.1177/14634996241277410","encontrado",200,"2026/10/06 09:42:39",,3,FALSE
"10.1177/14680173251318557","encontrado",200,"2026/10/06 09:42:40",,5,FALSE
"10.1177/14695405221100383","encontrado",200,"2026/10/06 09:42:41",,1,FALSE
"10.1177/1469605307077480","encontrado",200,"2026/10/06 09:42:41",,1,FALSE
"10.1177/1473325020973293","encontrado",200,"2026/10/06 09:42:42",,3,FALSE
"10.1177/14733250211071050","encontrado",200,"2026/10/06 09:42:43",,2,FALSE
"10.1177/1474704917749172","encontrado",200,"2026/09/08 16:18:35",,5,FALSE
"10.1177/1476750315607608","encontrado",200,"2026/09/08 16:18:36",,3,FALSE
"10.1177/14767503251320614","encontrado",200,"2026/10/06 09:42:43",,4,FALSE
"10.1177/15346501251324920","encontrado",200,"2026/10/06 09:42:44",,9,FALSE
"10.1177/1609406919849355","encontrado",200,"2026/10/06 09:42:45",,3,FALSE
"10.1177/1750698017693667","encontrado",200,"2026/09/08 16:18:37",,4,FALSE
"10.1177/1750698020982036","encontrado",200,"2026/10/06 09:42:46",,3,FALSE
"10.1177/1757975914566890","encontrado",200,"2026/09/08 16:18:37",,2,FALSE
"10.1177/1757975920986700","encontrado",200,"2026/10/06 09:42:46",,6,FALSE
"10.1177/17579759241232867","encontrado",200,"2026/10/06 09:42:47",,3,FALSE
"10.1177/1866802x211073914","encontrado",200,"2026/10/06 09:42:48",,2,FALSE
"10.1177/1866802x221127712","encontrado",200,"2026/10/06 09:42:48",,4,FALSE
"10.1177/21582440231164283","encontrado",200,"2026/10/06 09:42:49",,2,FALSE
"10.1186/s12877-020-01866-4","encontrado",200,"2026/10/06 09:42:50",,18,FALSE
"10.1186/s12884-025-07747-1","encontrado",200,"2026/10/06 09:42:51",,7,FALSE
"10.1186/s12888-021-03380-2","encontrado",200,"2026/09/08 16:18:38",,9,FALSE
"10.1186/s12888-022-03749-x","encontrado",200,"2026/10/06 09:42:51",,8,FALSE
"10.1186/s12888-023-05417-0","encontrado",200,"2026/09/08 16:18:39",,9,FALSE
"10.1186/s12888-024-05501-z","encontrado",200,"2026/09/08 16:18:39",,9,FALSE
"10.1186/s12888-024-05631-4","encontrado",200,"2026/09/08 16:18:40",,8,FALSE
"10.1186/s12889-025-24936-x","encontrado",200,"2026/09/08 16:18:41",,5,FALSE
"10.1186/s13063-024-08191-w","encontrado",200,"2026/09/08 16:18:42",,4,FALSE
"10.1186/s13690-024-01480-5","encontrado",200,"2026/10/06 09:42:52",,14,FALSE
"10.1186/s40659-020-00284-5","encontrado",200,"2026/09/08 16:18:42",,32,FALSE
"10.1215/07402775-3712909","encontrado",200,"2026/10/06 09:42:53",,5,FALSE
"10.1215/23289252-7348482","encontrado",200,"2026/10/06 09:42:53",,3,FALSE
"10.12759/hsr.41.2016.2.135-154","encontrado",200,"2026/10/06 09:42:54",,6,FALSE
"10.12800/ccd.v19i61.2104","encontrado",200,"2026/09/08 16:18:43",,4,FALSE
"10.12804/revistas.urosario.edu.co/apl/a.5727","encontrado",200,"2026/10/06 09:42:54",,5,FALSE
"10.12804/revistas.urosario.edu.co/desafios/a.14415","encontrado",200,"2026/10/06 09:42:55",,3,FALSE
"10.12804/revistas.urosario.edu.co/desafios/des.v36i1","encontrado",200,"2026/10/06 09:42:56",,0,FALSE
"10.12804/revistas.urosario.edu.co/territorios/a.11245","encontrado",200,"2026/09/08 16:18:44",,2,FALSE
"10.12804/revistas.urosario.edu.co/territorios/a.12178","encontrado",200,"2026/09/08 16:18:45",,3,FALSE
"10.12804/revistas.urosario.edu.co/territorios/n.trt.vi51","encontrado",200,"2026/10/06 09:42:56",,0,FALSE
"10.12835/ve2019.1-0158","encontrado",200,"2026/10/06 09:42:57",,2,FALSE
"10.12957/rep.2017.32742","encontrado",200,"2026/10/06 09:42:58",,6,FALSE
"10.12957/rep.2019.45215","encontrado",200,"2026/10/05 09:29:24",,3,FALSE
"10.12957/rep.2019.45217","encontrado",200,"2026/10/06 09:42:59",,1,FALSE
"10.12957/rep.2025.89044","encontrado",200,"2026/10/06 09:42:59",,1,FALSE
"10.12973/ijem.10.1.801","encontrado",200,"2026/10/06 09:43:00",,4,FALSE
"10.13001/jwcs.v3i1.6123","encontrado",200,"2026/10/06 09:43:00",,1,FALSE
"10.13044/j.sdewes.d13.0585","encontrado",200,"2026/10/06 09:43:01",,6,FALSE
"10.13140/rg.2.2.13240.85760","encontrado",200,"2026/10/06 09:43:02",,4,FALSE
"10.13140/rg.2.2.20740.48001","encontrado",200,"2026/10/06 09:43:02",,4,FALSE
"10.13140/rg.2.2.26394.62400","encontrado",200,"2026/10/06 09:43:03",,3,FALSE
"10.13140/rg.2.2.29618.62408","encontrado",200,"2026/10/06 09:43:03",,2,FALSE
"10.13169/worlrevipoliecon.16.2.0004","encontrado",200,"2026/09/08 16:18:45",,2,FALSE
"10.1332/17579597y2024d000000022","encontrado",200,"2026/10/06 09:43:04",,3,FALSE
"10.1332/175982718x15375193954389","encontrado",200,"2026/10/06 09:43:05",,3,FALSE
"10.1332/204674321x16738521866297","encontrado",200,"2026/10/06 09:43:05",,3,FALSE
"10.1332/204986021x16231574915707","encontrado",200,"2026/10/06 09:43:06",,3,FALSE
"10.1332/204986021x16526941529341","encontrado",200,"2026/10/06 09:43:07",,2,FALSE
"10.1332/23978821y2024d000000026","encontrado",200,"2026/10/06 09:43:07",,4,FALSE
"10.1332/239788224x17047161316260","encontrado",200,"2026/10/06 09:43:08",,1,FALSE
"10.1344/musas2021.vol6.num2.8","encontrado",200,"2026/10/06 09:43:09",,3,FALSE
"10.1344/sn2020.24.22465","encontrado",200,"2026/10/06 09:43:09",,4,FALSE
"10.1352/1934-9556-61.5.399","encontrado",200,"2026/09/08 16:18:46",,3,FALSE
"10.1371/journal.pgph.0000763","encontrado",200,"2026/09/08 16:18:47",,6,FALSE
"10.1371/journal.pone.0152663","encontrado",200,"2026/10/06 09:43:10",,4,FALSE
"10.1371/journal.pone.0210369","encontrado",200,"2026/10/06 09:43:11",,5,FALSE
"10.1371/journal.pone.0215436","encontrado",200,"2026/10/06 09:43:12",,3,FALSE
"10.1371/journal.pone.0216229","encontrado",200,"2026/10/06 09:43:12",,3,FALSE
"10.1371/journal.pone.0216626","encontrado",200,"2026/10/06 09:43:13",,19,FALSE
"10.1371/journal.pone.0227362","encontrado",200,"2026/09/08 16:18:47",,3,FALSE
"10.1371/journal.pone.0233113","encontrado",200,"2026/09/08 16:18:48",,8,FALSE
"10.1371/journal.pone.0251309","encontrado",200,"2026/10/06 09:43:14",,6,FALSE
"10.1386/ctl_00113_1","encontrado",200,"2026/10/06 09:43:14",,4,FALSE
"10.1387/pceic.21912","encontrado",200,"2026/10/06 09:43:15",,2,FALSE
"10.1387/pceic.26853","encontrado",200,"2026/10/06 09:43:16",,1,FALSE
"10.14198/altern.22646","encontrado",200,"2026/09/08 16:18:49",,3,FALSE
"10.14198/altern.23216","encontrado",200,"2026/10/06 09:43:16",,3,FALSE
"10.14198/ambos.20978","encontrado",200,"2026/10/06 09:43:17",,2,FALSE
"10.14198/cuid.2022.62.13","encontrado",200,"2026/09/08 16:18:49",,4,FALSE
"10.14198/cuid.2023.65.03","encontrado",200,"2026/10/06 09:43:18",,2,FALSE
"10.14198/cuid.26727","encontrado",200,"2026/09/08 16:18:50",,3,FALSE
"10.14198/disjuntiva2022.3.1.5","encontrado",200,"2026/10/06 09:43:19",,2,FALSE
"10.14198/dissoc.13.4.7","encontrado",200,"2026/10/06 09:43:19",,6,FALSE
"10.14198/dissoc.14.2.2","encontrado",200,"2026/10/06 09:43:20",,2,FALSE
"10.14198/dissoc.19.2.5","encontrado",200,"2026/10/06 09:43:21",,3,FALSE
"10.14198/jhse.2021.161.09","encontrado",200,"2026/10/06 09:43:21",,4,FALSE
"10.14201/scero.31797","encontrado",200,"2026/10/06 09:43:22",,3,FALSE
"10.14201/scero20174826179","encontrado",200,"2026/09/08 16:18:51",,2,FALSE
"10.14201/scero202051299117","encontrado",200,"2026/10/06 09:43:23",,7,FALSE
"10.14288/tci.v14i1-2.189932","encontrado",200,"2026/10/06 09:43:23",,1,FALSE
"10.14349/rlp.2023.v55.5","encontrado",200,"2026/10/06 09:43:24",,10,FALSE
"10.14349/rlp.2025.v57.1","encontrado",200,"2026/10/06 09:43:25",,8,FALSE
"10.14393/eda-v3-n1-2022-63792","encontrado",200,"2026/10/06 09:43:25",,2,FALSE
"10.14393/eda-v3-n1-2022-65434","encontrado",200,"2026/10/06 09:43:26",,3,FALSE
"10.14393/revedfil.v37n79a2023-66105","encontrado",200,"2026/10/06 09:43:27",,2,FALSE
"10.14411/eje.2024.036","encontrado",200,"2026/09/08 16:18:51",,4,FALSE
"10.14422/mig.2024.008","encontrado",200,"2026/10/06 09:43:27",,3,FALSE
"10.14422/mig.i47y2019.003","encontrado",200,"2026/09/08 16:18:52",,3,FALSE
"10.14482/memor.40.069.41","encontrado",200,"2026/10/06 09:43:28",,2,FALSE
"10.14507/epaa.26.3088","encontrado",200,"2026/10/06 09:43:29",,8,FALSE
"10.14507/epaa.27.3842","encontrado",200,"2026/09/08 16:18:53",,3,FALSE
"10.14507/epaa.27.4269","encontrado",200,"2026/10/06 09:43:30",,4,FALSE
"10.14507/epaa.28.3884","encontrado",200,"2026/09/08 16:18:53",,3,FALSE
"10.14507/epaa.29.5953","encontrado",200,"2026/10/06 09:43:30",,3,FALSE
"10.14507/epaa.32.8589","encontrado",200,"2026/09/08 16:18:54",,3,FALSE
"10.14516/fde.918","encontrado",200,"2026/09/08 16:18:55",,2,FALSE
"10.14718/acp.2019.22.1.13","encontrado",200,"2026/10/06 09:43:31",,4,FALSE
"10.14718/acp.2023.26.2.7","encontrado",200,"2026/09/08 16:18:55",,4,FALSE
"10.14718/acp.2025.28.1","encontrado",200,"2026/10/06 09:43:32",,3,FALSE
"10.14718/revfinanzpolitecon.v15.n2.2023.6","encontrado",200,"2026/09/08 16:18:56",,2,FALSE
"10.14786/flr.v6i1.328","encontrado",200,"2026/10/06 09:43:32",,5,FALSE
"10.1515/opar-2018-0026","encontrado",200,"2026/10/06 09:43:33",,3,FALSE
"10.15173/glj.v11i1.4217","encontrado",200,"2026/10/06 09:43:34",,2,FALSE
"10.15184/aqy.2017.87","encontrado",200,"2026/09/08 16:18:56",,8,FALSE
"10.15184/aqy.2024.188","encontrado",200,"2026/10/06 09:43:34",,13,FALSE
"10.15210/norus.v9i15.21667","encontrado",200,"2026/10/06 10:15:39",,1,FALSE
"10.15210/tes.v5i1.11025","encontrado",200,"2026/10/06 09:43:35",,3,FALSE
"10.1525/cs.2022.55639","encontrado",200,"2026/10/06 10:15:39",,2,FALSE
"10.1525/elementa.293","encontrado",200,"2026/10/06 09:43:36",,13,FALSE
"10.1525/elementa.329","encontrado",200,"2026/10/06 09:43:36",,9,FALSE
"10.15257/ehquidad.2021.0018","encontrado",200,"2026/10/06 09:43:37",,6,FALSE
"10.15257/ehquidad.2022.0010","encontrado",200,"2026/10/06 09:43:38",,3,FALSE
"10.15332/21459169.10278","encontrado",200,"2026/10/06 09:43:38",,2,FALSE
"10.15332/21459169.10279","encontrado",200,"2026/10/06 09:43:39",,5,FALSE
"10.15332/s1794-3841.2018.0029.05","encontrado",200,"2026/10/06 09:43:40",,2,FALSE
"10.15366/archaeofauna2019.28.007","encontrado",200,"2026/09/08 16:18:57",,3,FALSE
"10.15366/reice2021.19.1.003","encontrado",200,"2026/09/08 16:18:58",,4,FALSE
"10.15366/reps2025.10.1.007","encontrado",200,"2026/10/06 09:43:40",,6,FALSE
"10.15366/riejs2020.9.2.016","encontrado",200,"2026/10/06 09:43:41",,4,FALSE
"10.15366/riejs2023.12.2.008","encontrado",200,"2026/09/08 16:18:58",,2,FALSE
"10.15381/dds.n11.25861","encontrado",200,"2026/09/08 16:18:59",,1,FALSE
"10.15446/bitacora.v31n1.87679","encontrado",200,"2026/10/06 09:43:42",,3,FALSE
"10.15446/bitacora.v31n3.86827","encontrado",200,"2026/09/08 16:19:00",,5,FALSE
"10.15446/rsap.v21n4.66794","encontrado",200,"2026/10/06 09:43:42",,5,FALSE
"10.15448/1677-9509.2021.1.40910","encontrado",200,"2026/10/06 09:43:43",,2,FALSE
"10.15517/aie.v18i2.33174","encontrado",200,"2026/10/06 09:43:44",,3,FALSE
"10.15517/revedu.v44i2.38492","encontrado",200,"2026/10/06 09:43:44",,2,FALSE
"10.1556/2006.2023.00028","encontrado",200,"2026/10/06 09:43:45",,72,FALSE
"10.1556/2006.2024.00040","encontrado",200,"2026/10/06 09:43:46",,70,FALSE
"10.1556/2006.2024.00054","encontrado",200,"2026/10/06 09:43:47",,71,FALSE
"10.1556/2050.2018.00004","encontrado",200,"2026/09/08 16:19:00",,5,FALSE
"10.15667/laborealxii0216cdc.","no_encontrado",404,"2026/09/08 16:19:01",,0,FALSE
"10.15688/jvolsu4.2023.4.6","encontrado",200,"2026/09/08 16:19:01",,6,FALSE
"10.15691/07194714.2019.007","encontrado",200,"2026/10/06 09:43:48",,2,FALSE
"10.1590/001152582019185","encontrado",200,"2026/10/06 09:43:49",,4,FALSE
"10.1590/0101-3173.2023.v46n1.p37","encontrado",200,"2026/10/06 09:43:49",,1,FALSE
"10.1590/0102-311x00128419","encontrado",200,"2026/09/08 16:19:02",,3,FALSE
"10.1590/0102-311x00199819","encontrado",200,"2026/10/06 09:43:50",,1,FALSE
"10.1590/0102-311x00333720","encontrado",200,"2026/10/06 09:43:51",,5,FALSE
"10.1590/0102-311xes161324","encontrado",200,"2026/09/08 16:19:03",,6,FALSE
"10.1590/0102-469839693","encontrado",200,"2026/10/06 09:43:51",,2,FALSE
"10.1590/0102-469839693t","encontrado",200,"2026/10/06 09:43:52",,2,FALSE
"10.1590/0104-4060.62610","encontrado",200,"2026/10/06 09:43:53",,2,FALSE
"10.1590/1413-81232022271.31912020","encontrado",200,"2026/09/08 16:19:03",,3,FALSE
"10.1590/15174522-018004107","encontrado",200,"2026/10/06 09:43:53",,1,FALSE
"10.1590/1806-9584-2019v27n354709","encontrado",200,"2026/09/08 16:19:04",,2,FALSE
"10.1590/1806-9584-2024v32n190769","encontrado",200,"2026/10/06 09:43:54",,2,FALSE
"10.1590/1806-9584-2025v33n191805","encontrado",200,"2026/10/06 09:43:55",,4,FALSE
"10.1590/1807-0310/2018v30179978","encontrado",200,"2026/09/08 16:19:05",,3,FALSE
"10.1590/1807-0310/2022v34252029","encontrado",200,"2026/09/08 16:19:05",,4,FALSE
"10.1590/1807-0310/2022v34252086","encontrado",200,"2026/10/06 09:43:55",,5,FALSE
"10.1590/1807-0310/2022v34252086-en","encontrado",200,"2026/10/06 09:43:56",,5,FALSE
"10.1590/1807-0310/2025v37293590","encontrado",200,"2026/10/06 09:43:57",,4,FALSE
"10.1590/1980-4415v32n61a13","encontrado",200,"2026/10/06 09:43:57",,4,FALSE
"10.1590/1980-85852503880003312","encontrado",200,"2026/09/08 16:19:06",,3,FALSE
"10.1590/198053149632","encontrado",200,"2026/10/06 09:43:58",,2,FALSE
"10.1590/1982-0259.2025.e105604","encontrado",200,"2026/09/08 16:19:07",,1,FALSE
"10.1590/1984-04382024e440201","encontrado",200,"2026/09/08 16:19:07",,3,FALSE
"10.1590/1984-6487.sess.2025.29120834","encontrado",200,"2026/09/08 16:19:08",,3,FALSE
"10.1590/2175-3369.016.e20230186","encontrado",200,"2026/10/06 09:43:59",,4,FALSE
"10.1590/2175-6236118081","encontrado",200,"2026/09/08 16:19:08",,2,FALSE
"10.1590/2175-6236130073vs01","encontrado",200,"2026/10/06 09:43:59",,3,FALSE
"10.1590/2175-6236130073vs02","encontrado",200,"2026/10/06 09:44:00",,3,FALSE
"10.1590/2238-38752019v1012","encontrado",200,"2026/10/06 09:44:01",,2,FALSE
"10.1590/2358-28982024e18728e","encontrado",200,"2026/10/06 09:44:02",,5,FALSE
"10.1590/2358-28982024e18728p","encontrado",200,"2026/10/06 09:44:02",,5,FALSE
"10.1590/349918/2019","encontrado",200,"2026/10/06 09:44:03",,5,FALSE
"10.1590/39012/2024","encontrado",200,"2026/09/08 16:19:09",,5,FALSE
"10.1590/cc294025","encontrado",200,"2026/09/08 16:19:10",,4,FALSE
"10.1590/es.219509","encontrado",200,"2026/10/06 09:44:04",,2,FALSE
"10.1590/es.235922","encontrado",200,"2026/09/08 16:19:11",,3,FALSE
"10.1590/es.260346","encontrado",200,"2026/10/06 09:44:05",,3,FALSE
"10.1590/es0101-73302016146813","encontrado",200,"2026/09/08 16:19:11",,2,FALSE
"10.1590/es0101-73302018178659","encontrado",200,"2026/10/06 09:44:05",,3,FALSE
"10.1590/s0102-6992-202136030008","encontrado",200,"2026/09/08 16:19:12",,3,FALSE
"10.1590/s0102-6992-202338030004","encontrado",200,"2026/09/08 16:19:13",,2,FALSE
"10.1590/s0104-12902019000001","encontrado",200,"2026/10/06 09:44:06",,3,FALSE
"10.1590/s0104-12902019181141","encontrado",200,"2026/09/08 16:19:13",,4,FALSE
"10.1590/s0104-12902019181144","encontrado",200,"2026/10/06 09:44:07",,4,FALSE
"10.1590/s0104-12902020181168","encontrado",200,"2026/09/08 16:19:14",,3,FALSE
"10.1590/s0104-71832021000100012","encontrado",200,"2026/09/08 16:19:15",,3,FALSE
"10.1590/s1413-24782018230007","encontrado",200,"2026/09/08 16:19:15",,4,FALSE
"10.1590/s1413-24782020250030","encontrado",200,"2026/10/06 09:44:07",,2,FALSE
"10.1590/s1413-24782022270126","encontrado",200,"2026/09/08 16:19:16",,2,FALSE
"10.1590/s1678-4634202147229862","encontrado",200,"2026/10/06 09:44:08",,3,FALSE
"10.1590/s1678-4634202551288165es","encontrado",200,"2026/09/08 16:19:17",,3,FALSE
"10.1590/s1678-4634202551288246por","encontrado",200,"2026/09/08 16:19:17",,2,FALSE
"10.1659/mrd-journal-d-19-00015.1","encontrado",200,"2026/10/06 09:44:09",,4,FALSE
"10.16888/interd.2021.38.3.17","encontrado",200,"2026/09/08 16:19:18",,2,FALSE
"10.16888/interd.2023.40.1.22","encontrado",200,"2026/09/08 16:19:18",,2,FALSE
"10.16888/interd.2025.42.2.32","no_encontrado",404,"2026/09/08 16:19:19",,0,FALSE
"10.16921/chasqui.v0i143","encontrado",200,"2026/09/08 16:19:20",,0,FALSE
"10.16993/iberoamericana.529","encontrado",200,"2026/10/06 09:44:10",,1,FALSE
"10.16993/iberoamericana.643","encontrado",200,"2026/10/06 09:44:10",,1,FALSE
"10.17141/letrasverdes.36.2024.6122","encontrado",200,"2026/10/06 09:44:11",,6,FALSE
"10.17151/culdr.2021.26.31.1","encontrado",200,"2026/10/06 09:44:12",,1,FALSE
"10.17151/eleu.2021.23.1.15","encontrado",200,"2026/09/08 16:19:20",,1,FALSE
"10.17151/eleu.2021.23.1.16","encontrado",200,"2026/10/06 09:44:12",,2,FALSE
"10.17151/jurid.2020.17.1.7","encontrado",200,"2026/10/06 09:44:13",,4,FALSE
"10.17163/soph.n25.2018.09","encontrado",200,"2026/10/06 09:44:14",,3,FALSE
"10.17163/soph.n27.2019.02","encontrado",200,"2026/10/06 09:44:15",,3,FALSE
"10.17163/soph.n29.2020.07","encontrado",200,"2026/10/06 09:44:15",,3,FALSE
"10.17169/fqs-18.3.2632","encontrado",200,"2026/10/06 09:44:16",,3,FALSE
"10.17227/rce.num80-11066","encontrado",200,"2026/10/06 09:44:16",,2,FALSE
"10.17533/udea.affs.v15n29a08","encontrado",200,"2026/10/06 09:44:17",,2,FALSE
"10.17533/udea.espo.n63a04","encontrado",200,"2026/09/08 16:19:21",,4,FALSE
"10.17533/udea.espo.n63a11","encontrado",200,"2026/10/06 09:44:18",,3,FALSE
"10.17533/udea.espo.n69a03","encontrado",200,"2026/10/06 09:44:18",,3,FALSE
"10.17704/1944-6187-40.2.581","encontrado",200,"2026/10/06 09:44:19",,6,FALSE
"10.17813/1086-671x-30-3-301","encontrado",200,"2026/10/06 09:44:20",,4,FALSE
"10.17979/sportis.2025.11.1.11230","encontrado",200,"2026/09/08 16:19:22",,7,FALSE
"10.18046/recs.i20.2221","encontrado",200,"2026/10/06 09:44:20",,2,FALSE
"10.18046/recs.i35.4879","encontrado",200,"2026/10/06 09:44:21",,3,FALSE
"10.18254/s0002158-2-1","encontrado",200,"2026/10/06 09:44:22",,1,FALSE
"10.18256/2175-5027.2024.v16i1.5173","encontrado",200,"2026/10/06 09:44:22",,2,FALSE
"10.18294/sc.2025.5792","encontrado",200,"2026/09/08 16:19:22",,3,FALSE
"10.18389/dearq26.2020.11","encontrado",200,"2026/09/08 16:19:23",,2,FALSE
"10.18504/pl2447-010-2016","encontrado",200,"2026/10/06 09:44:23",,2,FALSE
"10.18504/pl3059-006-2022","encontrado",200,"2026/10/06 09:44:23",,4,FALSE
"10.18504/pl3161-015-2023","encontrado",200,"2026/09/08 16:19:24",,3,FALSE
"10.18504/pl3162-012-2023","encontrado",200,"2026/10/06 09:44:24",,1,FALSE
"10.18504/pl3264-002-2024","encontrado",200,"2026/10/06 09:44:25",,3,FALSE
"10.18522/2073-6606-2025-23-3-131-144","encontrado",200,"2026/10/06 09:44:25",,4,FALSE
"10.18616/rdsd.v11i2.10061","encontrado",200,"2026/10/06 09:44:26",,1,FALSE
"10.18800/educacion.201802.009","encontrado",200,"2026/09/08 16:19:24",,4,FALSE
"10.18800/educacion.202101.002","encontrado",200,"2026/09/08 16:19:25",,3,FALSE
"10.18800/psico.202401.019","encontrado",200,"2026/10/06 09:44:27",,3,FALSE
"10.18800/psico.202601.002","encontrado",200,"2026/10/06 09:44:27",,3,FALSE
"10.19053/0120-7105.eyc.2023.27.e16486","encontrado",200,"2026/10/06 09:44:28",,4,FALSE
"10.19137/qs.v23i3.2105","encontrado",200,"2026/10/06 09:44:29",,2,FALSE
"10.20396/proa.v8i1.17312","encontrado",200,"2026/10/06 09:44:29",,2,FALSE
"10.20396/sss.v20i00.8667831","encontrado",200,"2026/10/06 09:44:30",,1,FALSE
"10.20446/jep-2414-3197-40-3-109","encontrado",200,"2026/09/08 16:19:26",,2,FALSE
"10.20446/jep-2414-3197-40-3-4","encontrado",200,"2026/09/08 16:19:26",,3,FALSE
"10.20453/spirat.v3ine1.5550","encontrado",200,"2026/10/06 09:44:30",,2,FALSE
"10.20453/spirat.v3ine1.5576","encontrado",200,"2026/10/06 09:44:31",,3,FALSE
"10.20960/nh.04923","encontrado",200,"2026/10/06 09:44:31",,4,FALSE
"10.20960/nh.1535","encontrado",200,"2026/10/06 09:44:32",,1,FALSE
"10.21134/haaj.v19i1.403","encontrado",200,"2026/10/06 09:44:33",,2,FALSE
"10.21308/recp.41.04","encontrado",200,"2026/10/06 09:44:33",,3,FALSE
"10.21615/cesp.13.3.8","encontrado",200,"2026/10/06 09:44:34",,4,FALSE
"10.21615/cesp.6165","encontrado",200,"2026/09/08 16:19:27",,4,FALSE
"10.21670/ref.2303114","encontrado",200,"2026/10/06 09:44:35",,3,FALSE
"10.21678/apuntes.95.1832","encontrado",200,"2026/10/06 09:44:35",,4,FALSE
"10.21703/0718-5162.v21.n45.2022.013","encontrado",200,"2026/09/08 16:19:28",,5,FALSE
"10.21703/0718-5162202202102147007","encontrado",200,"2026/10/06 09:44:36",,5,FALSE
"10.21703/rexe.20201941umana2","encontrado",200,"2026/09/08 16:19:28",,3,FALSE
"10.21703/rexe.20212042palma12","encontrado",200,"2026/10/06 09:44:37",,5,FALSE
"10.21703/rexe.20212043berrios3","encontrado",200,"2026/10/06 09:44:37",,2,FALSE
"10.21865/ridep50.1.08","encontrado",200,"2026/10/06 09:44:38",,5,FALSE
"10.21865/ridep55.2.07","encontrado",200,"2026/10/06 09:44:39",,3,FALSE
"10.21865/ridep59.2.11","encontrado",200,"2026/10/06 09:44:39",,9,FALSE
"10.21865/ridep59.2.13","encontrado",200,"2026/10/06 09:44:40",,4,FALSE
"10.21865/ridep59.2.14","encontrado",200,"2026/10/06 09:44:41",,3,FALSE
"10.21865/ridep70.4.03","encontrado",200,"2026/09/08 16:19:29",,3,FALSE
"10.21865/ridep71.1.07","encontrado",200,"2026/10/06 09:44:41",,9,FALSE
"10.21865/ridep71.1.14","encontrado",200,"2026/10/06 09:44:42",,3,FALSE
"10.21879/faeeba2358-0194.2016.v25.n47.p51-62","encontrado",200,"2026/10/06 09:44:43",,1,FALSE
"10.2196/62765","encontrado",200,"2026/10/06 09:44:43",,4,FALSE
"10.22185/24487147.2017.93.025","encontrado",200,"2026/09/08 16:19:30",,4,FALSE
"10.22185/24487147.2025.120.09","encontrado",200,"2026/09/08 16:19:30",,2,FALSE
"10.22196/rp.v27i1.8534","encontrado",200,"2026/10/06 09:44:44",,3,FALSE
"10.22199/issn.0718-1043-2019-0011","encontrado",200,"2026/09/08 16:19:31",,3,FALSE
"10.22199/issn.0718-1043-2019-0015","encontrado",200,"2026/10/06 09:44:45",,2,FALSE
"10.22199/issn.0718-1043-2019-0017","encontrado",200,"2026/10/06 09:44:45",,2,FALSE
"10.22199/issn.0718-1043-2019-0019","encontrado",200,"2026/10/06 09:44:46",,6,FALSE
"10.22199/issn.0718-1043-2020-0007","encontrado",200,"2026/09/08 16:19:32",,3,FALSE
"10.22199/issn.0718-1043-2020-0020","encontrado",200,"2026/10/06 09:44:47",,1,FALSE
"10.22199/issn.0718-1043-2020-0053","encontrado",200,"2026/10/06 09:44:47",,10,FALSE
"10.22199/issn.0718-1043-2022-0006","encontrado",200,"2026/09/08 16:19:33",,4,FALSE
"10.22199/issn.0718-1043-2022-0017","encontrado",200,"2026/09/08 16:19:33",,2,FALSE
"10.22199/issn.0718-1043-2022-0029","encontrado",200,"2026/10/06 09:44:48",,2,FALSE
"10.22199/issn.0718-1043-2022-0034","encontrado",200,"2026/10/06 09:44:49",,2,FALSE
"10.22199/issn.0718-1043-2024-0010","encontrado",200,"2026/09/08 16:19:34",,8,FALSE
"10.22199/s07181043.1994.0011.00003","encontrado",200,"2026/10/06 09:44:50",,1,FALSE
"10.22199/s07181043.1999.0018.00007","encontrado",200,"2026/10/06 09:44:50",,2,FALSE
"10.22199/s07187475.2011.0001.00007","encontrado",200,"2026/10/06 09:44:51",,16,FALSE
"10.22199/s07187475.2011.0002.00006","encontrado",200,"2026/10/06 09:44:51",,4,FALSE
"10.22201/cimsur.18704115e.2023.v18.680","encontrado",200,"2026/09/08 16:19:35",,2,FALSE
"10.22201/fcpys.2448492xe.2020.239.69405","encontrado",200,"2026/10/06 09:44:52",,3,FALSE
"10.22201/fcpys.2448492xe.2022.244.70386","encontrado",200,"2026/09/08 16:19:35",,3,FALSE
"10.22201/fpsic.24486957e.2025.13.174","encontrado",200,"2026/10/06 09:44:53",,1,FALSE
"10.22201/iibi.24488321xe.2023.96.58784","encontrado",200,"2026/10/06 09:44:53",,2,FALSE
"10.22201/iis.01882503p.2021.2.60089","encontrado",200,"2026/10/06 09:44:54",,1,FALSE
"10.22201/iis.01882503p.2022.4.60389","encontrado",200,"2026/09/08 16:19:36",,5,FALSE
"10.22201/iisue.24486167e.2017.158.58786","encontrado",200,"2026/10/06 09:44:54",,2,FALSE
"10.22201/iisue.24486167e.2021.173.59942","encontrado",200,"2026/10/06 09:44:55",,3,FALSE
"10.22235/ech.v6iespecial.1453","encontrado",200,"2026/10/06 09:44:56",,1,FALSE
"10.22235/ech.v6iespecial.1454","encontrado",200,"2026/10/06 09:44:56",,1,FALSE
"10.22235/ech.v6iespecial.1455","encontrado",200,"2026/10/06 09:44:57",,1,FALSE
"10.22235/ech.v6iespecial.1456","encontrado",200,"2026/10/06 09:44:58",,1,FALSE
"10.22294/eduper/ppge/ufv.v7i2.788","encontrado",200,"2026/10/06 09:44:58",,1,FALSE
"10.22320/07183607.2021.24.43.09","encontrado",200,"2026/09/08 16:19:36",,4,FALSE
"10.22320/07183607.2022.25.45.02","encontrado",200,"2026/09/08 16:19:37",,2,FALSE
"10.22325/fes/res.2020.37","encontrado",200,"2026/09/08 16:19:38",,3,FALSE
"10.22352/magallania202351011","encontrado",200,"2026/10/06 09:44:59",,6,FALSE
"10.22352/magallania202452016","encontrado",200,"2026/10/06 09:45:00",,1,FALSE
"10.22352/magallania20255304","encontrado",200,"2026/10/06 09:45:00",,7,FALSE
"10.22352/magallania20255311","encontrado",200,"2026/09/08 16:19:39",,2,FALSE
"10.22355/exaequo.2018.37.09","encontrado",200,"2026/10/06 09:45:01",,4,FALSE
"10.22355/exaequo.2021.43.10","encontrado",200,"2026/10/06 09:45:02",,6,FALSE
"10.22370/ieya.2016.2.2.597","encontrado",200,"2026/10/06 09:45:02",,1,FALSE
"10.22370/ieya.2024.10.1.3455","encontrado",200,"2026/10/06 09:45:03",,2,FALSE
"10.22374/1875-6859.14.2.7","encontrado",200,"2026/10/06 09:45:03",,7,FALSE
"10.22380/2539472x.2930","encontrado",200,"2026/10/06 09:45:04",,3,FALSE
"10.22430/21457778.613","encontrado",200,"2026/10/06 09:45:05",,3,FALSE
"10.22456/1982-8918.131574","encontrado",200,"2026/10/06 09:45:05",,4,FALSE
"10.22456/1982-8918.59835","encontrado",200,"2026/10/06 09:45:06",,3,FALSE
"10.22456/1982-8918.82908","encontrado",200,"2026/10/06 09:45:07",,4,FALSE
"10.22456/1984-1191.93305","encontrado",200,"2026/10/06 09:45:07",,2,FALSE
"10.22456/1984-1191.93307","encontrado",200,"2026/10/06 09:45:08",,2,FALSE
"10.22459/her.27.02.2022.05","encontrado",200,"2026/10/06 09:45:09",,2,FALSE
"10.22478/ufpb.1983-1579.2020v13n3.55434","encontrado",200,"2026/10/06 09:45:09",,1,FALSE
"10.22478/ufpb.2359-7003.2020v29n3.56202","encontrado",200,"2026/10/06 09:45:10",,6,FALSE
"10.22481/praxisedu.v15i36.5862","encontrado",200,"2026/10/06 09:45:10",,3,FALSE
"10.22481/praxisedu.v15i36.5882","encontrado",200,"2026/10/06 09:45:11",,3,FALSE
"10.22483/2177-5796.2018v20n3p637-646","encontrado",200,"2026/10/06 09:45:12",,1,FALSE
"10.22491/2236-5907138048","encontrado",200,"2026/10/06 09:45:12",,3,FALSE
"10.22517/25392662.25765","encontrado",200,"2026/10/06 09:45:13",,2,FALSE
"10.22517/25392662.25800","encontrado",200,"2026/10/06 09:45:14",,2,FALSE
"10.22592/ode2019n33a10","encontrado",200,"2026/10/06 09:45:14",,4,FALSE
"10.22592/ode2024n44e236","encontrado",200,"2026/10/06 09:45:15",,4,FALSE
"10.22592/ode2025n46e241","encontrado",200,"2026/10/06 09:45:16",,4,FALSE
"10.23854/autoc.v3i2.138","encontrado",200,"2026/10/06 09:45:16",,2,FALSE
"10.23854/autoc.v8i2.460","encontrado",200,"2026/10/06 09:45:17",,2,FALSE
"10.23923/rpye2023.01.233","encontrado",200,"2026/10/06 09:45:17",,4,FALSE
"10.23935/2016/01011","encontrado",200,"2026/10/06 09:45:18",,1,FALSE
"10.24197/aefd.0.2021.199-217","encontrado",200,"2026/10/06 09:45:19",,2,FALSE
"10.24201/edu.v40.e2314","encontrado",200,"2026/09/08 16:19:39",,2,FALSE
"10.24201/eg.v4i0.288","encontrado",200,"2026/10/06 09:45:19",,2,FALSE
"10.24201/es.2021v39n116.2025","encontrado",200,"2026/10/06 09:45:20",,3,FALSE
"10.24201/es.2023v41n122.2260","encontrado",200,"2026/10/06 09:45:21",,4,FALSE
"10.24201/es.2024v42.e2401","encontrado",200,"2026/10/06 09:45:21",,3,FALSE
"10.24201/es.2024v42.e2425","encontrado",200,"2026/10/06 09:45:22",,4,FALSE
"10.24201/es.2024v42.e2694","encontrado",200,"2026/10/06 09:45:23",,3,FALSE
"10.24205/03276716.2017.1011","encontrado",200,"2026/09/08 16:19:41",,10,FALSE
"10.24205/03276716.2017.1042","encontrado",200,"2026/09/08 16:19:42",,2,FALSE
"10.24205/03276716.2018.1066","encontrado",200,"2026/09/08 16:19:42",,4,FALSE
"10.24205/03276716.2019.1130","encontrado",200,"2026/09/08 16:19:43",,0,FALSE
"10.24215/18536387e068","encontrado",200,"2026/09/08 16:19:44",,2,FALSE
"10.24215/18536387e071","encontrado",200,"2026/09/08 16:19:44",,14,FALSE
"10.24215/18536387e112","encontrado",200,"2026/10/06 09:45:24",,3,FALSE
"10.24215/18537863e050","encontrado",200,"2026/10/06 09:45:24",,2,FALSE
"10.24220/2318-0870v27e2022a6527","encontrado",200,"2026/10/06 09:45:25",,1,FALSE
"10.24241/rcai.2022.130.1.193","encontrado",200,"2026/09/08 16:19:45",,3,FALSE
"10.24241/rcai.2023.133.1.65","encontrado",200,"2026/10/06 09:45:26",,2,FALSE
"10.24310/mar.5.1.2024.16069","encontrado",200,"2026/10/06 09:45:26",,4,FALSE
"10.24885/sab.v35i1.967","encontrado",200,"2026/09/08 16:19:46",,1,FALSE
"10.24885/sab.v36i3.1089","encontrado",200,"2026/09/08 16:19:46",,5,FALSE
"10.25054/26196077.3092","encontrado",200,"2026/10/06 09:45:27",,2,FALSE
"10.25054/26196077.3459","encontrado",200,"2026/10/06 09:45:28",,3,FALSE
"10.25058/20112742.n30.08","encontrado",200,"2026/10/06 09:45:28",,2,FALSE
"10.25058/20112742.n56.02","encontrado",200,"2026/10/06 09:45:29",,3,FALSE
"10.25074/0196318.0.1508","encontrado",200,"2026/10/06 09:45:30",,3,FALSE
"10.25074/0196318.0.1511","encontrado",200,"2026/10/06 09:45:30",,1,FALSE
"10.25074/07195532.6.477","encontrado",200,"2026/10/06 09:45:31",,1,FALSE
"10.25074/07195532.8.457","encontrado",200,"2026/10/06 09:45:31",,1,FALSE
"10.25074/07198051.32.1344","encontrado",200,"2026/10/06 09:45:32",,2,FALSE
"10.25074/07198051.36.1923","encontrado",200,"2026/10/06 09:45:32",,4,FALSE
"10.25074/07198051.36.2053","encontrado",200,"2026/10/06 09:45:33",,2,FALSE
"10.25074/07198051.41.2449","encontrado",200,"2026/10/06 09:45:34",,6,FALSE
"10.25074/07198051.42.2700","encontrado",200,"2026/10/06 09:45:34",,3,FALSE
"10.25074/07198051.43.2839","encontrado",200,"2026/10/06 09:45:35",,3,FALSE
"10.25074/07198051.44.2939","encontrado",200,"2026/10/06 09:45:36",,2,FALSE
"10.25074/rantros.v6i12.1120","encontrado",200,"2026/10/06 09:45:36",,10,FALSE
"10.25100/prts.v0i30.8931","encontrado",200,"2026/10/06 09:45:37",,2,FALSE
"10.25115/ejrep.v17i47.2049","encontrado",200,"2026/10/06 09:45:37",,3,FALSE
"10.25115/riem.v13i2.8431","encontrado",200,"2026/09/08 16:19:47",,2,FALSE
"10.25222/larr.39","encontrado",200,"2026/10/06 09:45:38",,2,FALSE
"10.25222/larr.464","encontrado",200,"2026/10/06 09:45:39",,4,FALSE
"10.25267/rev_eureka_ensen_divulg_cienc.2024.v22.i1.1602","no_encontrado",404,"2026/09/08 16:19:47",,0,FALSE
"10.26352/h316_2384-9509","encontrado",200,"2026/10/06 09:45:39",,2,FALSE
"10.26489/rvs.v34i48.7","encontrado",200,"2026/10/06 09:45:40",,4,FALSE
"10.26489/rvs.v35i51.8","encontrado",200,"2026/09/08 16:19:48",,1,FALSE
"10.26512/les.v25i2.55021","encontrado",200,"2026/09/08 16:19:49",,2,FALSE
"10.28939/iam.debats-137-2.6","encontrado",200,"2026/09/08 16:19:49",,2,FALSE
"10.28998/2175-6600.2024v16n38pe17543","encontrado",200,"2026/10/06 09:45:41",,1,FALSE
"10.29034/ijmra.v10n1a26","encontrado",200,"2026/10/06 09:45:41",,4,FALSE
"10.29035/pai.8.1.140","encontrado",200,"2026/10/06 09:45:42",,1,FALSE
"10.29092/uacm.v14i34.590","encontrado",200,"2026/10/06 09:45:42",,3,FALSE
"10.29092/uacm.v15i37.632","encontrado",200,"2026/10/06 09:45:43",,2,FALSE
"10.29092/uacm.v17i44.789","encontrado",200,"2026/10/06 09:45:44",,2,FALSE
"10.29092/uacm.v19i48.899","encontrado",200,"2026/09/08 16:19:50",,3,FALSE
"10.29092/uacm.v20i51.1013","encontrado",200,"2026/10/06 09:45:44",,2,FALSE
"10.29092/uacm.v20i51.971","encontrado",200,"2026/09/08 16:19:50",,2,FALSE
"10.29092/uacm.v22i58.1182","encontrado",200,"2026/10/06 09:45:45",,5,FALSE
"10.29101/crcs.v0i74.4381","encontrado",200,"2026/10/06 09:45:45",,3,FALSE
"10.29101/crcs.v26i80.10418","encontrado",200,"2026/10/06 09:45:46",,2,FALSE
"10.29101/crcs.v28i0.15794","encontrado",200,"2026/09/08 16:19:51",,4,FALSE
"10.29101/crcs.v29i0.18149","encontrado",200,"2026/10/06 09:45:47",,3,FALSE
"10.29101/crcs.v31i0.22258","encontrado",200,"2026/10/06 09:45:47",,3,FALSE
"10.29101/crcs.v32i1.24476","encontrado",200,"2026/09/08 16:19:51",,2,FALSE
"10.29105/pgc6.11-1","encontrado",200,"2026/10/06 09:45:48",,3,FALSE
"10.29105/pgc6.11-7","encontrado",200,"2026/10/06 09:45:49",,2,FALSE
"10.29166/csociales.v1i46.7207","encontrado",200,"2026/10/06 09:45:49",,2,FALSE
"10.29181/2594-6463-2022-v6-n3-p170-182","encontrado",200,"2026/10/06 09:45:50",,2,FALSE
"10.29181/2594-6463-2024-v8-n1-p100-113","encontrado",200,"2026/10/06 09:45:51",,3,FALSE
"10.29181/2594-6463-2024-v8-n2-p201-213","encontrado",200,"2026/10/06 09:45:51",,2,FALSE
"10.29192/claeh.39.2.12","encontrado",200,"2026/09/08 16:19:52",,3,FALSE
"10.29265/gypp.v29i2.780","encontrado",200,"2026/09/08 16:19:53",,5,FALSE
"10.29333/iji.2023.16424a","encontrado",200,"2026/09/08 16:19:53",,4,FALSE
"10.29340/en.v4n7.170","encontrado",200,"2026/10/06 09:45:52",,1,FALSE
"10.29344/07171714.27.411","encontrado",200,"2026/10/06 09:45:53",,2,FALSE
"10.29344/07171714.29.1085","encontrado",200,"2026/10/06 09:45:53",,1,FALSE
"10.29344/07171714.32.1927","encontrado",200,"2026/10/06 09:45:54",,6,FALSE
"10.29344/07171714.37.2574","encontrado",200,"2026/10/06 09:45:54",,1,FALSE
"10.29344/07171714.41.3408","encontrado",200,"2026/10/06 09:45:55",,3,FALSE
"10.29344/07180772.29.780","encontrado",200,"2026/10/06 09:45:56",,4,FALSE
"10.29344/07180772.37.2892","encontrado",200,"2026/10/06 09:45:56",,4,FALSE
"10.29344/07180772.42.3542","encontrado",200,"2026/10/06 09:45:57",,3,FALSE
"10.29344/07196458.29.2938","encontrado",200,"2026/10/06 09:45:58",,2,FALSE
"10.29344/07196458.31.3323","encontrado",200,"2026/10/06 09:45:58",,1,FALSE
"10.29344/07196458.31.3326","encontrado",200,"2026/10/06 09:45:59",,4,FALSE
"10.29344/07196458.35.3896","encontrado",200,"2026/10/06 09:46:00",,1,FALSE
"10.29344/07196458.36.4137","encontrado",200,"2026/10/06 09:46:00",,3,FALSE
"10.29344/2318650x.1.3376","encontrado",200,"2026/10/06 09:46:01",,2,FALSE
"10.29378/plurais.2447-9373.2017.v2.n3.12-20","encontrado",200,"2026/10/06 09:46:01",,1,FALSE
"10.29378/plurais.2447-9373.2019.v4.n2.80-93","encontrado",200,"2026/10/06 09:46:02",,5,FALSE
"10.29393/at526-2icto50002","encontrado",200,"2026/09/08 16:19:54",,5,FALSE
"10.29393/at526-3nsmf30003","encontrado",200,"2026/10/06 09:46:03",,3,FALSE
"10.29393/at527-3etmn30003","encontrado",200,"2026/09/08 16:19:55",,3,FALSE
"10.29393/eid7-22mvcj70022","encontrado",200,"2026/10/06 09:46:03",,7,FALSE
"10.29393/rla60-6cpvm40006","encontrado",200,"2026/09/08 16:19:55",,4,FALSE
"10.30578/nomadas.n54a12","encontrado",200,"2026/10/06 09:46:04",,2,FALSE
"10.30827/profesorado.v23i2.9270","encontrado",200,"2026/10/06 09:46:05",,2,FALSE
"10.30827/profesorado.v28i1.29674","encontrado",200,"2026/09/08 16:19:56",,2,FALSE
"10.30827/tsg-gsw.v10i19.11360","encontrado",200,"2026/10/06 09:46:05",,2,FALSE
"10.30827/tsg-gsw.v7i12.5573","encontrado",200,"2026/10/06 09:46:06",,3,FALSE
"10.30827/tsg-gsw.v8i0.6494","encontrado",200,"2026/10/06 09:46:07",,1,FALSE
"10.30849/ripijp.v54i1.1287","encontrado",200,"2026/10/06 09:46:07",,19,FALSE
"10.30849/ripijp.v57i3.1925","encontrado",200,"2026/10/06 09:46:08",,8,FALSE
"10.30849/ripijp.v58i3.1981","encontrado",200,"2026/10/06 09:46:09",,6,FALSE
"10.31048/2vdydg87","encontrado",200,"2026/10/06 09:46:09",,2,FALSE
"10.31049/1853.7049.v.n21.34646","encontrado",200,"2026/10/06 09:46:10",,7,FALSE
"10.31056/2250.5415.v8.n2.22760","encontrado",200,"2026/10/06 09:46:11",,1,FALSE
"10.31083/bp49436","encontrado",200,"2026/10/06 09:46:11",,10,FALSE
"10.3138/cjpe-2023-0017","encontrado",200,"2026/09/08 16:19:57",,2,FALSE
"10.3138/cjpe.339","encontrado",200,"2026/10/06 09:46:12",,4,FALSE
"10.3138/ijmsch.2024.0004","encontrado",200,"2026/10/06 09:46:13",,7,FALSE
"10.31391/s2007-7033(2022)0059-014","encontrado",200,"2026/10/06 09:46:13",,4,FALSE
"10.31512/19819250.2025.26.03.55-74","encontrado",200,"2026/10/06 09:46:14",,2,FALSE
"10.31577/sp.2023.04.881","encontrado",200,"2026/09/08 16:19:57",,2,FALSE
"10.31619/caledu.n40.69","encontrado",200,"2026/10/06 09:46:15",,2,FALSE
"10.31619/caledu.n47.33","encontrado",200,"2026/10/06 09:46:15",,3,FALSE
"10.31619/caledu.n50.721","encontrado",200,"2026/09/08 16:19:58",,3,FALSE
"10.31619/caledu.n53.518","encontrado",200,"2026/09/08 16:19:58",,2,FALSE
"10.31619/caledu.n56.1180","encontrado",200,"2026/10/06 09:46:16",,5,FALSE
"10.31619/caledu.n56.1189","encontrado",200,"2026/10/06 09:46:17",,5,FALSE
"10.31619/caledu.n60.1453","encontrado",200,"2026/09/08 16:19:59",,3,FALSE
"10.31619/caledu.n62.1588","encontrado",200,"2026/10/06 09:46:17",,9,FALSE
"10.3167/arms.2023.060111","encontrado",200,"2026/10/06 09:46:18",,1,FALSE
"10.31876/rcs.v29i2.39991","encontrado",200,"2026/10/06 09:46:19",,1,FALSE
"10.31892/rbpab2525-426x.2018.v3.n9.p745-748","encontrado",200,"2026/10/06 09:46:19",,3,FALSE
"10.31892/rbpab2525-426x.2018.v3.n9.p860-870","encontrado",200,"2026/10/06 09:46:20",,1,FALSE
"10.3197/096327122x16569260361760","encontrado",200,"2026/10/06 09:46:20",,6,FALSE
"10.3233/978-1-61499-880-8-237","encontrado",200,"2026/10/06 09:46:21",,7,FALSE
"10.3233/jad-201580","encontrado",200,"2026/10/06 09:46:22",,22,FALSE
"10.3233/jad-231310","encontrado",200,"2026/10/06 09:46:23",,15,FALSE
"10.3233/nre-172241","encontrado",200,"2026/10/06 09:46:24",,19,FALSE
"10.3233/nre-172243","encontrado",200,"2026/10/06 09:46:24",,19,FALSE
"10.3233/nre-172244","encontrado",200,"2026/10/06 09:46:25",,20,FALSE
"10.3233/nre-172246","encontrado",200,"2026/10/06 09:46:26",,20,FALSE
"10.3233/nre-172249","encontrado",200,"2026/10/06 09:46:26",,19,FALSE
"10.32348/1852.4206.v14.n3.27994","encontrado",200,"2026/10/06 09:46:27",,5,FALSE
"10.32348/1852.4206.v17.n2.44560","encontrado",200,"2026/09/08 16:20:00",,6,FALSE
"10.32457/ejep.v16i1.2137","encontrado",200,"2026/10/06 09:46:28",,3,FALSE
"10.32457/ejep.v18i1.2570","encontrado",200,"2026/10/06 09:46:28",,3,FALSE
"10.32457/ejpad.v13.3715","encontrado",200,"2026/10/06 09:46:29",,2,FALSE
"10.32641/andespediatr.v93i2.4147","encontrado",200,"2026/10/06 09:46:30",,3,FALSE
"10.32735/s0718-2201201900048625","encontrado",200,"2026/10/06 09:46:30",,4,FALSE
"10.32735/s0718-22012025000603111","encontrado",200,"2026/09/08 16:20:00",,2,FALSE
"10.32735/s0718-6568/2019-n54-1403","encontrado",200,"2026/10/06 09:46:31",,3,FALSE
"10.32735/s0718-6568/2019-n54-1409","encontrado",200,"2026/09/08 16:20:01",,2,FALSE
"10.32735/s0718-6568/2020-n55-1440","encontrado",200,"2026/10/06 09:46:32",,2,FALSE
"10.32735/s0718-6568/2020-n57-1571","encontrado",200,"2026/09/08 16:20:01",,1,FALSE
"10.32735/s0718-6568/2021-n59-1590","encontrado",200,"2026/10/06 09:46:32",,2,FALSE
"10.32735/s0718-6568/2022-n61-1667","encontrado",200,"2026/09/08 16:20:02",,4,FALSE
"10.32735/s0718-6568/2022-n63-1690","no_encontrado",404,"2026/09/08 16:20:02",,0,FALSE
"10.32735/s0718-6568/2024-n68-3684","encontrado",200,"2026/10/06 09:46:33",,3,FALSE
"10.32735/s0718-6568/2025-n60-3717","encontrado",200,"2026/10/06 09:46:34",,3,FALSE
"10.32735/s0719-5265202138325","encontrado",200,"2026/10/06 09:46:34",,3,FALSE
"10.32735/s0719-5265202138329","encontrado",200,"2026/10/06 09:46:35",,2,FALSE
"10.32870/lv.v6i55.7387","encontrado",200,"2026/09/08 16:20:03",,4,FALSE
"10.32991/2237-2717.2021v11i3.p149-177","encontrado",200,"2026/10/06 09:46:36",,4,FALSE
"10.32995/0719-64232020v6n12-105","encontrado",200,"2026/10/06 09:46:36",,2,FALSE
"10.33595/2226-1478.16.3.1339","encontrado",200,"2026/10/06 09:46:37",,4,FALSE
"10.33679/rmi.v1i1.2726","encontrado",200,"2026/09/08 16:20:04",,6,FALSE
"10.33679/rmi.v1i1.2821","encontrado",200,"2026/10/06 09:46:37",,4,FALSE
"10.3389/fclim.2022.763413","encontrado",200,"2026/09/08 16:20:04",,6,FALSE
"10.3389/feart.2022.807865","encontrado",200,"2026/10/06 09:46:38",,5,FALSE
"10.3389/feart.2022.946732","encontrado",200,"2026/10/06 09:46:39",,5,FALSE
"10.3389/feduc.2021.599712","encontrado",200,"2026/09/08 16:20:05",,4,FALSE
"10.3389/feduc.2024.1365789","encontrado",200,"2026/10/06 09:46:40",,6,FALSE
"10.3389/fenrg.2018.00134","encontrado",200,"2026/10/06 09:46:41",,4,FALSE
"10.3389/fevo.2021.584325","encontrado",200,"2026/09/08 16:20:06",,21,FALSE
"10.3389/fnagi.2017.00221","encontrado",200,"2026/10/06 09:46:41",,4,FALSE
"10.3389/fnbeh.2017.00074","encontrado",200,"2026/09/08 16:20:07",,5,FALSE
"10.3389/fncir.2022.1080276","encontrado",200,"2026/10/06 09:46:42",,1,FALSE
"10.3389/fncir.2022.943888","encontrado",200,"2026/10/06 09:46:43",,3,FALSE
"10.3389/fpsyg.2017.00617","encontrado",200,"2026/10/06 09:46:43",,2,FALSE
"10.3389/fpsyg.2017.01098","encontrado",200,"2026/10/06 09:46:44",,3,FALSE
"10.3389/fpsyg.2018.00484","encontrado",200,"2026/10/06 09:46:45",,1,FALSE
"10.3389/fpsyg.2018.01492","encontrado",200,"2026/10/06 09:46:45",,9,FALSE
"10.3389/fpsyg.2019.00335","encontrado",200,"2026/10/06 09:46:46",,6,FALSE
"10.3389/fpsyg.2019.01464","encontrado",200,"2026/10/06 09:46:47",,2,FALSE
"10.3389/fpsyg.2019.01516","encontrado",200,"2026/10/06 09:46:47",,4,FALSE
"10.3389/fpsyg.2020.563506","encontrado",200,"2026/10/06 09:46:48",,6,FALSE
"10.3389/fpsyg.2021.628720","encontrado",200,"2026/10/06 09:46:49",,3,FALSE
"10.3389/fpsyg.2022.1088089","encontrado",200,"2026/10/06 09:46:50",,5,FALSE
"10.3389/fpsyg.2022.934600","encontrado",200,"2026/10/06 09:46:50",,7,FALSE
"10.3389/fpsyg.2022.980902","encontrado",200,"2026/10/06 09:46:51",,5,FALSE
"10.3389/fpsyg.2024.1485569","encontrado",200,"2026/09/08 16:20:07",,6,FALSE
"10.3389/fpsyg.2025.1507487","encontrado",200,"2026/09/08 16:20:08",,4,FALSE
"10.3389/fpsyg.2025.1529092","encontrado",200,"2026/10/06 09:46:52",,13,FALSE
"10.3389/fpubh.2023.1108336","encontrado",200,"2026/10/06 09:46:52",,11,FALSE
"10.3389/fpubh.2024.1476549","encontrado",200,"2026/10/06 09:46:53",,13,FALSE
"10.3389/frph.2024.1447016","encontrado",200,"2026/10/06 09:46:54",,4,FALSE
"10.3389/frsc.2021.635976","encontrado",200,"2026/10/06 09:46:54",,7,FALSE
"10.3389/fsoc.2021.728095","encontrado",200,"2026/10/06 09:46:55",,2,FALSE
"10.3389/fsoc.2022.1009567","encontrado",200,"2026/10/06 09:46:56",,4,FALSE
"10.3389/fsoc.2022.773378","encontrado",200,"2026/10/06 09:46:56",,4,FALSE
"10.3389/fsoc.2022.806458","encontrado",200,"2026/10/06 09:46:57",,2,FALSE
"10.3389/fsoc.2024.1206050","encontrado",200,"2026/10/06 09:46:58",,4,FALSE
"10.3389/fsoc.2025.1634219","encontrado",200,"2026/10/06 09:46:58",,4,FALSE
"10.3390/app12189353","encontrado",200,"2026/10/06 09:46:59",,5,FALSE
"10.3390/bs14010056","encontrado",200,"2026/10/06 09:47:00",,13,FALSE
"10.3390/educsci14010112","encontrado",200,"2026/09/08 16:20:09",,4,FALSE
"10.3390/educsci14060595","encontrado",200,"2026/10/06 09:47:01",,3,FALSE
"10.3390/educsci15101268","encontrado",200,"2026/09/08 16:20:09",,3,FALSE
"10.3390/healthcare10112272","encontrado",200,"2026/10/06 09:47:01",,6,FALSE
"10.3390/healthcare13050559","encontrado",200,"2026/10/06 09:47:02",,1,FALSE
"10.3390/ijerph15112549","encontrado",200,"2026/10/06 09:47:03",,7,FALSE
"10.3390/ijerph16204045","encontrado",200,"2026/10/06 09:47:03",,6,FALSE
"10.3390/ijerph16224527","encontrado",200,"2026/10/06 09:47:04",,6,FALSE
"10.3390/ijerph17062012","encontrado",200,"2026/10/06 09:47:04",,6,FALSE
"10.3390/ijerph18136811","encontrado",200,"2026/10/06 09:47:05",,3,FALSE
"10.3390/ijerph18168348","encontrado",200,"2026/10/06 09:47:06",,7,FALSE
"10.3390/ijerph182212000","encontrado",200,"2026/09/08 16:20:10",,11,FALSE
"10.3390/ijerph182212130","encontrado",200,"2026/09/08 16:20:11",,6,FALSE
"10.3390/ijerph191710969","encontrado",200,"2026/10/06 09:47:07",,9,FALSE
"10.3390/ijerph20043249","encontrado",200,"2026/10/06 09:47:07",,5,FALSE
"10.3390/ijerph20054170","encontrado",200,"2026/10/06 09:47:08",,5,FALSE
"10.3390/ijerph20095722","encontrado",200,"2026/10/06 09:47:08",,18,FALSE
"10.3390/ijerph22071025","encontrado",200,"2026/10/06 09:47:09",,4,FALSE
"10.3390/ijms23168928","encontrado",200,"2026/10/06 09:47:10",,3,FALSE
"10.3390/ijms241914740","encontrado",200,"2026/10/06 09:47:11",,7,FALSE
"10.3390/jcm13113228","encontrado",200,"2026/10/06 09:47:11",,7,FALSE
"10.3390/land10060577","encontrado",200,"2026/10/06 09:47:12",,8,FALSE
"10.3390/land13122206","encontrado",200,"2026/10/06 09:47:13",,4,FALSE
"10.3390/min11121402","encontrado",200,"2026/10/06 09:47:13",,11,FALSE
"10.3390/nu11081731","encontrado",200,"2026/10/06 09:47:14",,6,FALSE
"10.3390/nu14194140","encontrado",200,"2026/10/06 09:47:15",,10,FALSE
"10.3390/nu16162645","encontrado",200,"2026/10/06 09:47:15",,11,FALSE
"10.3390/nu17061018","encontrado",200,"2026/10/06 09:47:16",,14,FALSE
"10.3390/soc14110214","encontrado",200,"2026/10/06 09:47:17",,4,FALSE
"10.3390/soc14120258","encontrado",200,"2026/09/08 16:20:12",,3,FALSE
"10.3390/soc15050121","encontrado",200,"2026/10/06 09:47:18",,6,FALSE
"10.3390/socsci13020090","encontrado",200,"2026/10/06 09:47:18",,2,FALSE
"10.3390/su12104298","encontrado",200,"2026/09/08 16:20:12",,7,FALSE
"10.3390/su141912034","encontrado",200,"2026/09/08 16:20:13",,10,FALSE
"10.3390/su16187916","encontrado",200,"2026/09/08 16:20:14",,5,FALSE
"10.3390/su17041665","encontrado",200,"2026/09/08 16:20:14",,4,FALSE
"10.3390/su9112053","encontrado",200,"2026/09/08 16:20:15",,7,FALSE
"10.3390/toxins11020084","encontrado",200,"2026/10/06 09:47:19",,4,FALSE
"10.3402/snp.v6.31883","encontrado",200,"2026/10/06 09:47:20",,6,FALSE
"10.3402/snp.v6.32578","encontrado",200,"2026/10/06 09:47:20",,4,FALSE
"10.34096/arqueologat29.n3.11854","no_encontrado",404,"2026/10/06 09:47:21",,0,FALSE
"10.34096/arqueologia.t29.n3.11854","encontrado",200,"2026/10/06 09:47:22",,13,FALSE
"10.34096/oidopensante.v10n2.10345","encontrado",200,"2026/10/06 09:47:22",,3,FALSE
"10.34096/ps.n5.11005","encontrado",200,"2026/10/06 09:47:23",,2,FALSE
"10.34096/rtt.i18.4928","encontrado",200,"2026/10/06 09:47:24",,2,FALSE
"10.34096/runa.v46i1.14674","encontrado",200,"2026/10/06 09:47:24",,3,FALSE
"10.34096/runa.v46i1.16725","encontrado",200,"2026/10/06 09:47:25",,4,FALSE
"10.34720/kg1y-fk23","encontrado",200,"2026/10/06 09:47:26",,8,FALSE
"10.34720/qsmh-9t80","encontrado",200,"2026/10/06 09:47:26",,12,FALSE
"10.34720/ra1h-4761","encontrado",200,"2026/10/06 09:47:27",,1,FALSE
"10.35305/revista.v0i21.112","encontrado",200,"2026/10/06 09:47:28",,3,FALSE
"10.35305/revista.v0i33.41","encontrado",200,"2026/10/06 09:47:28",,3,FALSE
"10.35305/revista.v0i34.33","encontrado",200,"2026/10/06 09:47:29",,3,FALSE
"10.35305/revista.v0i35.21","encontrado",200,"2026/10/06 09:47:29",,4,FALSE
"10.35305/revista.v0i41.190","encontrado",200,"2026/10/05 17:22:00",,4,FALSE
"10.35305/tyd.v0i0.484","encontrado",200,"2026/10/06 09:47:30",,3,FALSE
"10.35362/rie8614415","encontrado",200,"2026/09/08 16:20:16",,3,FALSE
"10.35424/rearam.i41.1754","encontrado",200,"2026/10/06 09:47:31",,4,FALSE
"10.35588/2tttdw61","encontrado",200,"2026/10/06 09:47:31",,2,FALSE
"10.35588/m50s1y63","encontrado",200,"2026/10/06 09:47:32",,2,FALSE
"10.35786/1645-1384.v20.n1.18","encontrado",200,"2026/10/06 09:47:33",,4,FALSE
"10.35786/1645-1384.v20.n3.02","encontrado",200,"2026/10/06 09:47:33",,1,FALSE
"10.35786/1645-1384.v25.2392","encontrado",200,"2026/09/08 16:20:17",,2,FALSE
"10.35956/v.24.n1.2024.p.29-45","encontrado",200,"2026/09/08 16:20:17",,2,FALSE
"10.36260/rbr.v10i9.1438","encontrado",200,"2026/10/06 09:47:34",,2,FALSE
"10.36367/ntqr.20.2.2024.e938","encontrado",200,"2026/10/06 09:47:34",,2,FALSE
"10.36556/eol.v13i29.476","encontrado",200,"2026/10/06 09:47:35",,1,FALSE
"10.36923/jicc.v25i1.1005","encontrado",200,"2026/09/08 16:20:18",,6,FALSE
"10.37390/avancacinema.2025.a627","encontrado",200,"2026/10/06 09:47:35",,4,FALSE
"10.37527/2021.71.2.007","encontrado",200,"2026/10/06 09:47:36",,5,FALSE
"10.3758/s13420-017-0306-x","encontrado",200,"2026/10/06 09:47:37",,4,FALSE
"10.3758/s13420-019-00396-3","encontrado",200,"2026/10/06 09:47:37",,3,FALSE
"10.3758/s13420-023-00609-w","encontrado",200,"2026/10/06 09:47:38",,6,FALSE
"10.3758/s13428-025-02792-2","encontrado",200,"2026/10/06 09:47:39",,2,FALSE
"10.38123/rre.v1i1.63","encontrado",200,"2026/10/06 09:47:39",,2,FALSE
"10.38178/07183089/1327210331","encontrado",200,"2026/10/06 09:47:40",,1,FALSE
"10.3917/cpc.053.0149","no_encontrado",404,"2026/10/06 09:47:41",,0,FALSE
"10.3917/lhs.221.0279","encontrado",200,"2026/10/06 09:47:41",,5,FALSE
"10.3917/rief.042.0063","encontrado",200,"2026/10/06 09:47:42",,6,FALSE
"10.3917/sensi.004.0028","encontrado",200,"2026/10/06 09:47:43",,3,FALSE
"10.3989/ris.2019.77.1.17.114","encontrado",200,"2026/10/06 09:47:43",,4,FALSE
"10.3989/ris.2023.81.1.21.115","encontrado",200,"2026/10/06 09:47:44",,4,FALSE
"10.4000/159cb","encontrado",200,"2026/10/06 09:47:45",,2,FALSE
"10.4000/15n4m","encontrado",200,"2026/10/06 09:47:45",,1,FALSE
"10.4000/15n4r","encontrado",200,"2026/10/06 09:47:46",,0,FALSE
"10.4000/aa.4933","encontrado",200,"2026/10/06 09:47:47",,6,FALSE
"10.4000/artelogie.3513","encontrado",200,"2026/10/06 09:47:48",,3,FALSE
"10.4000/etnografica.7400","encontrado",200,"2026/09/08 16:20:19",,3,FALSE
"10.4000/ideas.15039","encontrado",200,"2026/10/06 09:47:48",,2,FALSE
"10.4000/rccs.12420","encontrado",200,"2026/10/06 09:47:49",,3,FALSE
"10.4000/regulation.12512","encontrado",200,"2026/10/06 09:47:50",,1,FALSE
"10.4013/hist.2021.252.07","encontrado",200,"2026/10/06 09:47:50",,3,FALSE
"10.4025/actascieduc.v45i1.65811","encontrado",200,"2026/09/08 16:20:19",,2,FALSE
"10.4025/tpe.v22i3.50052","encontrado",200,"2026/10/06 09:47:51",,2,FALSE
"10.4067/s0034-98872016000100007","encontrado",200,"2026/10/06 09:47:52",,6,FALSE
"10.4067/s0034-98872019000500579","encontrado",200,"2026/09/08 16:20:20",,10,FALSE
"10.4067/s0034-98872021000400533","encontrado",200,"2026/09/08 16:20:21",,3,FALSE
"10.4067/s0034-98872023000500591","encontrado",200,"2026/09/08 16:20:21",,5,FALSE
"10.4067/s0034-98872024000400476","encontrado",200,"2026/09/08 16:20:22",,6,FALSE
"10.4067/s0071-17132021000200069","encontrado",200,"2026/09/08 16:20:23",,5,FALSE
"10.4067/s0250-71612017000300097","encontrado",200,"2026/09/08 16:20:23",,1,FALSE
"10.4067/s0250-71612018000100005","encontrado",200,"2026/09/08 16:20:24",,3,FALSE
"10.4067/s0250-71612019000200049","encontrado",200,"2026/10/06 09:47:53",,1,FALSE
"10.4067/s0370-41062017000500002","encontrado",200,"2026/10/06 09:47:53",,2,FALSE
"10.4067/s0716-27902017000100011","encontrado",200,"2026/10/06 09:47:54",,2,FALSE
"10.4067/s0716-27902017000200069","encontrado",200,"2026/09/08 16:20:25",,2,FALSE
"10.4067/s0716-27902021000200038","encontrado",200,"2026/10/06 09:47:55",,3,FALSE
"10.4067/s0717-554x2016000200001","encontrado",200,"2026/10/06 09:47:55",,3,FALSE
"10.4067/s0717-554x2016000300003","encontrado",200,"2026/09/08 16:20:25",,3,FALSE
"10.4067/s0717-554x2017000100072","encontrado",200,"2026/10/06 09:47:56",,4,FALSE
"10.4067/s0717-554x2018000100072","encontrado",200,"2026/10/06 09:47:57",,4,FALSE
"10.4067/s0717-554x2018000200182","encontrado",200,"2026/10/06 09:47:57",,5,FALSE
"10.4067/s0717-554x2019000200145","encontrado",200,"2026/10/06 09:47:58",,4,FALSE
"10.4067/s0717-554x2019000200209","encontrado",200,"2026/09/08 16:20:26",,3,FALSE
"10.4067/s0717-554x2019000200235","encontrado",200,"2026/10/06 09:47:59",,4,FALSE
"10.4067/s0717-554x2020000200167","encontrado",200,"2026/09/08 16:20:27",,3,FALSE
"10.4067/s0717-554x2020000300229","encontrado",200,"2026/10/06 09:47:59",,2,FALSE
"10.4067/s0717-554x2024000200119","encontrado",200,"2026/09/08 16:20:28",,3,FALSE
"10.4067/s0717-554x2025000300001","encontrado",200,"2026/10/06 09:48:00",,4,FALSE
"10.4067/s0717-69962023000300130","encontrado",200,"2026/09/08 16:20:28",,3,FALSE
"10.4067/s0717-71942020000200337","encontrado",200,"2026/10/06 09:48:01",,2,FALSE
"10.4067/s0717-73562016000400014","encontrado",200,"2026/10/06 09:48:01",,1,FALSE
"10.4067/s0717-73562016005000003","encontrado",200,"2026/10/06 09:48:02",,5,FALSE
"10.4067/s0717-73562016005000004","encontrado",200,"2026/09/08 16:20:29",,2,FALSE
"10.4067/s0717-73562016005000005","encontrado",200,"2026/10/06 09:48:02",,8,FALSE
"10.4067/s0717-73562016005000016","encontrado",200,"2026/10/06 09:48:03",,18,FALSE
"10.4067/s0717-73562016005000017","encontrado",200,"2026/10/06 09:48:04",,5,FALSE
"10.4067/s0717-73562016005000021","encontrado",200,"2026/09/08 16:20:30",,6,FALSE
"10.4067/s0717-73562017005000003","encontrado",200,"2026/09/08 16:20:30",,7,FALSE
"10.4067/s0717-73562018000200169","encontrado",200,"2026/10/06 09:48:05",,17,FALSE
"10.4067/s0717-73562018005000301","encontrado",200,"2026/10/06 09:48:05",,6,FALSE
"10.4067/s0717-73562018005001501.","no_encontrado",404,"2026/09/08 16:20:31",,0,FALSE
"10.4067/s0717-73562018005002101.","no_encontrado",404,"2026/09/08 16:20:32",,0,FALSE
"10.4067/s0717-73562020005000401","encontrado",200,"2026/10/06 09:48:06",,1,FALSE
"10.4067/s0717-73562020005000702","encontrado",200,"2026/10/06 09:48:07",,3,FALSE
"10.4067/s0717-73562021005001701","encontrado",200,"2026/10/06 09:48:07",,7,FALSE
"10.4067/s0717-73562021005001801","encontrado",200,"2026/10/06 09:48:08",,7,FALSE
"10.4067/s0717-73562022005000203","encontrado",200,"2026/10/06 09:48:09",,5,FALSE
"10.4067/s0717-73562022005000801","encontrado",200,"2026/09/08 16:20:32",,2,FALSE
"10.4067/s0717-73562022005000902","encontrado",200,"2026/09/08 16:20:33",,5,FALSE
"10.4067/s0717-73562023005000501","encontrado",200,"2026/10/06 09:48:09",,6,FALSE
"10.4067/s0717-73562023005000701","encontrado",200,"2026/09/08 16:20:33",,6,FALSE
"10.4067/s0717-73562024005002403","encontrado",200,"2026/09/08 16:20:34",,2,FALSE
"10.4067/s0717-75182019000200129","encontrado",200,"2026/10/06 09:48:10",,1,FALSE
"10.4067/s0717-75182019000500579","encontrado",200,"2026/10/06 09:48:11",,2,FALSE
"10.4067/s0717-75182021000300319","encontrado",200,"2026/10/06 09:48:11",,6,FALSE
"10.4067/s0717-92002024000300393","encontrado",200,"2026/09/08 16:20:35",,4,FALSE
"10.4067/s0717-92002024000300461","encontrado",200,"2026/10/06 09:48:12",,4,FALSE
"10.4067/s0717-92272019000100025","encontrado",200,"2026/10/06 09:48:13",,10,FALSE
"10.4067/s0717-95022019000401382","encontrado",200,"2026/09/08 16:20:35",,5,FALSE
"10.4067/s0717-95022019000401397","encontrado",200,"2026/10/06 09:48:13",,4,FALSE
"10.4067/s0718-00122024000100080","encontrado",200,"2026/10/06 09:48:14",,2,FALSE
"10.4067/s0718-04622018000200151","encontrado",200,"2026/10/06 09:48:15",,2,FALSE
"10.4067/s0718-07052016000100002","encontrado",200,"2026/10/06 09:48:15",,4,FALSE
"10.4067/s0718-07052016000100021","encontrado",200,"2026/10/06 09:48:16",,4,FALSE
"10.4067/s0718-07052016000200004","encontrado",200,"2026/09/08 16:20:36",,2,FALSE
"10.4067/s0718-07052016000200010","encontrado",200,"2026/10/06 09:48:17",,3,FALSE
"10.4067/s0718-07052016000300006","encontrado",200,"2026/10/06 09:48:17",,4,FALSE
"10.4067/s0718-07052016000400005","encontrado",200,"2026/09/08 16:20:37",,3,FALSE
"10.4067/s0718-07052016000500007","encontrado",200,"2026/09/08 16:20:37",,6,FALSE
"10.4067/s0718-07052016000500011","encontrado",200,"2026/10/06 09:48:18",,6,FALSE
"10.4067/s0718-07052016000500013","encontrado",200,"2026/10/06 09:48:19",,7,FALSE
"10.4067/s0718-07052017000200001","encontrado",200,"2026/10/06 09:48:19",,2,FALSE
"10.4067/s0718-07052017000200010","encontrado",200,"2026/10/06 09:48:20",,5,FALSE
"10.4067/s0718-07052017000300002","encontrado",200,"2026/09/08 16:20:38",,4,FALSE
"10.4067/s0718-07052017000300014","encontrado",200,"2026/10/06 09:48:21",,2,FALSE
"10.4067/s0718-07052019000300387","encontrado",200,"2026/09/08 16:20:39",,3,FALSE
"10.4067/s0718-07052019000300397","encontrado",200,"2026/09/08 16:20:39",,2,FALSE
"10.4067/s0718-07052020000100223","encontrado",200,"2026/09/08 16:20:40",,3,FALSE
"10.4067/s0718-07052020000100383","encontrado",200,"2026/10/06 09:48:22",,4,FALSE
"10.4067/s0718-07052020000200299","encontrado",200,"2026/09/08 16:20:41",,5,FALSE
"10.4067/s0718-07052021000100281","encontrado",200,"2026/09/08 16:20:41",,5,FALSE
"10.4067/s0718-07052021000100453","encontrado",200,"2026/10/06 09:48:22",,3,FALSE
"10.4067/s0718-07052021000300007","encontrado",200,"2026/09/08 16:20:42",,6,FALSE
"10.4067/s0718-07052022000200035","encontrado",200,"2026/10/06 09:48:23",,5,FALSE
"10.4067/s0718-07052022000200435","encontrado",200,"2026/10/06 09:48:23",,4,FALSE
"10.4067/s0718-07052022000400419","encontrado",200,"2026/09/08 16:20:43",,4,FALSE
"10.4067/s0718-07052022000400435","encontrado",200,"2026/09/08 16:20:43",,1,FALSE
"10.4067/s0718-07052023000400437","encontrado",200,"2026/09/08 16:20:44",,3,FALSE
"10.4067/s0718-07052024000200437","encontrado",200,"2026/09/08 16:20:45",,2,FALSE
"10.4067/s0718-090x2022005000114","encontrado",200,"2026/09/08 16:20:45",,4,FALSE
"10.4067/s0718-10432016005000003","encontrado",200,"2026/09/08 16:20:46",,2,FALSE
"10.4067/s0718-10432016005000011","encontrado",200,"2026/09/08 16:20:47",,1,FALSE
"10.4067/s0718-10432016005000020","encontrado",200,"2026/10/06 09:48:24",,7,FALSE
"10.4067/s0718-10432017005000009","encontrado",200,"2026/10/06 09:48:25",,5,FALSE
"10.4067/s0718-10432017005000011","no_encontrado",404,"2026/09/08 16:20:47",,0,FALSE
"10.4067/s0718-10432019005000302","encontrado",200,"2026/10/06 09:48:25",,4,FALSE
"10.4067/s0718-22012017000200235","encontrado",200,"2026/10/06 09:48:26",,4,FALSE
"10.4067/s0718-22362016000100004","encontrado",200,"2026/09/08 16:20:48",,3,FALSE
"10.4067/s0718-22362018000300124","encontrado",200,"2026/10/06 09:48:27",,1,FALSE
"10.4067/s0718-22362020000100078","encontrado",200,"2026/09/08 16:20:48",,3,FALSE
"10.4067/s0718-22362020000200005","encontrado",200,"2026/10/06 09:48:28",,3,FALSE
"10.4067/s0718-22362020000200041","encontrado",200,"2026/10/06 09:48:28",,3,FALSE
"10.4067/s0718-22362021000300004","encontrado",200,"2026/10/06 09:48:29",,9,FALSE
"10.4067/s0718-22362021000300228","encontrado",200,"2026/10/06 09:48:30",,6,FALSE
"10.4067/s0718-22442017000200219","encontrado",200,"2026/10/06 09:48:30",,11,FALSE
"10.4067/s0718-22442018000200025","encontrado",200,"2026/10/06 09:48:31",,2,FALSE
"10.4067/s0718-22442019000100041","encontrado",200,"2026/09/08 16:20:49",,4,FALSE
"10.4067/s0718-22442019000100083","encontrado",200,"2026/09/08 16:20:50",,3,FALSE
"10.4067/s0718-22442020000100047","encontrado",200,"2026/10/06 09:48:32",,4,FALSE
"10.4067/s0718-22442020000100173","encontrado",200,"2026/10/06 09:48:32",,5,FALSE
"10.4067/s0718-23762019000200127","encontrado",200,"2026/10/06 09:48:33",,4,FALSE
"10.4067/s0718-23762022000200519","encontrado",200,"2026/10/06 09:48:34",,4,FALSE
"10.4067/s0718-23762024000100283","encontrado",200,"2026/09/08 16:20:51",,3,FALSE
"10.4067/s0718-24492017000100001","encontrado",200,"2026/09/08 16:20:51",,9,FALSE
"10.4067/s0718-33992024000200169","encontrado",200,"2026/10/06 09:48:34",,5,FALSE
"10.4067/s0718-34022022000100305","encontrado",200,"2026/09/08 16:20:52",,4,FALSE
"10.4067/s0718-34022023000200101","encontrado",200,"2026/10/06 09:48:35",,2,FALSE
"10.4067/s0718-34022023000300107","encontrado",200,"2026/10/06 09:48:36",,10,FALSE
"10.4067/s0718-45652017000200145","encontrado",200,"2026/10/06 09:48:36",,3,FALSE
"10.4067/s0718-48082016000100008","encontrado",200,"2026/10/06 09:48:37",,8,FALSE
"10.4067/s0718-48082016000300005","encontrado",200,"2026/10/06 09:48:38",,3,FALSE
"10.4067/s0718-48082017000100003","encontrado",200,"2026/10/06 09:48:38",,2,FALSE
"10.4067/s0718-48082017000300023","encontrado",200,"2026/10/06 09:48:39",,2,FALSE
"10.4067/s0718-48082021000300329","encontrado",200,"2026/10/06 09:48:40",,8,FALSE
"10.4067/s0718-48082023000100001","encontrado",200,"2026/10/06 09:48:41",,4,FALSE
"10.4067/s0718-48082024000300331","encontrado",200,"2026/09/08 16:20:53",,13,FALSE
"10.4067/s0718-48082025000100117","encontrado",200,"2026/10/06 09:48:41",,9,FALSE
"10.4067/s0718-48082025000300303","encontrado",200,"2026/10/06 09:48:42",,6,FALSE
"10.4067/s0718-50492018000100240","encontrado",200,"2026/10/06 09:48:43",,1,FALSE
"10.4067/s0718-50492019000200022","encontrado",200,"2026/10/06 09:48:43",,3,FALSE
"10.4067/s0718-50492019000300167","encontrado",200,"2026/10/06 09:48:44",,1,FALSE
"10.4067/s0718-50492020000100274","encontrado",200,"2026/10/06 09:48:45",,2,FALSE
"10.4067/s0718-65682016000100033","encontrado",200,"2026/10/06 09:48:45",,1,FALSE
"10.4067/s0718-65682017000200015","encontrado",200,"2026/10/06 09:48:46",,1,FALSE
"10.4067/s0718-65682018000100259","encontrado",200,"2026/10/06 09:48:47",,1,FALSE
"10.4067/s0718-65682018000200161","encontrado",200,"2026/10/06 09:48:47",,3,FALSE
"10.4067/s0718-68942016000200004","encontrado",200,"2026/10/06 09:48:48",,5,FALSE
"10.4067/s0718-73782016000200007","encontrado",200,"2026/10/06 09:48:49",,3,FALSE
"10.4067/s0718-73782019000100073","encontrado",200,"2026/10/06 09:48:49",,2,FALSE
"10.4067/s0718-73782020000100143","encontrado",200,"2026/09/08 16:20:53",,2,FALSE
"10.4067/s0718-73782021000200067","encontrado",200,"2026/09/08 16:20:54",,5,FALSE
"10.4067/s0718-83582021000100035","encontrado",200,"2026/10/06 09:48:50",,4,FALSE
"10.4067/s0719-09482018000100083","encontrado",200,"2026/09/08 16:20:55",,2,FALSE
"10.4067/s0719-09482020000100203","encontrado",200,"2026/10/06 09:48:51",,2,FALSE
"10.4067/s0719-09482021000100129","encontrado",200,"2026/10/06 09:48:52",,3,FALSE
"10.4067/s0719-09482022000200107","encontrado",200,"2026/10/06 09:48:52",,5,FALSE
"10.4067/s0719-09482022000200130","encontrado",200,"2026/09/08 16:20:55",,2,FALSE
"10.4067/s0719-26812016000200010","encontrado",200,"2026/10/06 09:48:53",,1,FALSE
"10.4067/s0719-26812018000300061","encontrado",200,"2026/10/06 09:48:54",,4,FALSE
"10.4067/s0719-26812018000300073","encontrado",200,"2026/10/06 09:48:54",,2,FALSE
"10.4067/s0719-26812019000200021","encontrado",200,"2026/09/08 16:20:56",,6,FALSE
"10.4067/s0719-26812020000200077","encontrado",200,"2026/09/08 16:20:57",,3,FALSE
"10.4067/s0719-26812020000300219","encontrado",200,"2026/09/08 16:20:57",,5,FALSE
"10.4067/s0719-26812022000100068","encontrado",200,"2026/09/08 16:20:58",,5,FALSE
"10.4067/s0719-26812022000200167","encontrado",200,"2026/09/08 16:20:59",,4,FALSE
"10.4067/s0719-26812023000100082","encontrado",200,"2026/10/06 09:48:55",,4,FALSE
"10.4067/s0719-26812024000300018","encontrado",200,"2026/09/08 16:20:59",,2,FALSE
"10.4067/s0719-26812024000300109","encontrado",200,"2026/09/08 16:21:00",,3,FALSE
"10.4067/s0719-36962020000100155","encontrado",200,"2026/09/08 16:21:00",,2,FALSE
"10.4067/s0719-36962021000100175","encontrado",200,"2026/09/08 16:21:01",,2,FALSE
"10.4067/s0719-56052019000100057","encontrado",200,"2026/10/06 09:48:56",,2,FALSE
"10.4067/s0719-56052019000100081","encontrado",200,"2026/09/08 16:21:02",,2,FALSE
"10.4067/s1726-569x2019000100115","encontrado",200,"2026/10/06 09:48:56",,1,FALSE
"10.4081/ripppo.2016.189","encontrado",200,"2026/09/08 16:21:02",,3,FALSE
"10.4081/ripppo.2016.192","encontrado",200,"2026/10/06 09:48:57",,2,FALSE
"10.4081/ripppo.2018.288","encontrado",200,"2026/10/06 09:48:58",,4,FALSE
"10.4081/ripppo.2022.556","encontrado",200,"2026/10/06 09:48:58",,6,FALSE
"10.4081/ripppo.2022.583","encontrado",200,"2026/10/06 09:48:59",,9,FALSE
"10.4151/07189729","encontrado",200,"2026/10/06 09:49:00",,2,FALSE
"10.4151/07189729-vol.58-iss.2-art.912","encontrado",200,"2026/09/08 16:21:03",,3,FALSE
"10.4151/07189729-vol.58-iss.2-art.916","encontrado",200,"2026/09/08 16:21:04",,3,FALSE
"10.4151/07189729-vol.61-iss.2-art.1273","encontrado",200,"2026/10/06 09:49:00",,11,FALSE
"10.4151/07189729-vol.61-iss.2-art.1283","encontrado",200,"2026/09/08 16:21:04",,7,FALSE
"10.4151/07197969-vol.13-iss.2-art.729","encontrado",200,"2026/10/06 09:49:01",,1,FALSE
"10.4151/07197969-vol.15-iss.1-art.862","encontrado",200,"2026/10/06 09:49:02",,1,FALSE
"10.4185/rlcs-2017-1216","encontrado",200,"2026/10/06 09:49:02",,3,FALSE
"10.4206/aus.2022.n32-13","encontrado",200,"2026/10/06 09:49:03",,2,FALSE
"10.4206/rev.austral.cienc.soc.2016.n31-06","encontrado",200,"2026/10/06 09:49:04",,4,FALSE
"10.4206/rev.austral.cienc.soc.2016.n31-07","encontrado",200,"2026/10/06 09:49:04",,4,FALSE
"10.4206/rev.austral.cienc.soc.2017.n33-01","encontrado",200,"2026/10/06 09:49:05",,2,FALSE
"10.4206/rev.austral.cienc.soc.2017.n33-02","encontrado",200,"2026/10/06 09:49:06",,1,FALSE
"10.4206/rev.austral.cienc.soc.2018.n35-07","encontrado",200,"2026/10/06 09:49:06",,2,FALSE
"10.4206/rev.austral.cienc.soc.2019.n37-04","encontrado",200,"2026/10/06 09:49:07",,1,FALSE
"10.4206/rev.austral.cienc.soc.2020.n39-02","encontrado",200,"2026/10/06 09:49:07",,3,FALSE
"10.4206/rev.austral.cienc.soc.2021.n41-07","encontrado",200,"2026/10/06 09:49:08",,2,FALSE
"10.4206/rev.austral.cienc.soc.2022.n43-05","encontrado",200,"2026/10/06 09:49:09",,3,FALSE
"10.4206/rev.austral.cienc.soc.2022.n43-09","encontrado",200,"2026/10/06 09:49:09",,5,FALSE
"10.4206/rev.austral.cienc.soc.2022.n43-11","encontrado",200,"2026/09/08 16:21:05",,2,FALSE
"10.4206/rev.austral.cienc.soc.2022.n43-14","encontrado",200,"2026/09/08 16:21:06",,2,FALSE
"10.4206/rev.austral.cienc.soc.2023.n44-01","encontrado",200,"2026/10/06 09:49:10",,6,FALSE
"10.4206/rev.austral.cienc.soc.2023.n44-07","encontrado",200,"2026/10/06 09:49:11",,3,FALSE
"10.4206/rev.austral.cienc.soc.2024.n46-15","encontrado",200,"2026/10/06 09:49:11",,1,FALSE
"10.4206/rev.austral.cienc.soc.2024.n47-10","encontrado",200,"2026/09/08 16:21:06",,5,FALSE
"10.4236/jss.2024.1210024","encontrado",200,"2026/10/06 09:49:12",,4,FALSE
"10.4288/jls.4288","encontrado",200,"2026/10/06 09:49:13",,4,FALSE
"10.4303/jdar/236300","no_encontrado",404,"2026/10/06 09:49:13",,0,FALSE
"10.4322/0104-4931.ctoen0678","encontrado",200,"2026/09/08 16:21:07",,3,FALSE
"10.4324/9781003090519-1","encontrado",200,"2026/10/06 09:49:14",,1,FALSE
"10.4324/9781003090519-8","no_encontrado",404,"2026/10/06 09:49:14",,0,FALSE
"10.4422/ager.2020.05","encontrado",200,"2026/10/06 09:49:15",,5,FALSE
"10.4422/ager.2022.10","no_encontrado",404,"2026/10/06 09:49:16",,0,FALSE
"10.4438/1988-592x-re-2019-383-400","encontrado",200,"2026/10/06 09:49:16",,4,FALSE
"10.47197/retos.v36i36.66782","encontrado",200,"2026/10/06 09:49:17",,8,FALSE
"10.47197/retos.v37i37.74183","encontrado",200,"2026/10/06 09:49:18",,3,FALSE
"10.47197/retos.v38i38.74280","encontrado",200,"2026/10/06 09:49:18",,3,FALSE
"10.47197/retos.v45i0.91598","encontrado",200,"2026/10/06 09:49:19",,6,FALSE
"10.47197/retos.v45i0.92761","encontrado",200,"2026/10/06 09:49:20",,4,FALSE
"10.47197/retos.v53.101104","encontrado",200,"2026/10/06 09:49:20",,4,FALSE
"10.47197/retos.v55.104090","encontrado",200,"2026/10/06 09:49:21",,4,FALSE
"10.47197/retos.v55.104427","encontrado",200,"2026/10/06 09:49:22",,2,FALSE
"10.47456/cadecs.v8i2.36074","encontrado",200,"2026/10/06 09:49:22",,5,FALSE
"10.47456/simbitica.v8i3.36815","encontrado",200,"2026/10/06 09:49:23",,3,FALSE
"10.47725/rav.031.02","encontrado",200,"2026/10/06 09:49:23",,3,FALSE
"10.47725/rav.031.06","encontrado",200,"2026/10/06 09:49:24",,2,FALSE
"10.47741/17943108.329","encontrado",200,"2026/09/08 16:21:08",,10,FALSE
"10.47741/17943108.540","encontrado",200,"2026/09/08 16:21:08",,12,FALSE
"10.4995/reinad.2016.4478","encontrado",200,"2026/10/06 09:49:25",,2,FALSE
"10.5007/1980-4512.2021.e72706","encontrado",200,"2026/10/06 09:49:25",,4,FALSE
"10.5007/2175-8034.2024.e96380","encontrado",200,"2026/10/06 09:49:26",,3,FALSE
"10.5027/jmh-vol19-issue2(2022)art142","encontrado",200,"2026/10/06 09:49:27",,1,FALSE
"10.5027/jmh-vol22-issue1(2025)art226","encontrado",200,"2026/10/06 09:49:27",,2,FALSE
"10.5027/psicoperspectivas-vol15-issue1-fulltext-718","encontrado",200,"2026/09/08 16:21:09",,2,FALSE
"10.5027/psicoperspectivas-vol15-issue3-fulltext-753","encontrado",200,"2026/10/06 09:49:28",,2,FALSE
"10.5027/psicoperspectivas-vol15-issue3-fulltext-825","encontrado",200,"2026/09/08 16:21:10",,6,FALSE
"10.5027/psicoperspectivas-vol16-issue2-fulltext-1019","encontrado",200,"2026/10/06 09:49:29",,2,FALSE
"10.5027/psicoperspectivas-vol16-issue2-fulltext-956","encontrado",200,"2026/10/06 09:49:29",,3,FALSE
"10.5027/psicoperspectivas-vol16-issue3-fulltext-1315","no_encontrado",404,"2026/10/06 09:49:30",,0,FALSE
"10.5027/psicoperspectivas-vol17-issue1-fulltext-1165","encontrado",200,"2026/10/06 09:49:31",,5,FALSE
"10.5027/psicoperspectivas-vol17-issue1-fulltext-1315","encontrado",200,"2026/10/06 09:49:31",,5,FALSE
"10.5027/psicoperspectivas-vol17-issue2-fulltext-1101","encontrado",200,"2026/10/06 09:49:32",,2,FALSE
"10.5027/psicoperspectivas-vol17-issue3-fulltext-1294","encontrado",200,"2026/10/06 09:49:33",,2,FALSE
"10.5027/psicoperspectivas-vol17-issue3-fulltext-1377","encontrado",200,"2026/10/06 09:49:33",,2,FALSE
"10.5027/psicoperspectivas-vol18-issue3-fulltext-1646","encontrado",200,"2026/10/06 09:49:34",,2,FALSE
"10.5027/psicoperspectivas-vol18-issue3-fulltext-1656","encontrado",200,"2026/10/06 09:49:35",,3,FALSE
"10.5027/psicoperspectivas-vol18-issue3-fulltext-1820","encontrado",200,"2026/10/06 09:49:35",,5,FALSE
"10.5027/psicoperspectivas-vol20-issue2-fulltext-2205","encontrado",200,"2026/10/06 09:49:36",,4,FALSE
"10.5027/psicoperspectivas-vol20-issue3-fulltext-2394","encontrado",200,"2026/10/06 09:49:37",,2,FALSE
"10.5027/psicoperspectivas-vol20-issue3-fulltext-2426","encontrado",200,"2026/09/08 16:21:10",,4,FALSE
"10.5027/psicoperspectivas-vol22-issue2-fulltext-2887","encontrado",200,"2026/09/08 16:21:11",,4,FALSE
"10.5027/psicoperspectivas-vol22-issue3-fulltext-2972","encontrado",200,"2026/10/06 09:49:37",,6,FALSE
"10.5027/psicoperspectivas-vol23-issue3-fulltext-3277","encontrado",200,"2026/10/06 09:49:38",,2,FALSE
"10.5027/psicoperspectivas-vol23-issue3-fulltext-3279","encontrado",200,"2026/10/06 09:49:39",,5,FALSE
"10.5027/psicoperspectivas-vol23-issue3-fulltext-3280","encontrado",200,"2026/09/08 16:21:12",,3,FALSE
"10.5027/psicoperspectivas/vol17-issue3-fulltext-1377","no_encontrado",404,"2026/09/08 16:21:12",,0,FALSE
"10.5040/9781474285568.0014","encontrado",200,"2026/10/06 09:49:39",,1,FALSE
"10.5093/apj2018a12","encontrado",200,"2026/09/08 16:21:13",,9,FALSE
"10.5093/psed2019a10","encontrado",200,"2026/10/06 09:49:40",,4,FALSE
"10.5093/psed2020a6","encontrado",200,"2026/10/06 09:49:40",,4,FALSE
"10.51188/rrts.num21.388","encontrado",200,"2026/10/06 09:49:41",,2,FALSE
"10.51188/rrts.num21.394","encontrado",200,"2026/10/06 09:49:42",,1,FALSE
"10.51188/rrts.num23.403","encontrado",200,"2026/10/06 09:49:42",,5,FALSE
"10.51188/rrts.num23.421","encontrado",200,"2026/10/06 09:49:43",,2,FALSE
"10.51188/rrts.num25.492","encontrado",200,"2026/10/06 09:49:44",,3,FALSE
"10.51188/rrts.num28.668","encontrado",200,"2026/10/06 09:49:44",,4,FALSE
"10.51188/rrts.num31.823","encontrado",200,"2026/10/06 09:49:45",,2,FALSE
"10.5194/essd-14-3599-2022","encontrado",200,"2026/10/06 09:49:46",,23,FALSE
"10.52080/rvgluz.27.99.14","encontrado",200,"2026/10/06 09:49:47",,3,FALSE
"10.5209/aris.65826","encontrado",200,"2026/09/08 16:21:14",,4,FALSE
"10.5209/aris.68448","encontrado",200,"2026/10/06 09:49:47",,2,FALSE
"10.5209/aris.70288","encontrado",200,"2026/09/08 16:21:14",,2,FALSE
"10.5209/crla.92245","encontrado",200,"2026/09/08 16:21:15",,1,FALSE
"10.5209/cuts.54593","encontrado",200,"2026/10/06 09:49:48",,1,FALSE
"10.5209/ltdl.92583","encontrado",200,"2026/10/06 09:49:49",,2,FALSE
"10.5209/poso.49672","encontrado",200,"2026/10/06 09:49:49",,4,FALSE
"10.5209/poso.52735","encontrado",200,"2026/10/06 09:49:50",,1,FALSE
"10.5209/poso.63531","encontrado",200,"2026/10/06 09:49:51",,3,FALSE
"10.5209/poso.72912","encontrado",200,"2026/10/06 09:49:51",,5,FALSE
"10.5209/rced.74519","encontrado",200,"2026/09/08 16:21:15",,3,FALSE
"10.5209/rced.85981","encontrado",200,"2026/10/06 09:49:52",,4,FALSE
"10.5209/rev_rced.2016.v27.n2.47079","encontrado",200,"2026/09/08 16:21:16",,3,FALSE
"10.5209/soci.59533","encontrado",200,"2026/10/06 09:49:53",,1,FALSE
"10.5209/soci.69619","encontrado",200,"2026/10/06 09:49:53",,3,FALSE
"10.5212/praxeduc.v.20.24620.068","encontrado",200,"2026/10/06 09:49:54",,5,FALSE
"10.5216/sec.v26.74664","encontrado",200,"2026/10/06 09:49:55",,2,FALSE
"10.5281/zenodo.10045910","encontrado",200,"2026/09/08 16:21:17",,2,FALSE
"10.5281/zenodo.3464061","encontrado",200,"2026/09/08 16:21:17",,1,FALSE
"10.5281/zenodo.3872528","encontrado",200,"2026/09/08 16:21:18",,1,FALSE
"10.5294/edu.2016.19.1.4","encontrado",200,"2026/10/06 09:49:55",,1,FALSE
"10.5294/laclil.2021.14.1.4","encontrado",200,"2026/10/06 09:49:56",,2,FALSE
"10.5334/jopd.80","encontrado",200,"2026/10/06 09:49:57",,155,TRUE
"10.53382/issn.2452-445x.705","encontrado",200,"2026/10/06 09:49:58",,1,FALSE
"10.5354/0717-3229.2017.58724","encontrado",200,"2026/10/06 09:49:59",,1,FALSE
"10.5354/0717-5051.2018.48216","encontrado",200,"2026/09/08 16:21:19",,5,FALSE
"10.5354/0717-5051.2020.57766","encontrado",200,"2026/10/06 09:49:59",,2,FALSE
"10.5354/0717-8883.2017.47174","encontrado",200,"2026/10/06 09:50:00",,1,FALSE
"10.5354/0717-8883.2017.48997","encontrado",200,"2026/10/06 09:50:00",,1,FALSE
"10.5354/0717-8883.2020.58938","encontrado",200,"2026/10/06 09:50:01",,1,FALSE
"10.5354/0717-8883.2020.58949","encontrado",200,"2026/10/06 09:50:01",,2,FALSE
"10.5354/0718-0527.2016.42795","encontrado",200,"2026/10/06 09:50:02",,1,FALSE
"10.5354/0718-0527.2017.47269","no_encontrado",404,"2026/10/06 09:50:03",,0,FALSE
"10.5354/0718-0527.2020.59350","encontrado",200,"2026/10/06 09:50:03",,2,FALSE
"10.5354/0718-2236.2024.76658","encontrado",200,"2026/10/06 09:50:04",,1,FALSE
"10.5354/0718-2236.2025.78761","encontrado",200,"2026/10/06 09:50:05",,1,FALSE
"10.5354/0718-2236.2025.81200","encontrado",200,"2026/10/06 09:50:05",,1,FALSE
"10.5354/0718-8358.2023.67375","encontrado",200,"2026/10/06 09:50:06",,1,FALSE
"10.5354/0718-8358.2025.78541","encontrado",200,"2026/10/06 09:50:06",,2,FALSE
"10.5354/0719-0417.2020.58186","encontrado",200,"2026/10/06 09:50:07",,3,FALSE
"10.5354/0719-0527.2017.47269","encontrado",200,"2026/10/06 09:50:08",,3,FALSE
"10.5354/0719-0527.2018.51026","encontrado",200,"2026/09/08 16:21:19",,5,FALSE
"10.5354/0719-0527.2019.54834","encontrado",200,"2026/10/06 09:50:08",,4,FALSE
"10.5354/0719-0527.2020.59350","encontrado",200,"2026/10/06 09:50:09",,2,FALSE
"10.5354/0719-0527.2020.60652","encontrado",200,"2026/09/08 16:21:20",,4,FALSE
"10.5354/0719-0527.2021.64776","encontrado",200,"2026/10/06 09:50:09",,3,FALSE
"10.5354/0719-0527.2021.64778","encontrado",200,"2026/10/06 09:50:10",,3,FALSE
"10.5354/0719-0527.2021.65874","encontrado",200,"2026/10/06 09:50:11",,5,FALSE
"10.5354/0719-0527.2022.70849","encontrado",200,"2026/10/06 09:50:11",,6,FALSE
"10.5354/0719-0527.2022.71619","encontrado",200,"2026/09/08 16:21:21",,2,FALSE
"10.5354/0719-0527.2023.70849","no_encontrado",404,"2026/10/06 09:50:12",,0,FALSE
"10.5354/0719-0527.2023.71619","no_encontrado",404,"2026/09/08 16:21:21",,0,FALSE
"10.5354/0719-0527.2023.72144","encontrado",200,"2026/10/06 09:50:13",,1,FALSE
"10.5354/0719-0527.2023.72146","encontrado",200,"2026/10/06 09:50:13",,3,FALSE
"10.5354/0719-0581.2017.46689","encontrado",200,"2026/09/08 16:21:22",,4,FALSE
"10.5354/0719-0581.2017.46693","encontrado",200,"2026/10/06 09:50:14",,5,FALSE
"10.5354/0719-0581.2018.50755","encontrado",200,"2026/10/06 09:50:14",,4,FALSE
"10.5354/0719-0581.2018.50756","encontrado",200,"2026/09/08 16:21:22",,3,FALSE
"10.5354/0719-0581.2019.52315","no_encontrado",404,"2026/10/06 09:50:15",,0,FALSE
"10.5354/0719-0581.2021.59925","encontrado",200,"2026/10/06 09:50:16",,2,FALSE
"10.5354/0719-0581.2021.60644","encontrado",200,"2026/10/06 09:50:16",,2,FALSE
"10.5354/0719-0581.2022.60312","encontrado",200,"2026/09/08 16:21:23",,3,FALSE
"10.5354/0719-0581.2022.64715","encontrado",200,"2026/10/06 09:50:17",,3,FALSE
"10.5354/0719-0581.2023.69653","encontrado",200,"2026/10/06 09:50:18",,7,FALSE
"10.5354/0719-0581.2023.73786","encontrado",200,"2026/10/06 09:50:19",,1,FALSE
"10.5354/0719-0581.2023.73787","encontrado",200,"2026/10/06 09:50:19",,5,FALSE
"10.5354/0719-0581.2024.75178","encontrado",200,"2026/10/06 09:50:20",,4,FALSE
"10.5354/0719-0581.2024.77243","encontrado",200,"2026/10/06 09:50:20",,1,FALSE
"10.5354/0719-0581.2024.77244","encontrado",200,"2026/10/06 09:50:21",,1,FALSE
"10.5354/0719-0581.2025.77399","encontrado",200,"2026/10/06 09:50:21",,5,FALSE
"10.5354/0719-1243.2025.81949","encontrado",200,"2026/10/06 09:50:22",,2,FALSE
"10.5354/0719-1472.2015.42497","encontrado",200,"2026/10/06 09:50:23",,1,FALSE
"10.5354/0719-1472.2023.71706","encontrado",200,"2026/10/06 09:50:23",,2,FALSE
"10.5354/0719-1472.2024.76524","encontrado",200,"2026/10/06 09:50:24",,2,FALSE
"10.5354/0719-1472.2024.76740","encontrado",200,"2026/10/06 09:50:24",,2,FALSE
"10.5354/0719-1472.2025.79328","encontrado",200,"2026/10/06 09:50:25",,1,FALSE
"10.5354/0719-1529.2023.69037","encontrado",200,"2026/10/06 09:50:25",,4,FALSE
"10.5354/0719-3769.2023.73187","encontrado",200,"2026/10/06 09:50:26",,2,FALSE
"10.5354/0719-4862.2023.72244","encontrado",200,"2026/10/06 09:50:27",,1,FALSE
"10.5354/0719-5281.2016.44927","encontrado",200,"2026/10/06 09:50:27",,2,FALSE
"10.5354/0719-529x.2016.47320","encontrado",200,"2026/10/06 09:50:28",,1,FALSE
"10.5354/0719-529x.2017.47885","encontrado",200,"2026/10/06 09:50:29",,2,FALSE
"10.5354/0719-529x.2018.51934","encontrado",200,"2026/10/06 09:50:29",,1,FALSE
"10.5354/0719-529x.2019.54272","encontrado",200,"2026/10/06 09:50:30",,3,FALSE
"10.5354/0719-529x.2020.58645","encontrado",200,"2026/10/06 09:50:30",,3,FALSE
"10.5354/0719-529x.2021.64422","encontrado",200,"2026/10/06 09:50:31",,2,FALSE
"10.5354/0719-529x.2021.64423","encontrado",200,"2026/10/06 09:50:32",,4,FALSE
"10.5354/0719-529x.2022.68145","encontrado",200,"2026/10/06 09:50:32",,1,FALSE
"10.5354/0719-529x.2022.68146","encontrado",200,"2026/10/06 09:50:33",,2,FALSE
"10.5354/0719-529x.2022.68151","encontrado",200,"2026/10/06 09:50:33",,1,FALSE
"10.5354/0719-529x.2022.68153","encontrado",200,"2026/10/06 09:50:34",,2,FALSE
"10.5354/0719-529x.2023.71232","encontrado",200,"2026/10/06 09:50:35",,1,FALSE
"10.5354/0719-529x.2023.73243","encontrado",200,"2026/10/06 09:50:35",,2,FALSE
"10.5354/0719-529x.2023.73495","encontrado",200,"2026/10/06 09:50:36",,4,FALSE
"10.5354/0719-529x.2025.79641","encontrado",200,"2026/10/06 09:50:37",,2,FALSE
"10.5354/0719-529x.2025.79736","encontrado",200,"2026/10/06 09:50:37",,3,FALSE
"10.5354/0719-529x.2025.82510","encontrado",200,"2026/10/06 09:50:38",,2,FALSE
"10.5354/0719-5338.2019.61558","encontrado",200,"2026/10/06 09:50:39",,1,FALSE
"10.5354/0719-5338.2023.71058","encontrado",200,"2026/10/06 09:50:39",,2,FALSE
"10.5354/0719-6296.2019.51286","encontrado",200,"2026/10/06 09:50:40",,4,FALSE
"10.5354/0719-6296.2022.67000","encontrado",200,"2026/09/08 16:21:24",,1,FALSE
"10.5354/0719-6296.2024.73176","encontrado",200,"2026/10/06 09:50:40",,2,FALSE
"10.5354/0719-6296.2024.73807","encontrado",200,"2026/10/06 09:50:41",,6,FALSE
"10.5354/2452-5014.2021.60684","encontrado",200,"2026/10/06 09:50:42",,3,FALSE
"10.5354/2735-6620.2021.60952","encontrado",200,"2026/10/06 09:50:42",,2,FALSE
"10.5354/2735-6620.2021.61241","encontrado",200,"2026/09/08 16:21:24",,4,FALSE
"10.5354/2735-6620.2021.61243","encontrado",200,"2026/10/06 09:50:43",,1,FALSE
"10.5354/2735-6620.2021.61246","encontrado",200,"2026/10/06 09:50:44",,2,FALSE
"10.5354/2735-6620.2021.61337","encontrado",200,"2026/10/06 09:50:44",,1,FALSE
"10.5354/2735-6620.2021.61580","encontrado",200,"2026/10/06 09:50:45",,2,FALSE
"10.5354/2735-6620.2022.65601","encontrado",200,"2026/10/06 09:50:46",,1,FALSE
"10.5354/2735-6620.2022.66992","encontrado",200,"2026/10/06 09:50:46",,1,FALSE
"10.5354/2735-6620.2022.67189","encontrado",200,"2026/10/06 09:50:47",,2,FALSE
"10.5354/2735-6620.2022.68620","encontrado",200,"2026/10/06 09:50:48",,2,FALSE
"10.5354/2735-6620.2022.68622","encontrado",200,"2026/10/06 09:50:48",,1,FALSE
"10.5354/2735-6620.2022.68631","encontrado",200,"2026/10/06 09:50:49",,1,FALSE
"10.5354/2735-6620.2023.68298","encontrado",200,"2026/10/06 09:50:50",,1,FALSE
"10.5354/2735-6620.2023.69179","encontrado",200,"2026/10/06 09:50:50",,1,FALSE
"10.5354/2735-6620.2023.70501","encontrado",200,"2026/10/06 09:50:51",,1,FALSE
"10.5354/2735-6620.2024.74350","encontrado",200,"2026/10/06 09:50:51",,1,FALSE
"10.5354/2735-6620.2024.74375","encontrado",200,"2026/10/06 09:50:52",,2,FALSE
"10.5354/2735-6620.2024.74417","encontrado",200,"2026/10/06 09:50:53",,2,FALSE
"10.5354/2735-6620.2024.75568","encontrado",200,"2026/10/06 09:50:53",,3,FALSE
"10.5354/2735-6620.2024.75732","encontrado",200,"2026/10/06 09:50:54",,3,FALSE
"10.5354/2735-6620.2024.76461","encontrado",200,"2026/10/06 09:50:55",,2,FALSE
"10.5354/2735-6620.2025.78381","encontrado",200,"2026/10/06 09:50:55",,3,FALSE
"10.5354/2735-6620.2025.78384","encontrado",200,"2026/10/06 09:50:56",,1,FALSE
"10.5354/2735-6620.2025.78450","encontrado",200,"2026/10/06 09:50:56",,1,FALSE
"10.5354/2735-6620.2025.79145","encontrado",200,"2026/10/06 09:50:57",,2,FALSE
"10.5354/2735-6620.2025.80389","encontrado",200,"2026/10/06 09:50:57",,1,FALSE
"10.5354/2735-6620.2025.81264","encontrado",200,"2026/10/06 09:50:58",,3,FALSE
"10.5354/2735-6620.2025.81265","encontrado",200,"2026/10/06 09:50:59",,1,FALSE
"10.5354/2735-7279.2023.65757","encontrado",200,"2026/09/08 16:21:25",,1,FALSE
"10.5354/2735-7279.2023.70219","encontrado",200,"2026/10/06 09:50:59",,2,FALSE
"10.5354/2735-7279.2023.70227","encontrado",200,"2026/09/08 16:21:26",,2,FALSE
"10.5354/2735-7279.2023.73003","encontrado",200,"2026/09/08 16:21:26",,4,FALSE
"10.5354/2735-7279.2023.73221","encontrado",200,"2026/10/06 09:51:00",,1,FALSE
"10.5354/2735-7279.2024.71164","encontrado",200,"2026/09/08 16:21:27",,4,FALSE
"10.5354/2735-7279.2024.73695","encontrado",200,"2026/10/06 09:51:01",,4,FALSE
"10.5354/2735-7473.2018.50546","encontrado",200,"2026/10/06 09:51:01",,2,FALSE
"10.5354/2735-7473.2022.69390","encontrado",200,"2026/10/06 09:51:02",,2,FALSE
"10.5354/2735-7473.2024.77297","encontrado",200,"2026/09/08 16:21:27",,3,FALSE
"10.53680/vertex.v35i164.542","encontrado",200,"2026/10/06 09:51:03",,11,FALSE
"10.53689/ea.v13i2.180","encontrado",200,"2026/10/06 09:51:03",,3,FALSE
"10.53689/int.v14i1.209","encontrado",200,"2026/10/06 09:51:04",,3,FALSE
"10.53689/int.v15i2.314","encontrado",200,"2026/10/06 09:51:05",,3,FALSE
"10.53689/pa.v2i1.14","encontrado",200,"2026/10/06 09:51:05",,3,FALSE
"10.53689/pys.v33i1.261","encontrado",200,"2026/10/06 09:51:06",,3,FALSE
"10.5380/dma.v58i0.71047","encontrado",200,"2026/09/08 16:21:28",,3,FALSE
"10.5380/dma.v59i0.74054","encontrado",200,"2026/10/06 09:51:06",,8,FALSE
"10.54255/lim.vol10.num20.531","encontrado",200,"2026/10/06 09:51:07",,6,FALSE
"10.54255/lim.vol12.num23.707","encontrado",200,"2026/10/06 09:51:08",,5,FALSE
"10.54255/lim.vol12.num24.774","encontrado",200,"2026/10/06 09:51:08",,6,FALSE
"10.54255/lim.vol14.num28.7","encontrado",200,"2026/10/06 09:51:09",,3,FALSE
"10.54255/lim.vol14.num29.11","encontrado",200,"2026/10/06 09:51:10",,2,FALSE
"10.54549/ky.2025.10.e5293","encontrado",200,"2026/10/06 09:51:10",,4,FALSE
"10.54802/r.esp.n1.2025.162","encontrado",200,"2026/10/06 09:51:11",,3,FALSE
"10.54871/cl4c400d","encontrado",200,"2026/10/06 09:51:12",,6,FALSE
"10.5565/rev/athenea.1607","encontrado",200,"2026/09/08 16:21:28",,3,FALSE
"10.5565/rev/athenea.1629","encontrado",200,"2026/09/08 16:21:29",,6,FALSE
"10.5565/rev/athenea.1937","encontrado",200,"2026/10/06 09:51:13",,2,FALSE
"10.5565/rev/athenea.2447","encontrado",200,"2026/10/06 09:51:13",,4,FALSE
"10.5565/rev/athenea.2487","encontrado",200,"2026/10/06 09:51:14",,1,FALSE
"10.5565/rev/athenea.2936","encontrado",200,"2026/10/06 09:51:15",,2,FALSE
"10.5565/rev/athenea.3102","encontrado",200,"2026/10/06 09:51:15",,7,FALSE
"10.5565/rev/athenea.3143","encontrado",200,"2026/10/06 09:51:16",,4,FALSE
"10.5565/rev/athenea.3466","encontrado",200,"2026/10/06 09:51:17",,3,FALSE
"10.5565/rev/athenea.3703","encontrado",200,"2026/10/06 09:51:17",,3,FALSE
"10.5565/rev/enrahonar.1424","encontrado",200,"2026/09/08 16:21:30",,3,FALSE
"10.5565/rev/mitologias.1222","encontrado",200,"2026/10/06 09:51:18",,4,FALSE
"10.5565/rev/papers.2539","encontrado",200,"2026/10/06 09:51:19",,1,FALSE
"10.5565/rev/papers.2576","encontrado",200,"2026/10/06 09:51:20",,3,FALSE
"10.5565/rev/papers.2902","encontrado",200,"2026/10/06 09:51:20",,2,FALSE
"10.5565/rev/papers.2998","encontrado",200,"2026/09/08 16:21:30",,2,FALSE
"10.5565/rev/qpsicologia.1539","encontrado",200,"2026/10/06 09:51:21",,3,FALSE
"10.5565/rev/qpsicologia.1689","encontrado",200,"2026/09/08 16:21:31",,6,FALSE
"10.5565/rev/qpsicologia.1750","encontrado",200,"2026/10/06 09:51:22",,5,FALSE
"10.5565/rev/qpsicologia.1979","encontrado",200,"2026/09/08 16:21:32",,6,FALSE
"10.56294/hl2025952","encontrado",200,"2026/10/06 09:51:23",,9,FALSE
"10.56294/mw2025684","encontrado",200,"2026/10/06 09:51:23",,3,FALSE
"10.56383/yudj7139","encontrado",200,"2026/10/06 09:51:24",,19,FALSE
"10.56575/bscha.05200220723","encontrado",200,"2026/10/06 09:51:25",,3,FALSE
"10.56575/bscha.05400230772","encontrado",200,"2026/10/06 09:51:25",,3,FALSE
"10.56575/bscha.05900250883","encontrado",200,"2026/10/06 09:51:26",,6,FALSE
"10.56754/2810-6598.2024.0005","encontrado",200,"2026/10/06 09:51:27",,2,FALSE
"10.56754/2810-6598.2024.0018","encontrado",200,"2026/10/06 09:51:27",,4,FALSE
"10.56754/2810-6598.2024.0022","encontrado",200,"2026/10/06 09:51:28",,2,FALSE
"10.56754/2810-6598.2025.0033","encontrado",200,"2026/10/06 09:51:29",,2,FALSE
"10.5751/es-10300-230415","encontrado",200,"2026/10/06 09:51:29",,6,FALSE
"10.5867/medwave.2016.6668","encontrado",200,"2026/10/06 09:51:30",,8,FALSE
"10.5867/medwave.2024.01.2754","encontrado",200,"2026/10/06 09:51:31",,4,FALSE
"10.5867/medwave.2025.05.3022","encontrado",200,"2026/10/06 09:51:31",,8,FALSE
"10.5902/1984686x84787","encontrado",200,"2026/10/06 09:51:32",,1,FALSE
"10.5944/empiria.55.2022.34184","encontrado",200,"2026/10/06 09:51:33",,3,FALSE
"10.5944/empiria.58.2023.37378","encontrado",200,"2026/09/08 16:21:33",,3,FALSE
"10.5944/rppc.37271","encontrado",200,"2026/10/06 09:51:33",,6,FALSE
"10.5964/jspp.7973","encontrado",200,"2026/10/06 09:51:34",,3,FALSE
"10.5964/jspp.v6i2.896","encontrado",200,"2026/10/06 09:51:34",,2,FALSE
"10.5964/meth.2305","encontrado",200,"2026/10/06 09:51:35",,2,FALSE
"10.5965/2175180314362022e0106","encontrado",200,"2026/10/06 09:51:36",,3,FALSE
"10.59927/sig.v13i1.98","encontrado",200,"2026/10/06 09:51:36",,1,FALSE
"10.6018/analesps.429651","encontrado",200,"2026/09/08 16:21:33",,4,FALSE
"10.6018/reifop.22.3.389801","encontrado",200,"2026/10/06 09:51:37",,4,FALSE
"10.6018/reifop.389801","encontrado",200,"2026/10/06 09:51:38",,4,FALSE
"10.6018/rie.36.2.298061","encontrado",200,"2026/09/08 16:21:34",,2,FALSE
"10.6035/asparkia.6115","encontrado",200,"2026/10/06 09:51:38",,1,FALSE
"10.6035/asparkia.6164","encontrado",200,"2026/10/06 09:51:39",,2,FALSE
"10.6035/kult-ur.7940","encontrado",200,"2026/09/08 16:21:34",,2,FALSE
"10.6035/kult-ur.7941","encontrado",200,"2026/09/08 16:21:35",,3,FALSE
"10.6035/kult-ur.7942","encontrado",200,"2026/09/08 16:21:36",,1,FALSE
"10.6035/kult-ur.8203","encontrado",200,"2026/09/08 16:21:36",,1,FALSE
"10.6035/millars.2022.53.4","encontrado",200,"2026/09/08 16:21:37",,1,FALSE
"10.6084/m9.figshare.c.7655134","encontrado",200,"2026/10/06 09:51:40",,99,FALSE
"10.6092/issn.1971-8853/16816","encontrado",200,"2026/10/06 09:51:40",,3,FALSE
"10.61303/07184727.v18i.1167","encontrado",200,"2026/10/06 09:51:41",,3,FALSE
"10.61303/07190948.v25i.1228","encontrado",200,"2026/09/08 16:21:37",,2,FALSE
"10.61303/07190948.v25i.1248","encontrado",200,"2026/09/08 16:21:38",,3,FALSE
"10.61604/typ.v1i43.309","encontrado",200,"2026/10/06 09:51:42",,2,FALSE
"10.7202/1120183ar","encontrado",200,"2026/10/06 09:51:43",,3,FALSE
"10.7203/kam.16.16650","encontrado",200,"2026/10/06 09:51:43",,8,FALSE
"10.7203/kam.21.24284","encontrado",200,"2026/10/06 09:51:44",,1,FALSE
"10.7203/rase.15.3.25239","encontrado",200,"2026/10/06 09:51:45",,4,FALSE
"10.7311/itinerarios.42.2025.11","encontrado",200,"2026/10/06 09:51:45",,1,FALSE
"10.7334/psicothema2019.235","encontrado",200,"2026/10/06 09:51:46",,2,FALSE
"10.7411/rp.2015.211","encontrado",200,"2026/10/06 09:51:47",,3,FALSE
"10.7440/antipoda28.2017.02","encontrado",200,"2026/10/06 09:51:47",,2,FALSE
"10.7440/antipoda31.2018.03","encontrado",200,"2026/09/08 16:21:39",,3,FALSE
"10.7440/antipoda38.2020.07","encontrado",200,"2026/09/08 16:21:39",,2,FALSE
"10.7440/antipoda43.2021.01","encontrado",200,"2026/09/08 16:21:40",,3,FALSE
"10.7440/antipoda43.2021.05","encontrado",200,"2026/10/06 09:51:48",,2,FALSE
"10.7440/antipoda45.2021.03","encontrado",200,"2026/09/08 16:21:41",,4,FALSE
"10.7440/antipoda47.2022.01","encontrado",200,"2026/10/06 09:51:49",,3,FALSE
"10.7440/antipoda48.2022.01","encontrado",200,"2026/10/06 09:51:50",,3,FALSE
"10.7440/antipoda58.2025.07","encontrado",200,"2026/09/08 16:21:42",,2,FALSE
"10.7440/colombiaint106.2021.04","encontrado",200,"2026/09/08 16:21:42",,3,FALSE
"10.7440/colombiaint124.2025.05","encontrado",200,"2026/09/08 16:21:43",,1,FALSE
"10.7440/res59.2017.06","encontrado",200,"2026/10/06 09:51:50",,2,FALSE
"10.7440/res59.2017.08","encontrado",200,"2026/10/06 09:51:51",,2,FALSE
"10.7440/res64.2018.03","encontrado",200,"2026/10/06 09:51:52",,1,FALSE
"10.7440/res77.2021.07","encontrado",200,"2026/10/06 09:51:52",,2,FALSE
"10.7440/res78.2021.02","encontrado",200,"2026/10/06 09:51:53",,3,FALSE
"10.7440/res83.2023.04","encontrado",200,"2026/10/06 09:51:54",,3,FALSE
"10.7440/res85.2023.07","encontrado",200,"2026/10/06 09:51:54",,3,FALSE
"10.7440/res87.2024.04","encontrado",200,"2026/09/08 16:21:44",,3,FALSE
"10.7440/res87.2024.05","encontrado",200,"2026/10/06 09:51:55",,2,FALSE
"10.7554/elife.63390","encontrado",200,"2026/09/08 16:21:44",,11,FALSE
"10.7714/cnps/10.2.201","encontrado",200,"2026/10/06 09:51:56",,5,FALSE
"10.7714/cnps/11.1.203","no_encontrado",404,"2026/10/06 09:51:56",,0,FALSE
"10.7714/cnps/14.1.202","encontrado",200,"2026/10/06 09:51:57",,1,FALSE
"10.7714/cnps/15.1.201","no_encontrado",404,"2026/10/06 09:51:58",,0,FALSE
"10.7714/cnps/18.3.201","no_encontrado",404,"2026/10/06 09:51:58",,0,FALSE
"10.7764/69.10","encontrado",200,"2026/10/06 09:51:59",,7,FALSE
"10.7764/aisth.63.8","encontrado",200,"2026/10/06 09:52:00",,2,FALSE
"10.7764/aisth.66.6","encontrado",200,"2026/10/06 09:52:00",,2,FALSE
"10.7764/cdi.39.754","encontrado",200,"2026/09/08 16:21:45",,5,FALSE
"10.7764/cdi.39.784","encontrado",200,"2026/09/08 16:21:46",,2,FALSE
"10.7764/cdi.42.1207","encontrado",200,"2026/09/08 16:21:46",,4,FALSE
"10.7764/cdi.50.27755","encontrado",200,"2026/10/06 09:52:01",,2,FALSE
"10.7764/cdi.62.92106","encontrado",200,"2026/10/06 09:52:02",,2,FALSE
"10.7764/disena.26.article.2","encontrado",200,"2026/09/08 16:21:47",,2,FALSE
"10.7764/eure.47.140.09","encontrado",200,"2026/10/06 09:52:02",,1,FALSE
"10.7764/pel.56.1.2019.1","encontrado",200,"2026/10/06 09:52:03",,3,FALSE
"10.7764/pel.58.1.2021.10","encontrado",200,"2026/10/06 09:52:04",,6,FALSE
"10.7764/pel.61.3.2024.3","encontrado",200,"2026/10/06 09:52:04",,3,FALSE
"10.7764/psykhe.2018.22221","encontrado",200,"2026/10/06 09:52:05",,3,FALSE
"10.7764/psykhe.2019.22225","encontrado",200,"2026/10/06 09:52:06",,3,FALSE
"10.7764/psykhe.2019.22385","encontrado",200,"2026/10/06 09:52:07",,3,FALSE
"10.7764/psykhe.2021.33531","encontrado",200,"2026/10/06 09:52:07",,6,FALSE
"10.7764/psykhe.2021.36777","encontrado",200,"2026/09/08 16:21:48",,3,FALSE
"10.7764/psykhe.2021.38063","encontrado",200,"2026/10/06 09:52:08",,4,FALSE
"10.7764/psykhe.2021.38527","encontrado",200,"2026/09/08 16:21:49",,2,FALSE
"10.7764/psykhe.2021.40035","encontrado",200,"2026/10/06 09:52:09",,3,FALSE
"10.7764/psykhe.2021.45375","encontrado",200,"2026/10/06 09:52:09",,2,FALSE
"10.7764/psykhe.2023.73457","encontrado",200,"2026/10/06 09:52:10",,9,FALSE
"10.7764/psykhe.2024.80170","encontrado",200,"2026/10/06 09:52:10",,7,FALSE
"10.7764/psykhe.25.2.852","encontrado",200,"2026/10/06 09:52:11",,3,FALSE
"10.7764/psykhe.26.1.950","encontrado",200,"2026/10/06 09:52:12",,7,FALSE
"10.7764/psykhe.27.1.1134","no_encontrado",404,"2026/10/06 09:52:13",,0,FALSE
"10.7764/psykhe.27.2.1152","encontrado",200,"2026/10/06 09:52:13",,2,FALSE
"10.7764/psykhe.28.1.1126","encontrado",200,"2026/09/08 16:21:49",,3,FALSE
"10.7764/psykhe.28.1.1282","encontrado",200,"2026/10/06 09:52:14",,5,FALSE
"10.7764/psykhe.28.4.1707","encontrado",200,"2026/10/06 09:52:15",,2,FALSE
"10.7764/psykhe.28.5.1700","encontrado",200,"2026/10/06 09:52:15",,5,FALSE
"10.7764/res.2021.48.5","encontrado",200,"2026/10/06 09:52:16",,3,FALSE
"10.7764/rts.100.9-10","encontrado",200,"2026/10/06 09:52:16",,1,FALSE
"10.7770/cuhso-v27n2-art1244","encontrado",200,"2026/10/06 09:52:17",,5,FALSE
"10.7770/cuhso-v31n1-art2296","encontrado",200,"2026/10/06 09:52:18",,4,FALSE
"10.7770/cuhso-v31n1.art2284","no_encontrado",404,"2026/09/08 16:21:50",,0,FALSE
"10.7770/cuhso-v31n2-art2258","encontrado",200,"2026/10/06 09:52:18",,2,FALSE
"10.7770/cuhso-v33n1-art477","encontrado",200,"2026/09/08 16:21:51",,1,FALSE
"10.7770/cuhso-v33n2-art688","encontrado",200,"2026/10/06 09:52:19",,6,FALSE
"10.7770/cuhso-v35n1-art677","encontrado",200,"2026/10/06 09:52:20",,5,FALSE
"10.7770/cuhso-v35n1-art860","encontrado",200,"2026/09/08 16:21:51",,3,FALSE
"10.7770/cuhso.v31i1.2284","encontrado",200,"2026/10/06 09:52:21",,2,FALSE
"10.7770/cuhso.v31i1.2296","encontrado",200,"2026/10/06 09:52:21",,4,FALSE
"10.7770/rchdcp-v13n1-art2846","encontrado",200,"2026/10/06 09:52:22",,2,FALSE
"10.7770/rchdcp-v13n2-art2992","encontrado",200,"2026/10/06 09:52:23",,2,FALSE
"10.7821/naer.2016.8.173","encontrado",200,"2026/10/06 09:52:23",,4,FALSE
"10.7870/cjcmh-2017-002","encontrado",200,"2026/10/06 09:52:24",,3,FALSE
"10.9756/int-jecse/v13i2.211169","encontrado",200,"2026/10/06 09:52:25",,5,FALSE
