"estado","categoria","catalogo","nombre_completo","departamento","anio","revista_orcid","titulo","ext_ids","issn","url","registrado_por","id_orcid","put_code","ya_en_base_como"
"A. Ya en la base (titulo casi igual)","0. Ya en la base por otra via","WoS","Carla María Pinochet Cobos","Antropología",2016,"Revista Chilena de Literatura","SOCIABILIDAD Y NUEVAS TECNOLOGÍAS EN LAS PRÁCTICAS LECTORAS. UN ESTUDIO EN CIUDAD DE MÉXICO","other-id","","https://www.redalyc.org/articulo.oa?id=360249875005","Redalyc","0000-0002-8188-2572","110977965","OpenAlex journal-article"
"A. Ya en la base (titulo casi igual)","0. Ya en la base por otra via","WoS","Carla María Pinochet Cobos","Antropología",2016,"Revista Chilena de Literatura","Sociabilidad y nuevas tecnologías en las prácticas lectoras. Un estudio en ciudad de México","eid;issn","07182295 00487651","http://www.scopus.com/inward/record.url?eid=2-s2.0-85014384444&partnerID=MN8TOARS","Scopus - Elsevier","0000-0002-8188-2572","110977942","OpenAlex journal-article"
"A. Ya en la base (titulo casi igual)","0. Ya en la base por otra via","ERIH","Carolina Andrea Belmar Pantelis","Antropología",2018,"Revista Chilena de Antropología ","Saberes compartidos y particularidades regionales en las prácticas fumatorias de sociedades del periodo Alfarero Temprano del norte semiárido, centro y sur de Chile, América del Sur","","",,"Carolina Belmar","0000-0002-1757-6976","160239858","OpenAlex journal-article"
"A. Ya en la base (titulo casi igual)","0. Ya en la base por otra via",,"Carolina Beatriz Franch Maggiolo","Antropología",2019,"Revista Chilena de Antropología. Vol. 39. Pág.  58 - 76","Música y mujeres. La persistencia de los mandatos de género en las trayectorias artísticas de mujeres migrantes en Chile","","",,"Carolina Franch Maggiolo","0000-0003-4289-6530","135926884","OpenAlex journal-article"
"A. Ya en la base (titulo casi igual)","0. Ya en la base por otra via","WoS","Daniel Osvaldo Quiroz Larrea","Antropología",2016,"Magallania","EL PROCESAMIENTO DE BALLENAS VARADAS EN LAS COSTAS DE LA PATAGONIA OCCIDENTAL [A PROPÓSITO DE UN GRABADO DE MEDIADOS DEL SIGLO XIX]","other-id","","https://www.redalyc.org/articulo.oa?id=50646571004","Redalyc","0000-0001-7436-6142","114385684","OpenAlex journal-article"
"A. Ya en la base (titulo casi igual)","0. Ya en la base por otra via","WoS","Emiliano Nicolás Gissi Barbieri","Antropología",2018,"Chungara. Revista de Antropología Chilena, Vol. 50, N°4."," “Fronteras internas y hegemonías predicativas en Chile: el caso de la Patagonia”","","",,"Nicolás Gissi","0000-0001-5059-7691","112397437","OpenAlex journal-article"
"A. Ya en la base (titulo casi igual)","0. Ya en la base por otra via","ERIH","Emiliano Nicolás Gissi Barbieri","Antropología",2019,"Revista Chilena de Antropología N°39","“Biografías, fronteras y tránsitos: comunidad haitiana y falta de reconocimiento en la plural sociedad chilena”","","",,"Nicolás Gissi","0000-0001-5059-7691","112397350","OpenAlex journal-article"
"A. Ya en la base (titulo casi igual)","0. Ya en la base por otra via",,"Emiliano Nicolás Gissi Barbieri","Antropología",2020,"Diálogo Andino N°63","“Respuestas de los países del Pacífico Suramericano ante la migración venezolana: Estudio comparado de políticas migratorias en Colombia, Ecuador y Perú”","","","https://www.scielo.cl/scielo.php?script=sci_arttext&pid=S0719-26812020000300219","Nicolás Gissi","0000-0001-5059-7691","112396964","SEPAVID journal-article"
"A. Ya en la base (titulo casi igual)","0. Ya en la base por otra via","SciELO","Emiliano Nicolás Gissi Barbieri","Antropología",2020,"Antípoda. Revista de Antropología y Arqueología, 38.","“¿Incorporación social de migrantes colombianos en Chile?: vulnerabilidad y lucha por el reconocimiento”","","","https://revistas.uniandes.edu.co/doi/pdf/10.7440/antipoda38.2020.07","Nicolás Gissi","0000-0001-5059-7691","112398157","SEPAVID journal-article"
"A. Ya en la base (titulo casi igual)","0. Ya en la base por otra via","Scopus","Emiliano Nicolás Gissi Barbieri","Antropología",2021,"Colombia Internacional, 106."," “Migración Internacional y Política Migratoria en Chile: tensiones entre la soberanía estatal y las ciudadanías emergentes”","","","https://revistas.uniandes.edu.co/doi/full/10.7440/colombiaint106.2021.04","Nicolás Gissi","0000-0001-5059-7691","112398078","SEPAVID journal-article"
"A. Ya en la base (titulo casi igual)","0. Ya en la base por otra via",,"Emiliano Nicolás Gissi Barbieri","Antropología",2021,"Campos en Ciencias Sociales, Vol. 9 N°2.","“Migración haitiana en Chile 2020: barreras a la incorporación social, arraigo cuestionado y re-emigraciones”","","","https://revistas.usantotomas.edu.co/index.php/campos/article/view/7122/7104","Nicolás Gissi","0000-0001-5059-7691","112397876","OpenAlex journal-article"
"A. Ya en la base (titulo casi igual)","0. Ya en la base por otra via","Scopus","Francisco Javier Araos Leiva","Antropología",2023,"CUHSO","Otros-que-humanos: tensiones ontológicas en la implementación de la ley Lafkenche","","","http://www.scielo.cl/scielo.php?script=sci_arttext&pid=S2452-610X2023005000101&lng=es&tlng=es","Francisco Araos","0000-0002-7713-8230","149492188","ORCID journal-article"
"A. Ya en la base (titulo casi igual)","0. Ya en la base por otra via","WoS","Héctor Freddy Morales Morgado","Antropología",2016,"Estudios Atacameños","Mining and interethnic relations in Atacama","","","https://www.scielo.cl/scielo.php?pid=S0718-10432016005000003&script=sci_arttext","HECTOR MORALES MORGADO","0000-0002-9331-2403","176495838","SEPAVID journal-article"
"A. Ya en la base (titulo casi igual)","0. Ya en la base por otra via","WoS","Héctor Freddy Morales Morgado","Antropología",2016,"Estudios Atacameños","Atacama ethnopolitics: Axes of diversity","","","https://www.scielo.cl/scielo.php?pid=S0718-10432016005000011&script=sci_arttext","HECTOR MORALES MORGADO","0000-0002-9331-2403","176495660","SEPAVID journal-article"
"A. Ya en la base (titulo casi igual)","0. Ya en la base por otra via",,"Héctor Freddy Morales Morgado","Antropología",2022,"Estudios Atacameños, 68, e4800","Salt Culture in the Atacameña Puna","","","https://doi.org/10.22199/issn.0718-1043-2022-0017","HECTOR MORALES MORGADO","0000-0002-9331-2403","176327179","SEPAVID journal-article"
"A. Ya en la base (titulo casi igual)","0. Ya en la base por otra via",,"Héctor Freddy Morales Morgado","Antropología",2024,"Diálogo Andino, (75), 109-130.","Ethnography of the emergence and development of tourism in an ethnic space. The case of San Pedro de Atacama, northern Chile (1950-2022). ","","","https://doi.org/10.22199/issn.0718-1043-2022-0017 http://dialogoandino.cl/index.php/numero-75-2024/","HECTOR MORALES MORGADO","0000-0002-9331-2403","176327249","SEPAVID journal-article"
"A. Ya en la base (titulo casi igual)","0. Ya en la base por otra via","Latindex catalogo","María Isabel Cartajena Fasting","Antropología",2019,"Bulletin de l'Institut français d'études andines ","Nichos, cámaras y ceremonias en el templete Tulán-54 (Circumpuna de Atacama, Chile) ","","","https://doi.org/10.4000/bifea.10458","Isabel Cartajena","0000-0003-4048-5359","150431576","OpenAlex journal-article"
"A. Ya en la base (titulo casi igual)","0. Ya en la base por otra via","WoS","María Isabel Cartajena Fasting","Antropología",2021,"Quaternary International","A multi-proxy reconstruction of depositional environment of a Late Pleistocene submerged site from the Central Coast of Chile (32°S): Implications for drowned sites","","","https://doi.org/10.1016/j.quaint.2021.06.005","Isabel Cartajena","0000-0003-4048-5359","150428786","SEPAVID journal-article"
"A. Ya en la base (titulo casi igual)","0. Ya en la base por otra via","Scopus","María Isabel Cartajena Fasting","Antropología",2024,"Quaternary Science Advances","Identifying non-anthropogenic accumulation in zooarchaeological assemblages using naive Bayesian classifier: A trace-oriented actualistic taphonomic approach in the hyperarid coasts of the Atacama desert","","","https://doi.org/10.1016/j.qsa.2023.100143","Isabel Cartajena","0000-0003-4048-5359","150430112","OpenAlex journal-article"
"A. Ya en la base (titulo casi igual)","0. Ya en la base por otra via","ERIH","María Sol Anigstein","Antropología",2020,"AGER. Revista de Estudios sobre Despoblación y Desarrollo Rural","Implications of public purchases from family farming: reflections on the Chilean case.","","","https://recyt.fecyt.es/index.php/AGER/article/view/81266","Maria Sol Anigstein","0000-0002-4023-2389","160288983","SEPAVID journal-article"
"A. Ya en la base (titulo casi igual)","0. Ya en la base por otra via","SciELO","Nicole Paulina Fuenzalida Bahamondes","Antropología",2023,"Discursos del Sur, revista de teoría crítica en Ciencias Sociales","Hacer un lugar desde los bordes del sur: arqueología en Chile, memoria y pasado-presente de las dictaduras","uri;issn","2617-2291","https://revistasinvestigacion.unmsm.edu.pe/index.php/discursos/article/view/25861","Universidad Nacional Mayor de San Marcos","0000-0003-4096-4384","139914922","SEPAVID journal-article"
"A. Ya en la base (titulo casi igual)","0. Ya en la base por otra via",,"Pamela Francisca Jorquera Álvarez","Antropología",2021,"Covid-19. Antropologias de uma pandemia","“Vejez y vida cotidiana en tiempos de pandemia: estrategias, decisiones y Cambios”","","","https://www.scielo.br/j/ha/a/kgRD8yW9zsV6yxq4rwqvjNJ/?format=html&lang=es","Pamela Jorquera","0000-0002-2042-6733","204441670","SEPAVID journal-article"
"A. Ya en la base (titulo casi igual)","0. Ya en la base por otra via","SciELO","Christian Esteban Miranda Jaña","Educación",2020,"Revista de Estudios y Experiencias en Educación","Uso educativo de TIC en un salón Montessori: diálogo entre la tecnología digital y los ritos de interacción social en el aula","","","https://www.scielo.cl/scielo.php?script=sci_arttext&pid=S0718-51622020000300029","CHRISTIAN MIRANDA","0000-0001-8318-675X","157049320","SEPAVID journal-article"
"A. Ya en la base (titulo casi igual)","0. Ya en la base por otra via","ERIH","Cynthia Yael Adlerstein Grimberg","Educación",2024,"Profesorado. Revista de currículum y formación del profesorado","Building Professionalism from Early Childhood Education Professional Associations: Discourses from the Teachers in Chile ","","","https://doi.org/10.30827/profesorado.v28i1.29674","Cynthia Adlerstein-Grimberg","0000-0001-7174-0100","156545246","SEPAVID journal-article"
"A. Ya en la base (titulo casi igual)","0. Ya en la base por otra via","Ya publicada por FACSO","Daniel Fernando Johnson Mardones","Educación",2018,"Curriculum Studies as an International Conversation: Educational Traditions and Cosmopolitanism in Latin America","A Theoretical Detente","wosuid","","https://publons.com/wos-op/publon/61056756/","Web of Science Researcher Profile Sync","0000-0002-1023-8915","136771297","ORCID book-chapter"
"A. Ya en la base (titulo casi igual)","0. Ya en la base por otra via","Ya publicada por FACSO","Daniel Fernando Johnson Mardones","Educación",2018,"Curriculum Studies as an International Conversation: Educational Traditions and Cosmopolitanism in Latin America","Curriculum Studies as an International Conversation: Educational Traditions and Cosmopolitanism in Latin America","wosuid","","https://publons.com/wos-op/publon/61056754/","Web of Science Researcher Profile Sync","0000-0002-1023-8915","136771299","SEPAVID book"
"A. Ya en la base (titulo casi igual)","0. Ya en la base por otra via","Ya publicada por FACSO","Daniel Fernando Johnson Mardones","Educación",2018,"Curriculum Studies as an International Conversation: Educational Traditions and Cosmopolitanism in Latin America","The Analytical-Synthetical","wosuid","","https://publons.com/wos-op/publon/61056759/","Web of Science Researcher Profile Sync","0000-0002-1023-8915","136771294","ORCID book-chapter"
"A. Ya en la base (titulo casi igual)","0. Ya en la base por otra via","Ya publicada por FACSO","Daniel Fernando Johnson Mardones","Educación",2018,"Curriculum Studies as an International Conversation: Educational Traditions and Cosmopolitanism in Latin America","The Regressive-Progressive","wosuid","","https://publons.com/wos-op/publon/61056753/","Web of Science Researcher Profile Sync","0000-0002-1023-8915","136771300","ORCID book-chapter"
"A. Ya en la base (titulo casi igual)","0. Ya en la base por otra via",,"Erika Viviana del Carmen Soto Aranda","Educación",2017,"Revista Enfoques Educacionales Vol. 14. ISSN 0717-3229"," El Reto de la práctica pedagógica en docentes y estudiantes: Sistematización de la implementación de un modelo de acompañamiento de práctica en apoyo a la formación inicial docente.","","",,"Viviana Soto Aranda","0000-0002-7818-5653","109170296","OpenAlex journal-article"
"A. Ya en la base (titulo casi igual)","0. Ya en la base por otra via",,"Erika Viviana del Carmen Soto Aranda","Educación",2022,"REXE Revista de Estudios y Experiencias en Educación","Evaluación para los aprendizajes en primera infancia: resignificando las prácticas evaluativas desde la Investigación-Acción","","","https://doi.org/10.21703/0718-5162.v21.n45.2022.013","Viviana Soto Aranda","0000-0002-7818-5653","137058014","SEPAVID journal-article"
"A. Ya en la base (titulo casi igual)","0. Ya en la base por otra via","WoS","Fabiola Valeska Maldonado García","Educación",2025,"Interciencia","BORDER PEDAGOGIES. A THEORETICAL FRAMEWORK TO STUDY THE SCHOOL EXCLUSION EXPERIENCED BY CLIMATE MIGRANT CHILDREN","","","https://www.interciencia.net/wp-content/uploads/2025/03/02_7319_A_Acora_v50n2_7.pdf","Fabiola Valeska Maldonado García","0000-0001-5763-183X","196040722","SEPAVID journal-article"
"A. Ya en la base (titulo casi igual)","0. Ya en la base por otra via","WoS","Hugo Torres Contreras","Educación",2024,"European Journal of Entomology","Seasonal niche differentiation of Camponotus morosus and Dorymyrmex goetschi (Hymenoptera: Formicidae) in sandy beach habitats: Insights from stable isotope analysis","","","http://www.eje.cz: 10.14411/eje.2024.036","Hugo Torres-Contreras","0000-0002-9867-2782","169528325","SEPAVID journal-article"
"A. Ya en la base (titulo casi igual)","0. Ya en la base por otra via","Latindex catalogo","Rodrigo Andrés Nanjari Miranda","Educación",2021,"Journal of Movement and Health","Proyecto de ley para estimular la actividad física y el deporte en los establecimientos educacionales: un desafío real postpandemia.","","","http://jmh.pucv.cl/index.php/jmh/article/view/142","Rodrigo Nanjarí-Miranda","0000-0002-2294-1034","101843269","ORCID journal-article"
"A. Ya en la base (titulo casi igual)","0. Ya en la base por otra via","Latindex directorio","Susan Valeria Sanhueza Henríquez","Educación",2021,"Varona","Education and immigration in Web of Science: description of a research agenda","","","https://www.redalyc.org/journal/3606/360670798012/html/","Susan Valeria Sanhueza Henríquez","0000-0002-7553-8791","150036241","SEPAVID journal-article"
"A. Ya en la base (titulo casi igual)","0. Ya en la base por otra via","WoS","Susan Valeria Sanhueza Henríquez","Educación",2022,"Interciencia","Life trajectories of young offenders and educational response of the National Service for Minors in Chile","","","https://www.redalyc.org/journal/339/33971297006/","Susan Valeria Sanhueza Henríquez","0000-0002-7553-8791","150036162","SEPAVID journal-article"
"A. Ya en la base (titulo casi igual)","0. Ya en la base por otra via",,"Cristian Esteban Radiszcz Sotomayor","Psicología",2017,"Revista de Psicología, 26(1), 1-12.","Malestar y género: una aproximación a la experiencia onírica de jóvenes chilenos","","","https://revistapsicologia.uchile.cl/index.php/RDP/article/view/46689/48850","Esteban Radiszcz","0000-0002-3282-6670","148908606","SEPAVID journal-article"
"A. Ya en la base (titulo casi igual)","0. Ya en la base por otra via",,"Germán Sergio Rozas Ossandón","Psicología",2017,"Revista Studies in Higher Education ","Social Transcultural Representations about the concept of University Social Responsibility","","","https://scholar.google.com/citations?user=c_uyOgoAAAAJ&hl=es","Germán Sergio Rozas Ossandón","0000-0003-3905-9520","133057785","SEPAVID journal-article"
"A. Ya en la base (titulo casi igual)","0. Ya en la base por otra via",,"Germán Sergio Rozas Ossandón","Psicología",2022,"Revista Internacional de Psicología y Pedagogía Critica.","Hacia nuevos fenómenos sociales del siglo XXI, desde la psicología social comunitaria decolonial","","","https://cleducacionsuperior.org/rippc/index.php/revista/issue/archive","Germán Sergio Rozas Ossandón","0000-0003-3905-9520","133057241","OpenAlex journal-article"
"A. Ya en la base (titulo casi igual)","0. Ya en la base por otra via","WoS","Gloria Beatriz Zavala Villalón","Psicología",2019,"Polis","El Trabajo bajo el neoliberalismo: subcontratación en una universidad estatal chilena","","","https://scielo.conicyt.cl/pdf/polis/v18n54/0718-6568-polis-18-54-00268.pdf","Gloria Zavala-Villalón","0000-0002-3732-4602","83630099","SEPAVID journal-article"
"A. Ya en la base (titulo casi igual)","0. Ya en la base por otra via","Scopus","Gloria Beatriz Zavala Villalón","Psicología",2025,"Estudios Pedagógicos","Narrativas identitarias de estudiantes que ingresaron a la universidad a través de políticas de acción afirmativa","","",,"Gloria Zavala-Villalón","0000-0002-3732-4602","191428984","OpenAlex journal-article"
"A. Ya en la base (titulo casi igual)","0. Ya en la base por otra via","Latindex directorio","Ivette González Sarkis","Psicología",2025,"Spirat. Revista Académica de Docencia y Gestión Universitaria","Repensando la evaluación en Psicología: Una experiencia de innovación y reflexividad docente","uri;issn","2961-2349","https://revistas.upch.edu.pe/index.php/Spirat/article/view/5550","Portal de Revistas - Universidad Cayetano Heredia","0000-0003-1995-3947","187057755","ORCID journal-article"
"A. Ya en la base (titulo casi igual)","0. Ya en la base por otra via","WoS","Loreto Evelyn Leiva Bahamondes","Psicología",2018,"Terapia Psicológica","Validation of the Scale of Emotional and Behavioral Problems Youth Self Report (YSR / 11-18) in Chilean adolescents","wosuid","","https://publons.com/wos-op/publon/67339646/","Web of Science Researcher Profile Sync","0000-0003-0837-3699","157567525","SEPAVID journal-article"
"A. Ya en la base (titulo casi igual)","0. Ya en la base por otra via","Scopus","Loreto Evelyn Leiva Bahamondes","Psicología",2023,"Cultura de los Cuidados","University mental health: from the perception of a nursing student from a Chilean university","","","https://rua.ua.es/dspace/bitstream/10045/133182/1/CultCuid65_03.pdf","LORETO LEIVA","0000-0003-0837-3699","135250947","SEPAVID journal-article"
"A. Ya en la base (titulo casi igual)","0. Ya en la base por otra via","SciELO","Mario Arturo Laborda Rojas","Psicología",2016,"Cuadernos de Neuropsicología","Crónica del Laboratorio de Psicología Experimental: Prof. Ronald Betancourt Mainhard (1999-2016)","","","https://www.cnps.cl/index.php/cnps/article/view/233","Mario A. Laborda","0000-0003-2459-3042","153560477","SEPAVID journal-article"
"A. Ya en la base (titulo casi igual)","0. Ya en la base por otra via","WoS","Mario Arturo Laborda Rojas","Psicología",2017,"Revista Mexicana de Psicologia","The effect of massive extinction trials on the recovery of human fear conditioning","eid;isbn","","http://www.scopus.com/inward/record.url?eid=2-s2.0-85052369089&partnerID=MN8TOARS","Scopus - Elsevier","0000-0003-2459-3042","79466102","SEPAVID journal-article"
"A. Ya en la base (titulo casi igual)","0. Ya en la base por otra via","Scopus","Mario Arturo Laborda Rojas","Psicología",2018,"International Journal of Psychology and Psychological Therapy","Extinction cues do not reduce recovery of extinguished conditioned fear in humans","eid;isbn","","http://www.scopus.com/inward/record.url?eid=2-s2.0-85046777929&partnerID=MN8TOARS","Scopus - Elsevier","0000-0003-2459-3042","79466103","SEPAVID journal-article"
"A. Ya en la base (titulo casi igual)","0. Ya en la base por otra via","SciELO","Mario Arturo Laborda Rojas","Psicología",2018,"Revista de Psicología","La historia de la psicología en América Latina: editorial","other-id","","https://www.redalyc.org/articulo.oa?id=26459589008","Redalyc","0000-0003-2459-3042","79466250","SEPAVID journal-article"
"A. Ya en la base (titulo casi igual)","0. Ya en la base por otra via","SciELO","Mario Arturo Laborda Rojas","Psicología",2018,"Revista de Psicología","Principales indicadores bibliométricos de la Revista de Psicología (1990-2016)","other-id","","https://www.redalyc.org/articulo.oa?id=26459604006","Redalyc","0000-0003-2459-3042","79466249","SEPAVID journal-article"
"A. Ya en la base (titulo casi igual)","0. Ya en la base por otra via","Scopus","Pablo Eduardo Cabrera Pérez","Psicología",2020,"Psychoanalysis, Culture & Society","Violence, social bond and dream productions: The witness under consideration","","","https://doi.org/10.1057/s41282-019-00144-6","Pablo Cabrera Pérez","0009-0006-5464-8349","158960312","SEPAVID journal-article"
"A. Ya en la base (titulo casi igual)","0. Ya en la base por otra via","Ya publicada por FACSO","Pablo Eduardo Cabrera Pérez","Psicología",2025,"Castalia - Revista De Psicología De La Academia. (44), 111-124.","Del homo sacer a la subjetivación: el testimonio como inscripción y el lugar del testigo","","","https://doi.org/10.25074/07198051.44.2939","Pablo Cabrera Pérez","0009-0006-5464-8349","189779260","ORCID journal-article"
"A. Ya en la base (titulo casi igual)","0. Ya en la base por otra via","WoS","Vanetza Estela Quezada Scholz","Psicología",2017,"Revista Mexicana de Psicologia","The effect of massive extinction trials on the recovery of human fear conditioning","eid;isbn","","http://www.scopus.com/inward/record.url?eid=2-s2.0-85052369089&partnerID=MN8TOARS","Scopus - Elsevier","0000-0002-7761-0953","75613581","SEPAVID journal-article"
"A. Ya en la base (titulo casi igual)","0. Ya en la base por otra via","Scopus","Vanetza Estela Quezada Scholz","Psicología",2018,"International Journal of Psychology and Psychological Therapy","Extinction cues do not reduce recovery of extinguished conditioned fear in humans","eid;isbn","","http://www.scopus.com/inward/record.url?eid=2-s2.0-85046777929&partnerID=MN8TOARS","Scopus - Elsevier","0000-0002-7761-0953","75613582","SEPAVID journal-article"
"A. Ya en la base (titulo casi igual)","0. Ya en la base por otra via","WoS","Vanetza Estela Quezada Scholz","Psicología",2019,"Revista Mexicana de Psicología","State anxiety could increase discrimination in human fear conditioning","","","https://www.webofscience.com/wos/woscc/full-record/WOS:000485225600007","Vanetza E. Quezada Scholz","0000-0002-7761-0953","161105791","SEPAVID journal-article"
"A. Ya en la base (titulo casi igual)","0. Ya en la base por otra via","Ya publicada por FACSO","Vanetza Estela Quezada Scholz","Psicología",2020,"Cuadernos  de  Neuropsicología/Panamerican  Journal  of  Neuropsychology","Fear and psychopathology: the hidden threat of Covid-19","","","http://www.cnps.cl/index.php/cnps/article/view/394","Vanetza E. Quezada Scholz","0000-0002-7761-0953","75987532","SEPAVID journal-article"
"A. Ya en la base (titulo casi igual)","0. Ya en la base por otra via","Ya publicada por FACSO","Vanetza Estela Quezada Scholz","Psicología",2024,"Cuadernos de Neuropsicología / Panamerican Journal of Neuropsychology","FEAR OF COVID-19 IN THE CHILEAN POPULATION:  PREDICTORS AND FUTURE DIRECTION","","","https://www.cnps.cl/index.php/cnps/article/view/565/652","Vanetza E. Quezada Scholz","0000-0002-7761-0953","182463959","SEPAVID journal-article"
"A. Ya en la base (titulo casi igual)","0. Ya en la base por otra via","Scopus","Vanetza Estela Quezada Scholz","Psicología",2024,"Journal of Drug and Alcohol Research","Anxiety-like Behaviour Increases after Recent, but not Prenatal, Cannabis Exposure","","",,"Vanetza E. Quezada Scholz","0000-0002-7761-0953","182465300","SEPAVID journal-article"
"A. Ya en la base (titulo casi igual)","0. Ya en la base por otra via","Scopus","Vanetza Estela Quezada Scholz","Psicología",2024,"Journal of Drug and Alcohol Research","Anxiety-like Behaviour Increases after Recent, but not Prenatal, Cannabis Exposure","","",,"Vanetza E. Quezada Scholz","0000-0002-7761-0953","182465299","SEPAVID journal-article"
"A. Ya en la base (titulo casi igual)","0. Ya en la base por otra via",,"Claudio Orlando Duarte Quapper","Sociología",2018,"Revista Furiosa N° 1","Genealogía del Adultocentrismo. La constitución de un Patriarcado Adultocéntrico","","",,"CLAUDIO DUARTE QUAPPER","0000-0001-7855-4300","175115859","ORCID book-chapter"
"A. Ya en la base (titulo casi igual)","0. Ya en la base por otra via",,"Fernando Andrés Campos Medina","Sociología",2018,"Revista Estudios Avanzados ","CUANDO LOS DISPOSITIVOS SOCIO-TECNICOS DE LA HIDRO-ENERGIA COLONIZAN EL AGUA DE LAS COMUNIDADES","","",,"Fernando Campos-Medina","0000-0002-7772-3544","177818664","ORCID book-chapter"
"A. Ya en la base (titulo casi igual)","0. Ya en la base por otra via",,"Karina Isabel Navarro Rodríguez","Sociología",2016,"SOCIOLOGY Y TECHNOSCIENCE","Recent developments in statistics: theoretical and methodological contributions to sociological research.","","",,"Karina Navarro","0000-0002-2370-6909","44189276","SEPAVID journal-article"
"A. Ya en la base (titulo casi igual)","0. Ya en la base por otra via","Scopus","Karina Isabel Navarro Rodríguez","Sociología",2016,"SOCIOLOGIA Y TECNOCIENCIA","RECENT DEVELOPMENTS IN STATISTICS: THEORETICAL AND METHODOLOGICAL CONTRIBUTIONS TO SOCIOLOGICAL RESEARCH","wosuid","",,"Web of Science","0000-0002-2370-6909","195101770","SEPAVID journal-article"
"A. Ya en la base (titulo casi igual)","0. Ya en la base por otra via","Scopus","Marcela Patricia Ferrer Lues","Sociología",2016,"Studies in health technology and informatics","Lay Crowd-Sourced Expertise (LCE) and Its Influence on the New Role of Patients: Ethical and Societal Issues.","pmid","",,"Marcela Ferrer-Lues","0000-0001-8211-1457","161481193","SEPAVID journal-article"
"A. Ya en la base (titulo casi igual)","0. Ya en la base por otra via","Scopus","Marcela Patricia Ferrer Lues","Sociología",2018,"Studies in health technology and informatics","Patients' Perception of Privacy of Personal Data, Shared in Online Communities: Are We in the Presence of a Paradox?","pmid","",,"Marcela Ferrer-Lues","0000-0001-8211-1457","161005155","SEPAVID journal-article"
"A. Ya en la base (titulo casi igual)","0. Ya en la base por otra via","Latindex directorio","Marisol Yazmín Ximena Facuse Muñoz","Sociología",2019,"Anales de la Universidad de Chile","Migración y ciudad. Transformaciones y nuevas sociabilidades en la ciudad intermedia a partir de la llegada de comunidades migrantes","","","https://anales.uchile.cl/index.php/ANUC/article/view/54724","Marisol Facuse","0000-0001-6355-2396","82613805","OpenAlex journal-article"
"A. Ya en la base (titulo casi igual)","0. Ya en la base por otra via","WoS","María Emilia Tijoux Merino","Sociología",2019,"INTERCIENCIA","CHILDREN OF IMMIGRANTS IN ARICA AND PARINACOTA, CHILE: METHODOLOGICAL PROPOSAL FOR THE STUDY OF THEIR DAILY LIFE IN SCHOOLS","wosuid","",,"Web of Science","0000-0003-2870-212X","192169339","SEPAVID journal-article"
"A. Ya en la base (titulo casi igual)","0. Ya en la base por otra via","Latindex directorio","María Emilia Tijoux Merino","Sociología",2019,"REVISTA LATINOAMERICANA DE ESTUDIOS SOBRE CUERPOS EMOCIONES Y SOCIEDAD","When race is just a fiction. Keys to understanding the control policies and stigmatization of the migrant body","wosuid","",,"Web of Science","0000-0003-2870-212X","192169338","SEPAVID journal-article"
"A. Ya en la base (titulo casi igual)","0. Ya en la base por otra via","Latindex directorio","María Emilia Tijoux Merino","Sociología",2020,"Revista Latinoamericana de Estudios sobre Cuerpos, Emociones y Sociedad","When race is just a fiction. Keys to understanding the control policies and stigmatization of the migrant body","","","http://relaces.com.ar/index.php/relaces/article/view/29","María Emilia Tijoux Merino","0000-0003-2870-212X","108787235","SEPAVID journal-article"
"A. Ya en la base (titulo casi igual)","0. Ya en la base por otra via","Scopus","María Emilia Tijoux Merino","Sociología",2021,"IZQUIERDAS","""Migrant labor"": accumulation by dispossession in the present-day Chile","wosuid","",,"Web of Science","0000-0003-2870-212X","192169334","SEPAVID journal-article"
"A. Ya en la base (titulo casi igual)","0. Ya en la base por otra via","Scopus","María Emilia Tijoux Merino","Sociología",2021,"Izquierdas","“Migrant labor"": accumulation by dispossession in the present-day Chile","","","http://www.izquierdas.cl/images/pdf/2021/n50/art48.pdf","María Emilia Tijoux Merino","0000-0003-2870-212X","108839771","SEPAVID journal-article"
"A. Ya en la base (titulo casi igual)","0. Ya en la base por otra via",,"Octavio Alejandro Avendaño Pavez","Sociología",2024,"Educação em Revista (Scielo. ISSN: 1982-6621 On-line)","La sociología chilena actual: formación, egreso y ejercicio profesional","","","https://drive.google.com/file/d/1Oq7-OGe49Kx2Bf1wLsT3_RIOaXeLFe28/view?usp=sharing","Octavio Avendaño","0000-0001-6945-5327","150420225","SEPAVID journal-article"
"A. Ya en la base (titulo casi igual)","0. Ya en la base por otra via","WoS","Octavio Alejandro Avendaño Pavez","Sociología",2024,"Latin American Perspective (WoS). ","Productive Modernization and Challenges for Chilean Peasant Agriculture during the face of Post Agrarian-Reform","","","https://drive.google.com/file/d/1LSSSjKrvbUS4pvI5G-lNBrXd65sL3Q-j/view?usp=sharing","Octavio Avendaño","0000-0001-6945-5327","150408657","SEPAVID journal-article"
"A. Ya en la base (titulo casi igual)","0. Ya en la base por otra via",,"Pablo Alonso Pérez Ahumada","Sociología",2018,,"Social classes, economic sectors and changes in the Chilean social structure, 1992 and 2013","","","https://www.cepal.org/en/publications/44563-social-classes-economic-sectors-and-changes-chilean-social-structure-1992-and","Pablo Pérez Ahumada","0000-0002-0410-0725","82067954","OpenAlex journal-article"
"A. Ya en la base (titulo casi igual)","0. Ya en la base por otra via","Ya publicada por FACSO","Sofía Catalina Donoso Knaudt","Sociología",2020,"GLOBAL LABOUR JOURNAL","Social Protests in Chile: Inequalities and Other Inconvenient Truths about Latin America's Poster Child","wosuid","",,"Web of Science","0000-0001-5053-0198","195247613","ORCID journal-article"
"A. Ya en la base (titulo casi igual)","0. Ya en la base por otra via","Latindex directorio","Anahi Verónica Josefina Urquiza Gómez","Trabajo social",2016,"Espacio Abierto","Nature and contingency in the Modern Family","wosuid","","https://publons.com/wos-op/publon/20107244/","Web of Science Researcher Profile Sync","0000-0001-6901-0846","135140480","SEPAVID journal-article"
"A. Ya en la base (titulo casi igual)","0. Ya en la base por otra via","ERIH","Anahi Verónica Josefina Urquiza Gómez","Trabajo social",2018,"Estudios Avanzados","Co-Construction in Distributed Generation Projects with Solar Energy: the Community Participation in the Ayllu Solar Project","wosuid","","https://publons.com/wos-op/publon/17186791/","Web of Science Researcher Profile Sync","0000-0001-6901-0846","135140482","SEPAVID journal-article"
"A. Ya en la base (titulo casi igual)","0. Ya en la base por otra via",,"Carlos Alejandro Andrade Guzmán","Trabajo social",2019,"Revista Estudios de Ciencia Sociales","Desafíos para las políticas sociales en el contexto sudamericano: reflexiones en materia de relación pública-privada y encuentro entre implementadores/as y sujetos de intervención","","",,"Carlos Andrade-Guzmán","0000-0003-4150-032X","118852857","OpenAlex journal-article"
"A. Ya en la base (titulo casi igual)","0. Ya en la base por otra via","WoS","Carlos Alejandro Andrade Guzmán","Trabajo social",2022,"The British Journal of Social Work","Psychosocial Professionals in Chilean Justice Institutions. Reflections Based on the Experiences and Practice of Psychologists and Social Workers","","","https://academic.oup.com/bjsw/article/53/5/2804/6965073","Carlos Andrade-Guzmán","0000-0003-4150-032X","155425709","SEPAVID journal-article"
"A. Ya en la base (titulo casi igual)","0. Ya en la base por otra via","ERIH","Carlos Alejandro Andrade Guzmán","Trabajo social",2024,"Ehquidad Revista Internacional de Políticas de Bienestar y Trabajo Social","Trabajo Social y colaboración intradisciplinar en asociaciones público-privadas en Chile. El caso del programa Abriendo Caminos","","","https://revistas.proeditio.com/ehquidad/article/view/5340","Carlos Andrade-Guzmán","0000-0003-4150-032X","155425364","OpenAlex journal-article"
"A. Ya en la base (titulo casi igual)","0. Ya en la base por otra via","Scopus","Caterine Joanna Galaz Valderrama","Trabajo social",2018,"Psicoperspectivas","Sexual and gender diversities: Logics and uses in public action. //Diversidades sexuales y de género: Lógicas y usos en la acción pública.","issn","0717-7798","http://www.psicoperspectivas.cl/index.php/psicoperspectivas/article/view/1315","Caterine Galaz Valderrama","0000-0001-6301-7609","45715590","ORCID journal-article"
"A. Ya en la base (titulo casi igual)","0. Ya en la base por otra via","SciELO","Caterine Joanna Galaz Valderrama","Trabajo social",2019,"Educar Em Revista","Public educational policies and sexualities in post-dictatorship Chile: opacities and hyper-visibilities of LGTBI subjects","issn","1984-0411","https://revistas.ufpr.br/educar/article/view/62610/38477","Caterine Galaz Valderrama","0000-0001-6301-7609","57176369","SEPAVID journal-article"
"A. Ya en la base (titulo casi igual)","0. Ya en la base por otra via","Scopus","Caterine Joanna Galaz Valderrama","Trabajo social",2021,"education policy analysis archives","Resisting heterosexualization in secondary education: Tensions related to LGTB+ inclusion in Chile","issn","1068-2341","https://epaa.asu.edu/ojs/index.php/epaa/article/view/5953","Caterine Galaz Valderrama","0000-0001-6301-7609","102491220","SEPAVID journal-article"
"A. Ya en la base (titulo casi igual)","0. Ya en la base por otra via","Scopus","Gabriela Alejandra Azócar de la Cruz","Trabajo social",2017,"Economía y Política","Estrategias de manejo de crisis sociales por medio de políticas públicas: mitigación y reforma","","",,"Gabriela Azócar de la Cruz","0000-0002-8282-1122","82890639","OpenAlex journal-article"
"A. Ya en la base (titulo casi igual)","0. Ya en la base por otra via","WoS","Gianinna Inés Muñoz Arce","Trabajo social",2016,"Revista del CLAD Reforma y Democracia","Revisitando el concepto de exclusión social: su relevancia para las políticas contra la pobreza en América Latina","other-id","","http://www.redalyc.org/articulo.oa?id=357546620002","Redalyc","0000-0003-4582-0507","50469736","OpenAlex journal-article"
"A. Ya en la base (titulo casi igual)","0. Ya en la base por otra via","ERIH","Gianinna Inés Muñoz Arce","Trabajo social",2017,"Intervención","El desafío de examinar las lógicas de intervención social hoy","","","https://intervencion.uahurtado.cl/index.php/intervencion/article/view/41","Gianinna Munoz Arce","0000-0003-4582-0507","134433065","OpenAlex journal-article"
"A. Ya en la base (titulo casi igual)","0. Ya en la base por otra via","ERIH","Gianinna Inés Muñoz Arce","Trabajo social",2018,"Intervención","Intervención social y el territorio como clave de aproximación","","","https://intervencion.uahurtado.cl/index.php/intervencion/article/view/49","Gianinna Munoz Arce","0000-0003-4582-0507","134432297","OpenAlex journal-article"
"A. Ya en la base (titulo casi igual)","0. Ya en la base por otra via","ERIH","Gianinna Inés Muñoz Arce","Trabajo social",2018,"Intervención","María Isabel Llanos trabajadora social, Superintendencia de Servicios Sanitarios","","","https://intervencion.uahurtado.cl/index.php/intervencion/article/view/56","Gianinna Munoz Arce","0000-0003-4582-0507","134433038","OpenAlex journal-article"
"A. Ya en la base (titulo casi igual)","0. Ya en la base por otra via","ERIH","Gianinna Inés Muñoz Arce","Trabajo social",2018,"Intervención"," El lugar de enunciación y estrategias de intervención social: Nudos críticos en el abordaje integral de fenómenos sociales complejos","","","https://intervencion.uahurtado.cl/index.php/intervencion/article/view/35","Gianinna Munoz Arce","0000-0003-4582-0507","134432040","OpenAlex journal-article"
"A. Ya en la base (titulo casi igual)","0. Ya en la base por otra via","ERIH","Gianinna Inés Muñoz Arce","Trabajo social",2018,"Intervención","Trabajo interprofesional en Chile: neoliberalismo y la producción de subjetividades profesionales críticas","","","https://intervencion.uahurtado.cl/index.php/intervencion/article/view/58","Gianinna Munoz Arce","0000-0003-4582-0507","134432560","OpenAlex journal-article"
"A. Ya en la base (titulo casi igual)","0. Ya en la base por otra via",,"Gianinna Inés Muñoz Arce","Trabajo social",2019,,"Contra la exclusión: Lugar de enunciación e intervención social en la primera línea","source-work-id","","http://journals.openedition.org/polis/15213","BASE - Bielefeld Academic Search Engine","0000-0003-4582-0507","91109926","ORCID journal-article"
"A. Ya en la base (titulo casi igual)","0. Ya en la base por otra via",,"Gianinna Inés Muñoz Arce","Trabajo social",2021,"CLAD, Reforma y Democracia","Intervención interprofesional en programas de infancia a nivel local: la experiencia de las Mesas de Gestión  de Casos del Programa 24 Horas","","","https://clad.org/documentacion/revista-clad/articulos-publicados/080-julio-2021/","Gianinna Munoz Arce","0000-0003-4582-0507","113612090","OpenAlex journal-article"
"A. Ya en la base (titulo casi igual)","0. Ya en la base por otra via","ERIH","Gianinna Inés Muñoz Arce","Trabajo social",2021,"Intervención","Trabajadores y trabajadoras sociales de primera línea frente al COVID-19. Continuidades y transformaciones en Chile","","","https://intervencion.uahurtado.cl/index.php/intervencion/article/view/97","Gianinna Munoz Arce","0000-0003-4582-0507","134431881","OpenAlex journal-article"
"A. Ya en la base (titulo casi igual)","0. Ya en la base por otra via","Latindex directorio","Gianinna Inés Muñoz Arce","Trabajo social",2022,"Libertas","La posicionalidad geopolítica en la investigación bajo las exigencias del capitalismo cognitivo","","","https://periodicos.ufjf.br/index.php/libertas/article/view/36832","Gianinna Munoz Arce","0000-0003-4582-0507","115545921","OpenAlex journal-article"
"A. Ya en la base (titulo casi igual)","0. Ya en la base por otra via","WoS","Gianinna Inés Muñoz Arce","Trabajo social",2025,"Journal of Social Work","Profiles of professional resistance in street-level bureaucracy programs. A quantitative-multidimensional typology","","","https://journals.sagepub.com/doi/full/10.1177/14680173251318557","Gianinna Munoz Arce","0000-0003-4582-0507","179507129","OpenAlex journal-article"
"A. Ya en la base (titulo casi igual)","0. Ya en la base por otra via",,"Gonzalo Ignacio Durán Sanhueza","Trabajo social",2021,,"Precarising Formality: Understanding Current Labour Developments in Chile","source-work-id","","https://doaj.org/article/9d7cc80821824eeeaf9efe5512c1193a","BASE - Bielefeld Academic Search Engine","0000-0001-6800-3599","151168557","OpenAlex journal-article"
"A. Ya en la base (titulo casi igual)","0. Ya en la base por otra via","Scopus","Hugo Rodrigo Cadenas Ramos","Trabajo social",2016,"Economía y Política","Desigualdad social y teoría de sistemas: la importancia de los medios","","",,"HUGO CADENAS","0000-0003-2499-2430","151667347","OpenAlex journal-article"
"A. Ya en la base (titulo casi igual)","0. Ya en la base por otra via","Latindex directorio","Hugo Rodrigo Cadenas Ramos","Trabajo social",2016,"Espacio Abierto","Naturaleza y contingencia en la familia moderna","","",,"HUGO CADENAS","0000-0003-2499-2430","151667115","ORCID book-chapter"
"A. Ya en la base (titulo casi igual)","0. Ya en la base por otra via",,"Hugo Rodrigo Cadenas Ramos","Trabajo social",2020,"Simbiótica. Revista Eletrônica","El sistema de la pandemia: apuntes sociológicos","other-id","","https://www.redalyc.org/articulo.oa?id=575963432004","Redalyc","0000-0003-2499-2430","151293711","OpenAlex journal-article"
"A. Ya en la base (titulo casi igual)","0. Ya en la base por otra via","WoS","Hugo Rodrigo Cadenas Ramos","Trabajo social",2024,"Constructivist Foundations","Parsons, Luhmann and the Ontology of What Remains Unknown","","","https://constructivist.info/19/2/191.cadenas","HUGO CADENAS","0000-0003-2499-2430","157307164","SEPAVID journal-article"
"A. Ya en la base (titulo casi igual)","0. Ya en la base por otra via","ERIH","Johanna de Lourdes Madrigal Calderón","Trabajo social",2024,"Intervención","(DES) COORDINACIÓN DE LA OFERTA: OBSERVACIÓN DE ESTRATEGIAS PARA ABORDAR LA VIOLENCIA EN EL POLOLEO CON JUVENTUDES DE PUERTO AYSÉN","","","https://intervencion.uahurtado.cl/index.php/intervencion/article/view/209","Johanna Madrigal Calderón","0000-0002-0648-8217","170903472","ORCID journal-article"
"A. Ya en la base (titulo casi igual)","0. Ya en la base por otra via","Latindex directorio","Lelya Elena Troncoso Pérez","Trabajo social",2020,"Nomadías","La agenda heteropatriarcal en Chile: Cruces entre política, moral y religión contra la ""ideología de género""","","","https://nomadias.uchile.cl/index.php/NO/article/view/57451","Lelya Troncoso","0000-0002-9197-3611","94861394","OpenAlex journal-article"
"A. Ya en la base (titulo casi igual)","0. Ya en la base por otra via","Latindex directorio","Lelya Elena Troncoso Pérez","Trabajo social",2021,"Propuestas Críticas en Trabajo Social - Critical Proposals in Social Work","Posibilidades y límites de la intervención pública dirigida a personas LGTB+ en Chile","","","https://revistapropuestascriticas.uchile.cl/index.php/RPCTS/article/view/61580","Lelya Troncoso","0000-0002-9197-3611","104570550","OpenAlex journal-article"
"A. Ya en la base (titulo casi igual)","0. Ya en la base por otra via",,"María Antonieta Urquieta Álvarez","Trabajo social",2017,,"Territorio como medium: Discusión sobre rendimientos analíticos para las observaciones de la complejidad socio-espacial","source-work-id","","https://doaj.org/article/59c1fedf6faf4628a1cbdeae85d188b7","BASE - Bielefeld Academic Search Engine","0000-0002-0999-4983","44990277","OpenAlex journal-article"
"A. Ya en la base (titulo casi igual)","0. Ya en la base por otra via","SciELO","María Gabriela Rubilar Donoso","Trabajo social",2021,"Ultima Década","Experiencias intergeneracionales sobre encierros: pasados, presentes y futuros. Detonantes y reflexiones en clave biográfica tras la pandemia de SARS-CoV-2","","","https://ultimadecada.uchile.cl/index.php/UD/article/view/65985","Gabriela Rubilar","0000-0002-4635-9380","113437835","SEPAVID journal-article"
"A. Ya en la base (titulo casi igual)","0. Ya en la base por otra via","Latindex directorio","Paula Francisca Vidal Molina","Trabajo social",2017,"Em Pauta","Desalambrando” histórias: o Serviço Social e as lutas sociais no Chile (1970-1973). ","","","https://www.e-publicacoes.uerj.br/index.php/revistaempauta/article/view/32742/23541","Paula Vidal Molina","0000-0002-9036-3766","154555973","OpenAlex journal-article"
"A. Ya en la base (titulo casi igual)","0. Ya en la base por otra via","Scopus","Paula Francisca Vidal Molina","Trabajo social",2018,"Istoriya","Social Rights Consecrated by the Russian Revolution and the Vision of Luis Emilio Recabarren a New Model of Development","","","https://history.jes.su/s207987840002158-2-1","Paula Vidal Molina","0000-0002-9036-3766","154555948","SEPAVID journal-article"
"A. Ya en la base (titulo casi igual)","0. Ya en la base por otra via","SciELO","Paula Francisca Vidal Molina","Trabajo social",2019,"Revista Latinoamericana Polis.","El Trabajo bajo el Neoliberalismo: Subcontratación en una Universidad Estatal chilena","uri;issn","0718-6568","http://polis.ulagos.cl/index.php/polis/article/view/1409","Paula Vidal Molina","0000-0002-9036-3766","154555781","SEPAVID journal-article"
"A. Ya en la base (titulo casi igual)","0. Ya en la base por otra via",,"Paula Francisca Vidal Molina","Trabajo social",2019,"NEOLIBERALISMO, NEODESARROLLISMO Y SOCIALISMO BOLIVARIANO: MODELOS DE DESARROLLO Y POLITICAS PUBLICAS EN AMERICA LATINA","Hugo Chavez and the principles of socialism of the 21st century: a discursive inquiry (2005-2013)","wosuid","",,"Web of Science","0000-0002-9036-3766","192262165","SEPAVID journal-article"
"A. Ya en la base (titulo casi igual)","0. Ya en la base por otra via","ERIH","Paula Francisca Vidal Molina","Trabajo social",2020,"Revista Izquierdas ","Estado y Políticas Públicas en la Contemporaneidad: Reflexiones desde la Teoría del Valor de Marx","","","http://www.izquierdas.cl/images/pdf/2020/n49/art166_3508_3523.pdf","Paula Vidal Molina","0000-0002-9036-3766","154555706","OpenAlex journal-article"
"A. Ya en la base (titulo casi igual)","0. Ya en la base por otra via",,"Tal Reininger Pollak","Trabajo social",2021,"Revista Intervención","Trabajadores y trabajadoras sociales de primera línea frente al COVID-19. Continuidades y transformaciones en Chile","","","https://intervencion.uahurtado.cl/index.php/intervencion/article/view/97","Taly Reininger","0000-0001-6398-5204","99180018","OpenAlex journal-article"
"B. Duplicado dentro del mismo ORCID","2. Revista en catalogo","Latindex catalogo","Gianinna Inés Muñoz Arce","Trabajo social",2019,"Escenarios"," Teorías críticas, tiempos críticos y la tradición intelectual del Trabajo Social bajo un estado de ""emergencia""","","","https://revistas.unlp.edu.ar/escenarios/article/view/10039","Gianinna Munoz Arce","0000-0003-4582-0507","134433397",
"B. Duplicado dentro del mismo ORCID","3. Revista no catalogada (nombre de revista)",,"Claudio Orlando Duarte Quapper","Sociología",2019,"Revista Bricolaje","Resistir al patriarcado. Desafío para las masculinidades","","","https://revistabricolaje.uchile.cl/index.php/RB/article/view/54243/56988","CLAUDIO DUARTE QUAPPER","0000-0001-7855-4300","175115736",
"C. Misma revista y anio que una pub en la base (~85% traduccion)","1. Articulo indexado (id Scopus/WoS)","Scopus","Andre Menard Poupin","Antropología",2018,"Aisthesis","On value and archive: Chilean coins and Mapuche jewelry,Sobre el valor y el archivo: Monedas Chilenas y Platería Mapuche","eid;issn","07187181 05683939","http://www.scopus.com/inward/record.url?eid=2-s2.0-85058671402&partnerID=MN8TOARS","Scopus - Elsevier","0000-0003-1226-337X","149057669",
"C. Misma revista y anio que una pub en la base (~85% traduccion)","1. Articulo indexado (id Scopus/WoS)","WoS","Andrés Rolando Troncoso Meléndez","Antropología",2016,"Boletin del Museo Chileno de Arte Precolombino","Rock art paintings in the semiarid north of Chile: A first physical and chemical approach from the limari’s river basin,Pinturas rupestres en el norte semiárido de Chile: Una primera aproximación físico-quimica desde la cuenca del río limarí (30° Lat. S)","eid","","http://www.scopus.com/inward/record.url?eid=2-s2.0-85007432869&partnerID=MN8TOARS","Scopus - Elsevier","0000-0002-2844-619X","53007570",
"C. Misma revista y anio que una pub en la base (~85% traduccion)","1. Articulo indexado (id Scopus/WoS)","WoS","Andrés Rolando Troncoso Meléndez","Antropología",2016,"Intersecciones en Antropologia","The art of Paradox: Technology, incisions, superimpositions, and transformations in the rock art of the semiarid north of Chile,El arte de la paradoja: Tecnología, incisiones, superposiciones y transformaciones en el arte rupestre del Norte Semiárido de Chile","eid","","http://www.scopus.com/inward/record.url?eid=2-s2.0-84994408802&partnerID=MN8TOARS","Scopus - Elsevier","0000-0002-2844-619X","53007565",
"C. Misma revista y anio que una pub en la base (~85% traduccion)","1. Articulo indexado (id Scopus/WoS)","WoS","Andrés Rolando Troncoso Meléndez","Antropología",2018,"Intersecciones en Antropologia","Hunter-gatherers of the middle and late Holocene in North Central Chile: Roca FÉrtil rockshelter (30° s),Cazadores-recolectores del holoceno medio y tardío en el Centro Norte de Chile: Alero Roca Fértil (30° lat. s)","eid","","http://www.scopus.com/inward/record.url?eid=2-s2.0-85051844533&partnerID=MN8TOARS","Scopus - Elsevier","0000-0002-2844-619X","53007562",
"C. Misma revista y anio que una pub en la base (~85% traduccion)","1. Articulo indexado (id Scopus/WoS)","WoS","Carolina Andrea Belmar Pantelis","Antropología",2017,"Estudios Atacamenos","Coocking intercultural relations: Adhered residues in ceramic vessels from the marine hunter gatherers of the atacama desert (formative period, northern Chile),Cocinando relaciones interculturales: Residuos adheridos en vasijas cerámicas de cazadores recolectores marinos del desierto de atacama (período formativo, norte de Chile)","eid;issn","07160925","http://www.scopus.com/inward/record.url?eid=2-s2.0-85039908509&partnerID=MN8TOARS","Scopus - Elsevier","0000-0002-1757-6976","134363942",
"C. Misma revista y anio que una pub en la base (~85% traduccion)","1. Articulo indexado (id Scopus/WoS)","WoS","Carolina Andrea Belmar Pantelis","Antropología",2017,"Estudios Atacamenos","Pequeñas tumbas en la colina: Aportes al conocimiento del período alfarero temprano en El valle de Mauro (31° s) desde la funebria","eid;issn","07160925","http://www.scopus.com/inward/record.url?eid=2-s2.0-85020469070&partnerID=MN8TOARS","Scopus - Elsevier","0000-0002-1757-6976","134363943",
"C. Misma revista y anio que una pub en la base (~85% traduccion)","1. Articulo indexado (id Scopus/WoS)","WoS","Daniel Osvaldo Quiroz Larrea","Antropología",2016,"Magallania","Stranded whales processing in the western Patagonian shores [From an engraving of mid-nineteenth century],El procesamiento de ballenas varadas en las costas de la patagonia occidental [A propósito de un grabado de mediados del siglo XIX]","eid","","http://www.scopus.com/inward/record.url?eid=2-s2.0-84977494806&partnerID=MN8TOARS","Scopus - Elsevier","0000-0001-7436-6142","53541930",
"C. Misma revista y anio que una pub en la base (~85% traduccion)","1. Articulo indexado (id Scopus/WoS)","WoS","Daniel Fernando Johnson Mardones","Educación",2024,"Interciencia","LINGUISTIC REVITALIZATION: DESIGN, IMPLEMENTATION AND EVALUATION OF AN INTERVENTION PROGRAM FOR MAPUCHE YOUTH,REVITALIZACIÓN LINGÜÍSTICA: DISEÑO, IMPLEMENTACIÓN Y EVALUACIÓN DE UN PROGRAMA DE INTERVENCIÓN PARA JÓVENES MAPUCHE","eid;issn","22447776 03781844","http://www.scopus.com/inward/record.url?eid=2-s2.0-85204765367&partnerID=MN8TOARS","Scopus - Elsevier","0000-0002-1023-8915","174408468",
"C. Misma revista y anio que una pub en la base (~85% traduccion)","1. Articulo indexado (id Scopus/WoS)","Scopus","Jorge Fabián Cabaluz Ducasse","Educación",2021,"Izquierdas","Critical pedagogies without Marxism? Bibliographic balance of educational topics in left-wing Latin American journals,¿Pedagogías críticas sin marxismo? Balance bibliográfico de temas educativos en revistas latinoamericanas de izquierdas","eid;issn","07185049","http://www.scopus.com/inward/record.url?eid=2-s2.0-85107868121&partnerID=MN8TOARS","Scopus - Elsevier","0000-0003-0398-7819","130388272",
"C. Misma revista y anio que una pub en la base (~85% traduccion)","1. Articulo indexado (id Scopus/WoS)","WoS","Susan Valeria Sanhueza Henríquez","Educación",2021,"Interciencia","Intercultural sensitivity of students and its relationship with the attitude and teaching style of teachers vis a vis cultural diversity,Sensibilidade intercultural dos alunos e sua relaÇÃo com a atitude e estilo de ensino dos professores diante da diversidade cultural,Sensibilidad intercultural en el alumnado y su relaciÓn con la actitud y estilo docente del profesorado ante la diversidad cultural","eid;issn","22447776 03781844","http://www.scopus.com/inward/record.url?eid=2-s2.0-85111290566&partnerID=MN8TOARS","Scopus - Elsevier","0000-0002-7553-8791","110143513",
"C. Misma revista y anio que una pub en la base (~85% traduccion)","1. Articulo indexado (id Scopus/WoS)","Scopus","Cristian Esteban Radiszcz Sotomayor","Psicología",2019,"Dilemas","Subjects of law or subject to development? crime and juvenile punishment in Chilean criminal justice system,¿Sujetos de derecho o sujetos al desarrollo? Crimen y castigo juvenil en la justicia penal chilena","eid;issn","21782792 19835922","http://www.scopus.com/inward/record.url?eid=2-s2.0-85079418845&partnerID=MN8TOARS","Scopus - Elsevier","0000-0002-3282-6670","148908279",
"C. Misma revista y anio que una pub en la base (~85% traduccion)","1. Articulo indexado (id Scopus/WoS)","Scopus","Decio Alberto Mettifogo Guerrero","Psicología",2019,"Revista Criminalidad","Criminal desistance in Chilean women who have been deprived of liberty,Desistimiento delictual en mujeres chilenas que han estado privadas de libertad","eid;issn","22565531 17943108","http://www.scopus.com/inward/record.url?eid=2-s2.0-85070073667&partnerID=MN8TOARS","Scopus - Elsevier","0000-0002-6168-0877","151966211",
"C. Misma revista y anio que una pub en la base (~85% traduccion)","1. Articulo indexado (id Scopus/WoS)","Latindex directorio","Francisca Sofía Pérez Cortés","Psicología",2016,"Revista Argentina De Clinica Psicologica","Depressive symptoms, parental stress and family functioning,Sintomatología depresiva, estrés parental y funcionamiento familiar","eid;issn","03276716 18517951","http://www.scopus.com/inward/record.url?eid=2-s2.0-84997427610&partnerID=MN8TOARS","Scopus - Elsevier","0000-0002-8388-3173","188850810",
"C. Misma revista y anio que una pub en la base (~85% traduccion)","1. Articulo indexado (id Scopus/WoS)","Scopus","Loreto Evelyn Leiva Bahamondes","Psicología",2019,"Revista Iberoamericana de Diagnostico y Evaluacion Psicologica","Detecting emotional and behavioral difficulties in school: validation of psc-17,Detectando las dificultades emocionales y conductuales en la escuela: validacion de psc-17","doi;eid;issn","21836051 11353848","http://www.scopus.com/inward/record.url?eid=2-s2.0-85065973889&partnerID=MN8TOARS","Scopus - Elsevier","0000-0003-0837-3699","158939057",
"C. Misma revista y anio que una pub en la base (~85% traduccion)","1. Articulo indexado (id Scopus/WoS)","Scopus","Roberto Eduardo Aceituno Morales","Psicología",2023,"Multitudes","Re-inscriptions of fear in Chile,Réinscriptions de la peur au Chili","eid;issn","02920107","http://www.scopus.com/inward/record.url?eid=2-s2.0-85165088842&partnerID=MN8TOARS","Scopus - Elsevier","0000-0002-8107-273X","176619800",
"C. Misma revista y anio que una pub en la base (~85% traduccion)","1. Articulo indexado (id Scopus/WoS)","Scopus","Rodolfo Jorge Patricio Sapiains Arrué","Psicología",2017,"Interdisciplinaria","Psychology's contributions to address the human dimensions of climate change in Chile (first part),Contribuciones de la psicología al abordaje de la dimensión humana del cambio climático en Chile (primera parte)","eid","","http://www.scopus.com/inward/record.url?eid=2-s2.0-85030691196&partnerID=MN8TOARS","Scopus - Elsevier","0000-0003-0366-5553","71120005",
"C. Misma revista y anio que una pub en la base (~85% traduccion)","1. Articulo indexado (id Scopus/WoS)","Scopus","Rodolfo Jorge Patricio Sapiains Arrué","Psicología",2017,"Interdisciplinaria","Psychology's contributions to address the human dimensions of climate change in Chile (second part),Contribuciones de la psicología al abordaje de la dimensión humana del cambio climático en Chile (segunda parte)","eid","","http://www.scopus.com/inward/record.url?eid=2-s2.0-85061232273&partnerID=MN8TOARS","Scopus - Elsevier","0000-0003-0366-5553","71120004",
"C. Misma revista y anio que una pub en la base (~85% traduccion)","1. Articulo indexado (id Scopus/WoS)","WoS","María Emilia Tijoux Merino","Sociología",2019,"Interciencia","Children of immigrants in arica and parinacota, Chile: Methodological proposal for the study of their daily life in schools,Niños y niñas hijos de inmigrantes en arica y parinacota, Chile: Propuesta metodológica para el estudio de su vida cotidiana en las escuelas","eid;issn","22447776 03781844","http://www.scopus.com/inward/record.url?eid=2-s2.0-85076032661&partnerID=MN8TOARS","Scopus - Elsevier","0000-0003-2870-212X","108769866",
"C. Misma revista y anio que una pub en la base (~85% traduccion)","1. Articulo indexado (id Scopus/WoS)","Scopus","Nicolás Salvador Gregorio Angelcos Gutiérrez","Sociología",2017,"Psicoperspectivas","Violence and tactics in the processes of women's integration into copper mining in Chile,Violencia y táctica en los procesos de integración de las mujeres a la minería del cobre en Chile","eid","","http://www.scopus.com/inward/record.url?eid=2-s2.0-85024491365&partnerID=MN8TOARS","Scopus - Elsevier","0000-0002-8044-0895","44519728",
"C. Misma revista y anio que una pub en la base (~85% traduccion)","1. Articulo indexado (id Scopus/WoS)","Scopus","Nicolás Salvador Gregorio Angelcos Gutiérrez","Sociología",2019,"Izquierdas","""Only in the people we trust"": The moral structure of the Chilean urban poor's radical political discourse in the Partido Igualdad,Sólo en el pueblo confiamos: La estructura moral del discurso político radical de los pobladores en el Partido Igualdad","eid;isbn","","http://www.scopus.com/inward/record.url?eid=2-s2.0-85055582670&partnerID=MN8TOARS","Scopus - Elsevier","0000-0002-8044-0895","76257613",
"C. Misma revista y anio que una pub en la base (~85% traduccion)","1. Articulo indexado (id Scopus/WoS)","Scopus","Nicolás Salvador Gregorio Angelcos Gutiérrez","Sociología",2020,"Izquierdas","Satisfaction and recognition in precarious occupations: The case of waste collectors in Chile,Satisfacción y reconocimiento en ocupaciones precarias: El caso de los recolectores de basura en Chile","eid;isbn","","http://www.scopus.com/inward/record.url?eid=2-s2.0-85075669269&partnerID=MN8TOARS","Scopus - Elsevier","0000-0002-8044-0895","76257612",
"C. Misma revista y anio que una pub en la base (~85% traduccion)","1. Articulo indexado (id Scopus/WoS)","Scopus","Caterine Joanna Galaz Valderrama","Trabajo social",2016,"Forum Qualitative Sozialforschung","Differences, Hierarchies, Subalternity: Discourses and Practices of Interventions for Immigrant Women,Diferencias, jerarquías, subalternidad: Discursos y prácticas de intervención hacia mujeres inmigradas","eid;issn","14385627","http://www.scopus.com/inward/record.url?eid=2-s2.0-84989182956&partnerID=MN8TOARS","Scopus - Elsevier","0000-0001-6301-7609","149600402",
"C. Misma revista y anio que una pub en la base (~85% traduccion)","1. Articulo indexado (id Scopus/WoS)","Scopus","Caterine Joanna Galaz Valderrama","Trabajo social",2017,"Psicoperspectivas","Narrative productions as feminist research methodology in Critical Social Psychology: Tensions and challenges,Las producciones narrativas como metodología de investigación feminista en Psicología Social Crítica: Tensiones y desafíos","eid;issn","07186924","http://www.scopus.com/inward/record.url?eid=2-s2.0-85024493127&partnerID=MN8TOARS","Scopus - Elsevier","0000-0001-6301-7609","149600401",
"C. Misma revista y anio que una pub en la base (~85% traduccion)","1. Articulo indexado (id Scopus/WoS)","WoS","Caterine Joanna Galaz Valderrama","Trabajo social",2017,"Universitas Psychologica","Psychosocial interventions and their effects on the trajectory of immigrant women in Chile,Intervenciones psicosociales y sus efectos en la trayectoria de mujeres inmigradas en Chile","eid;issn","16579267","http://www.scopus.com/inward/record.url?eid=2-s2.0-85041225182&partnerID=MN8TOARS","Scopus - Elsevier","0000-0001-6301-7609","149600400",
"C. Misma revista y anio que una pub en la base (~85% traduccion)","1. Articulo indexado (id Scopus/WoS)","Scopus","Caterine Joanna Galaz Valderrama","Trabajo social",2017,"Reforma y Democracia","The operations of exclusion of immigrated people through public policies in Chile,Las operaciones de exclusión de personas inmigradas a través de las políticas públicas en Chile","eid;issn","24434647 13152378","http://www.scopus.com/inward/record.url?eid=2-s2.0-85044371536&partnerID=MN8TOARS","Scopus - Elsevier","0000-0001-6301-7609","149600399",
"C. Misma revista y anio que una pub en la base (~85% traduccion)","1. Articulo indexado (id Scopus/WoS)","Scopus","Paula Francisca Vidal Molina","Trabajo social",2018,"Izquierdas","Hugo Chávez and the principles of Socialism of the 21st Century: A discursive inquiry (2005-2013),Hugo Chávez y los principios del Socialismo del Siglo XXI: Una indagación discursiva (2005-2013)","eid;issn","07185049","http://www.scopus.com/inward/record.url?eid=2-s2.0-85047507590&partnerID=MN8TOARS","Scopus - Elsevier","0000-0002-9036-3766","192261977",
"C. Misma revista y anio que una pub en la base (~85% traduccion)","1. Articulo indexado (id Scopus/WoS)","Scopus","Paula Francisca Vidal Molina","Trabajo social",2022,"Izquierdas","Ways of Marx in Chilean Marxism. Notes on Marta Harnecker and Osvaldo Fernandez,Derroteros de Marx en el marxismo chileno. Notas sobre Marta Harnecker y Osvaldo Fernández.","eid;issn","07185049","http://www.scopus.com/inward/record.url?eid=2-s2.0-85141701545&partnerID=MN8TOARS","Scopus - Elsevier","0000-0002-9036-3766","192261975",
"C. Misma revista y anio que una pub en la base (~85% traduccion)","2. Revista en catalogo","WoS","Carla María Pinochet Cobos","Antropología",2021,"Revista de Estudios Sociales","La crisis COVID en el sector cultural chileno: estrategias de acción colectiva y políticas culturales desde abajo","other-id","","https://www.redalyc.org/articulo.oa?id=81569271002","Redalyc","0000-0002-8188-2572","110977962",
"C. Misma revista y anio que una pub en la base (~85% traduccion)","2. Revista en catalogo","SciELO","Daniel Osvaldo Quiroz Larrea","Antropología",2017,"Antípoda. Revista de Antropología y Arqueología","Narrativas etnográficas sobre ballenas y balleneros en las costas de Chile","other-id","","https://www.redalyc.org/articulo.oa?id=81451534003","Redalyc","0000-0001-7436-6142","114385683",
"C. Misma revista y anio que una pub en la base (~85% traduccion)","2. Revista en catalogo","Scopus","Emiliano Nicolás Gissi Barbieri","Antropología",2017,"Revista Austral de Ciencias Sociales, Nº32.","“El Estado chileno, los lafkenche y la Ley 20.249: ¿Indigenismo o política del reconocimiento?”","","",,"Nicolás Gissi","0000-0001-5059-7691","112397833",
"C. Misma revista y anio que una pub en la base (~85% traduccion)","2. Revista en catalogo","ERIH","Emiliano Nicolás Gissi Barbieri","Antropología",2018," Si Somos Americanos. Revista de Estudios Transfronterizos. Vol. 18, N°1.","“Trayectorias de Género en la Migración Sur-Sur de Mujeres Mexicanas Calificadas en Santiago de Chile”, ","","","https://www.sisomosamericanos.cl/index.php/sisomosamericanos/article/view/828","Nicolás Gissi","0000-0001-5059-7691","112397580",
"C. Misma revista y anio que una pub en la base (~85% traduccion)","2. Revista en catalogo","SciELO","Emiliano Nicolás Gissi Barbieri","Antropología",2021,"Antípoda. Revista de Antropología y Arqueología, 43."," “Migraciones transnacionales en contextos latinoamericanos: experiencias, prácticas y dis-continuidades en la creación de futuros posibles”","","",,"Nicolás Gissi","0000-0001-5059-7691","112397987",
"C. Misma revista y anio que una pub en la base (~85% traduccion)","2. Revista en catalogo","Scopus","Emiliano Nicolás Gissi Barbieri","Antropología",2021,"Desenvolvimento e Meio Ambiente, 58.","“Patagonia chilena: conflictos territoriales y procesos de conservación ambiental en el siglo XXI”","","","http://dx.doi.org/10.5380/dma.v58i0.71047","Nicolás Gissi","0000-0001-5059-7691","112397955",
"C. Misma revista y anio que una pub en la base (~85% traduccion)","2. Revista en catalogo","Scopus","Emiliano Nicolás Gissi Barbieri","Antropología",2022,"Revista CIDOB d’Afers Internacionals, nº 130.","“Odisea en un mar de tierra: migraciones venezolanas en Brasil, Uruguay y Paraguay”","","","http://doi.org/10.24241/rcai.2022.130.1.193","Nicolás Gissi","0000-0001-5059-7691","112397852",
"C. Misma revista y anio que una pub en la base (~85% traduccion)","2. Revista en catalogo","Scopus","Héctor Freddy Morales Morgado","Antropología",2019,"Diálogo Andino","From the Family Journey to the Grandotes: Goods, Community, and the Border in the 20th Century Atacameña","","","https://dx.doi.org/10.4067/S0719-26812019000200021","HECTOR MORALES MORGADO","0000-0002-9331-2403","176327357",
"C. Misma revista y anio que una pub en la base (~85% traduccion)","2. Revista en catalogo","Scopus","Héctor Freddy Morales Morgado","Antropología",2023,"Diálogo Andino","Soccer and Ethnicity in an Ayllu of San Pedro de Atacama: Huracán de Séquitor Sports Club. ","","","https://dx.doi.org/10.4067/S0719-26812023000200210","HECTOR MORALES MORGADO","0000-0002-9331-2403","176327276",
"C. Misma revista y anio que una pub en la base (~85% traduccion)","2. Revista en catalogo","Scopus","Héctor Freddy Morales Morgado","Antropología",2024,"Diálogo Andino","Community tourism: a new alternative for indigenous development","","","http://dialogoandino.cl/index.php/numero-75-2024/","HECTOR MORALES MORGADO","0000-0002-9331-2403","176497534",
"C. Misma revista y anio que una pub en la base (~85% traduccion)","2. Revista en catalogo","WoS","María Isabel Cartajena Fasting","Antropología",2019,"Archaeofauna","Una aproximación desde la fauna del templete Tulán-54 (Salar de Atacama, Chile) a los nichos en la arquitectura durante inicios del Formativo (ca. 3.300-2.400 AP) ","","","https://doi.org/10.15366/archaeofauna2019.28.007","Isabel Cartajena","0000-0003-4048-5359","150431229",
"C. Misma revista y anio que una pub en la base (~85% traduccion)","2. Revista en catalogo","WoS","María Isabel Cartajena Fasting","Antropología",2022,"Latin American Antiquity","El manejo territorial de los camélidos en la circumpuna de Atacama desde el Arcaico al Formativo (10.000-2400 aP): Una aproximación isotópica y taxonómica","","","https://doi.org/10.1017/laq.2021.66","Isabel Cartajena","0000-0003-4048-5359","150431411",
"C. Misma revista y anio que una pub en la base (~85% traduccion)","2. Revista en catalogo","WoS","María Isabel Cartajena Fasting","Antropología",2023,"Latin American Antiquity","Cronología, Tecnología y Subsistencia de los Cazadores-Recolectores de Principios del Holoceno Medio (Ca. 8.000 – 5.500 Cal Ap) en la Cuenca Superior del Río Loa (Puna De Atacama, Andes Centro-Sur)","","","https://doi.org/10.1017/laq.2022.84","Isabel Cartajena","0000-0003-4048-5359","150086656",
"C. Misma revista y anio que una pub en la base (~85% traduccion)","2. Revista en catalogo","Scopus","Paulina Isabel Osorio Parraguez","Antropología",2022,"Revista Mexicana de Sociología","Life course and families of centenarian women in Chile/ Curso de vida y familias de mujeres centenarias en Chile","","","http://revistamexicanadesociologia.unam.mx/index.php/rms/article/view/60389","Paulina Osorio-Parraguez","0000-0002-6438-3712","139368915",
"C. Misma revista y anio que una pub en la base (~85% traduccion)","2. Revista en catalogo","WoS","Fabiola Valeska Maldonado García","Educación",2024,"Interciencia","LINGUISTIC REVITALIZATION: DESIGN, IMPLEMENTATION AND EVALUATION OF AN INTERVENTION PROGRAM FOR MAPUCHE YOUTH/ REVITALIZACION LINGUISTICA: DISENO, IMPLEMENTACION Y EVALUACION DE UN PROGRAMA DE INTERVENCION PARA JOVENES MAPUCHE/REVITALIZACAO LINGUISTICA: DESENHO, IMPLEMENTACAO E AVALIACAO DE UM PROGRAMA DE INTERVENCAO PARA JOVENS MAPUCHE","issn","0378-1844",,"Fabiola Valeska Maldonado García","0000-0001-5763-183X","196044210",
"C. Misma revista y anio que una pub en la base (~85% traduccion)","2. Revista en catalogo","ERIH","Jorge Fabián Cabaluz Ducasse","Educación",2021,"Revista Izquierdas","Pedagogía para la “revolución”. Reflexiones pedagógicas de Clara Zetkin durante los años 1891 y 1914.","","","http://www.izquierdas.cl/images/pdf/2021/n50/art71.pdf","J. Fabian Cabaluz D.","0000-0003-0398-7819","94912430",
"C. Misma revista y anio que una pub en la base (~85% traduccion)","2. Revista en catalogo","WoS","Mónica Clara Manhey Moreno","Educación",2022,"Interciencia","Construir la identidad profesional Docente desde las Relaciones Interculturales","issn","0378-1844","https://www.interciencia.net/wp-content/uploads/2022/07/05_6912_Com_Friz_v47n7_9.pdf","Mónica Manhey Moreno","0000-0001-6775-813X","131665551",
"C. Misma revista y anio que una pub en la base (~85% traduccion)","2. Revista en catalogo","Scopus","Susan Valeria Sanhueza Henríquez","Educación",2018,"Revista electrónica de investigación educativa","The teaching and learning process in mathematics. Perceptions of future teachers in southern Chile","","","https://dialnet.unirioja.es/servlet/articulo?codigo=6374361","Susan Valeria Sanhueza Henríquez","0000-0002-7553-8791","150177988",
"C. Misma revista y anio que una pub en la base (~85% traduccion)","2. Revista en catalogo","Latindex directorio","Francisca Sofía Pérez Cortés","Psicología",2016,"Revista Argentina de Psicología Clínica","Sintomatología depresiva, estrés parental y funcionamiento familiar","","",,"Francisca Pérez Cortés","0000-0002-8388-3173","83136466",
"C. Misma revista y anio que una pub en la base (~85% traduccion)","2. Revista en catalogo","Scopus","Isabel Piper Shafir","Psicología",2025,"Ciencia Nueva, revista de Historia y Política","Violencias biopolíticas y prácticas de resistencias de comunidades precordilleranas de la región de Los Ríos, Chile","uri;issn","2539-2662","https://revistas.utp.edu.co/index.php/historia/article/view/25800","Revistas UTP","0000-0001-6795-2573","195171379",
"C. Misma revista y anio que una pub en la base (~85% traduccion)","2. Revista en catalogo","SciELO","Mario Arturo Laborda Rojas","Psicología",2017,"Cuadernos de Neuropsicología","Alucinaciones visuales y cognición en la deficiencia visual","","","https://www.cnps.cl/index.php/cnps/article/view/273","Mario A. Laborda","0000-0003-2459-3042","153560522",
"C. Misma revista y anio que una pub en la base (~85% traduccion)","2. Revista en catalogo","Scopus","Mario Arturo Laborda Rojas","Psicología",2017,"International Journal of Psychology and Psychological Therapy","Modelo Texas Christian University para evaluación y tratamiento de trastornos por uso de sustancias","","","https://www.redalyc.org/articulo.oa?id=56051353008","Mario A. Laborda","0000-0003-2459-3042","153559956",
"C. Misma revista y anio que una pub en la base (~85% traduccion)","2. Revista en catalogo","Scopus","María Soledad Ruiz Jabbaz","Psicología",2016,"Psicoperspectivas","La subjetividad del investigador en terreno: sistematización de una experiencia reflexiva de inmersión etnográfica","","","https://doi.org/10.26489/rvs.v35i51.8","Soledad Ruiz Jabbaz","0000-0002-1295-2936","174309491",
"C. Misma revista y anio que una pub en la base (~85% traduccion)","2. Revista en catalogo","Scopus","María Soledad Ruiz Jabbaz","Psicología",2022,"Revista de Ciencias Sociales","Estrategias de enfrentamiento de la estigmatización territorial en un barrio segregado.","","","https://doi.org/10.26489/rvs.v35i51.8","Soledad Ruiz Jabbaz","0000-0002-1295-2936","174309400",
"C. Misma revista y anio que una pub en la base (~85% traduccion)","2. Revista en catalogo","Scopus","Pablo Eduardo Cabrera Pérez","Psicología",2023,"Política y Sociedad","Desobediencia en situaciones extremas: trayectorias de militares disidentes durante y posterior a la dictadura cívico militar chilena (1973-1989)","","","https://doi.org/10.5209/poso.72912","Pablo Cabrera Pérez","0009-0006-5464-8349","158960105",
"C. Misma revista y anio que una pub en la base (~85% traduccion)","2. Revista en catalogo","Latindex directorio","Paula Andrea Vergara Henríquez","Psicología",2017,"Revista Argentina de Clínica Psicológica ","Cambio psicoterapéutico en niños/as y adolescentes desde el enfoque constructivista evolutivo: evaluación de un caso","issn","0327-6716","https://www.redalyc.org/articulo.oa?id=281950399012","Paula Andrea Vergara Henríquez","0009-0009-5185-1060","130431586",
"C. Misma revista y anio que una pub en la base (~85% traduccion)","2. Revista en catalogo","Scopus","Rodrigo Carlos Cornejo Chávez","Psicología",2023,"Educação & Sociedade","Bienestar Ocupacional Docente y Rendición de Cuentas de Alto Impacto","uri;issn","1678-4626","https://submission.scielo.br/index.php/es/article/view/260346","SciELO Brazil - OJS","0000-0001-6713-0166","124077517",
"C. Misma revista y anio que una pub en la base (~85% traduccion)","2. Revista en catalogo","Ya publicada por FACSO","Vanetza Estela Quezada Scholz","Psicología",2021,"Cuadernos de Neuropsicología / Panamerican Journal of Neuropsychology","Premio Rubén Ardila a la investigación científica en psicología 2021: Palabras de agradecimiento del equipo del Laboratorio de Psicología Experimental prof. Ronald Betancourt Mainhard","","","https://www.cnps.cl/index.php/cnps/article/view/460","Vanetza E. Quezada Scholz","0000-0002-7761-0953","160409355",
"C. Misma revista y anio que una pub en la base (~85% traduccion)","2. Revista en catalogo","Scopus","Catalina Arteaga Aguirre","Sociología",2017,"Sociológica","The Diversity of Positional Experiences in the Context of Transformations of Chile’s Social Structure","issn","2007-8358","https://www.scielo.org.mx/scielo.php?script=sci_abstract&pid=S0187-01732017000200045&lng=es&nrm=iso","Catalina Arteaga-Aguirre","0000-0002-0365-5526","149617866",
"C. Misma revista y anio que una pub en la base (~85% traduccion)","2. Revista en catalogo","SciELO","Catalina Arteaga Aguirre","Sociología",2021,"Polis (Santiago)","Resistance practices in a pandemic. Intersectional views","issn","0718-6568","https://www.scielo.cl/pdf/polis/v20n60/0718-6568-polis-20-60-3.pdf","Catalina Arteaga-Aguirre","0000-0002-0365-5526","149560725",
"C. Misma revista y anio que una pub en la base (~85% traduccion)","2. Revista en catalogo","SciELO","Claudio Orlando Duarte Quapper","Sociología",2018,"Última Década","Última década como una revista espejo del campo de estudios en juventudes. Entrevista a Óscar Dávila León","","","https://ultimadecada.uchile.cl/index.php/UD/article/view/53842","CLAUDIO DUARTE QUAPPER","0000-0001-7855-4300","175206844",
"C. Misma revista y anio que una pub en la base (~85% traduccion)","2. Revista en catalogo","SciELO","Claudio Orlando Duarte Quapper","Sociología",2019,"Última Década","Adultocentrismo en la reproducción de imaginarios en la investigación social chilena sobre lo juvenil","","","https://ultimadecada.uchile.cl/index.php/UD/article/view/53849","CLAUDIO DUARTE QUAPPER","0000-0001-7855-4300","174185146",
"C. Misma revista y anio que una pub en la base (~85% traduccion)","2. Revista en catalogo","SciELO","Claudio Orlando Duarte Quapper","Sociología",2020,"Última Década","Imaginación sociológica para estudiar juventudes Autores/as","","","https://ultimadecada.uchile.cl/index.php/UD/article/view/61499","CLAUDIO DUARTE QUAPPER","0000-0001-7855-4300","175206738",
"C. Misma revista y anio que una pub en la base (~85% traduccion)","2. Revista en catalogo","Scopus","Marcela Patricia Ferrer Lues","Sociología",2017,"Studies in health technology and informatics","The Meaning of Patient Empowerment in the Digital Age: The Role of Online Patient-Communities.","pmid","",,"Marcela Ferrer-Lues","0000-0001-8211-1457","161481154",
"C. Misma revista y anio que una pub en la base (~85% traduccion)","2. Revista en catalogo","ERIH","Marisol Yazmín Ximena Facuse Muñoz","Sociología",2022,"El oído pensante","La cuestión de la autenticidad en las músicas migrantes ","","","http://revistascientificas.filo.uba.ar/index.php/oidopensante/article/view/10345","Marisol Facuse","0000-0001-6355-2396","141392306",
"C. Misma revista y anio que una pub en la base (~85% traduccion)","2. Revista en catalogo","WoS","María Emilia Tijoux Merino","Sociología",2018,"Acta Sociológica","Sociological reflections for the study of the social interactions of children of immigrants in schools and colleges in the extreme north of Chile","","",,"María Emilia Tijoux Merino","0000-0003-2870-212X","108985606",
"C. Misma revista y anio que una pub en la base (~85% traduccion)","2. Revista en catalogo","Scopus","María Emilia Tijoux Merino","Sociología",2022,"Interdisciplinaria","Being a Haitian patient in Chile and experiencing racism in centers of the public health network | Ser paciente haitiano/a en Chile y vivir el racismo en centros de la red pública de salud","","","http://dx.doi.org/10.16888/interd.2023.40.1.22","María Emilia Tijoux Merino","0000-0003-2870-212X","136260631",
"C. Misma revista y anio que una pub en la base (~85% traduccion)","2. Revista en catalogo","Latindex directorio","María Emilia Tijoux Merino","Sociología",2025,"Revista Alpha","The border as a de-subjectivizing device in Chile: the production of the migrant form","","",,"María Emilia Tijoux Merino","0000-0003-2870-212X","182214369",
"C. Misma revista y anio que una pub en la base (~85% traduccion)","2. Revista en catalogo","Scopus","Octavio Alejandro Avendaño Pavez","Sociología",2025,"Ciencia Nueva, revista de Historia y Política"," Reforma agraria y movimiento campesino en experiencias nacional-populistas","uri;issn","2539-2662","https://revistas.utp.edu.co/index.php/historia/article/view/25765","Revistas UTP","0000-0001-6945-5327","195171218",
"C. Misma revista y anio que una pub en la base (~85% traduccion)","2. Revista en catalogo","ERIH","Carlos Alejandro Andrade Guzmán","Trabajo social",2021,"EHQUIDAD. Revista Internacional De Políticas De Bienestar Y Trabajo Social","Uso del inglés en programas de Doctorado en Trabajo Social en Estados Unidos. Un estudio de caso ilustrativo de la hegemonía idiomática","","","https://revistas.proeditio.com/ehquidad/article/view/4350","Carlos Andrade-Guzmán","0000-0003-4150-032X","155426543",
"C. Misma revista y anio que una pub en la base (~85% traduccion)","2. Revista en catalogo","ERIH","Carlos Alejandro Andrade Guzmán","Trabajo social",2022,"EHQUIDAD. Revista Internacional De Políticas De Bienestar Y Trabajo Social","Cuidando a mayores en Chile. Explorando las vivencias de hombres cuidadores de personas dependientes","","","https://revistas.proeditio.com/ehquidad/article/view/4619","Carlos Andrade-Guzmán","0000-0003-4150-032X","155426427",
"C. Misma revista y anio que una pub en la base (~85% traduccion)","2. Revista en catalogo","ERIH","Carlos Alejandro Andrade Guzmán","Trabajo social",2023,"EHQUIDAD. Revista Internacional De Políticas De Bienestar Y Trabajo Social","Educación en Trabajo Social y elementos explicativos de la formación disciplinar en campo en el contexto de COVID-19. Lecciones desde la Universidad de Cádiz","","","https://revistas.proeditio.com/ehquidad/article/view/4809","Carlos Andrade-Guzmán","0000-0003-4150-032X","155426156",
"C. Misma revista y anio que una pub en la base (~85% traduccion)","2. Revista en catalogo","Scopus","Caterine Joanna Galaz Valderrama","Trabajo social",2016,"Forum: Qualitative Social Research","Differences, hierarchies, subalternity: effects of domination in intervention practices towards migrant women // Diferencias, jerarquías, subalternidad: efectos de dominación en las prácticas de intervención hacia mujeres migrantes","issn","ISSN 1438-5627","http://www.qualitative-research.net/index.php/fqs/article/viewFile/2379/4030","Caterine Galaz Valderrama","0000-0001-6301-7609","32412481",
"C. Misma revista y anio que una pub en la base (~85% traduccion)","2. Revista en catalogo","Latindex catalogo","Caterine Joanna Galaz Valderrama","Trabajo social",2017,"Acciones e  Investigaciones sociales","Public policies and health regarding immigration: Critical points in the accessibility of the Chilean public system // Políticas públicas y salud en materia de inmigración: Puntos críticos en la accesibilidad del sistema público chileno","issn"," 1132-192X","https://sociales.unizar.es/sites/sociales.unizar.es/files/users/sociales/AIS/37_AIS/ais37_03.pdf","Caterine Galaz Valderrama","0000-0001-6301-7609","37710677",
"C. Misma revista y anio que una pub en la base (~85% traduccion)","2. Revista en catalogo","WoS","Caterine Joanna Galaz Valderrama","Trabajo social",2017,"Revista CLAD","The exclusion operations of immigrants through public policies in Chile // Las operaciones de exclusión de personas inmigradas a través de las políticas públicas en Chile","issn","1315-2378 ","http://old.clad.org/portal/publicaciones-del-clad/revista-clad-reforma-democracia/articulos/068-junio-2017/las-operaciones-de-exclusion-de-personas-inmigradas-a-traves-de-las-politicas-publicas-en-chile","Caterine Galaz Valderrama","0000-0001-6301-7609","35826451",
"C. Misma revista y anio que una pub en la base (~85% traduccion)","2. Revista en catalogo","Scopus","Caterine Joanna Galaz Valderrama","Trabajo social",2018,"Diálogo Andino","Daughters and sons of migrants in Chie: rights from a social inclusion perspective // Hijas e hijos de migrantes en Chie: derechos desde una perspectiva de inclusión social","issn","0719-2681","https://www.researchgate.net/publication/329402743_Hijas_e_hijos_de_migrantes_en_Chile_derechos_desde_una_perspectiva_de_inclusion_social","Caterine Galaz Valderrama","0000-0001-6301-7609","51346710",
"C. Misma revista y anio que una pub en la base (~85% traduccion)","2. Revista en catalogo","ERIH","Caterine Joanna Galaz Valderrama","Trabajo social",2018,"Revista de Trabajo Social","Possibilities and limits for social inclusion: Profiles and paths of settlement of the Dominican population in Chile // Posibilidades y límites para la inclusión social: Perfiles y vías de instalación de la población dominicana en Chile","issn","0716-9736","http://rts.alerta.cl/index.php/rts/article/view/65","Caterine Galaz Valderrama","0000-0001-6301-7609","45715504",
"C. Misma revista y anio que una pub en la base (~85% traduccion)","2. Revista en catalogo","Latindex catalogo","Caterine Joanna Galaz Valderrama","Trabajo social",2018,"Revista Psicoperspectivas"," LGTBI rights in Chile: Tensions in the constitution of sexualized otherities //Derechos LGTBI en Chile: Tensiones en la constitución de otredades sexualizadas","issn","0717-7798","http://www.psicoperspectivas.cl/index.php/psicoperspectivas/article/viewFile/1165/743","Caterine Galaz Valderrama","0000-0001-6301-7609","42699658",
"C. Misma revista y anio que una pub en la base (~85% traduccion)","2. Revista en catalogo","Scopus","Caterine Joanna Galaz Valderrama","Trabajo social",2018,"Estudios Pedagógicos","Openings and closures for the educational inclusion of migrant children in Chile // Aperturas y cierres para la inclusión educativa de niños/as migrantes en Chile","issn","0718-0705","http://revistas.uach.cl/index.php/estped/article/view/1244/1264","Caterine Galaz Valderrama","0000-0001-6301-7609","40867694",
"C. Misma revista y anio que una pub en la base (~85% traduccion)","2. Revista en catalogo","Scopus","Caterine Joanna Galaz Valderrama","Trabajo social",2020,"Discurso y Sociedad","The sexual subject pre-existing to the law: fixations and territorializations in the Civil Union Agreement law in Chile // El sujeto sexual preexistente al derecho: fijaciones y territorializaciones en la ley de Acuerdo de Unión Civil en Chile","issn","1887-4606","http://www.dissoc.org/ediciones/v14n02/DS14(2)Galaz&Sepulveda.pdf","Caterine Galaz Valderrama","0000-0001-6301-7609","76609616",
"C. Misma revista y anio que una pub en la base (~85% traduccion)","2. Revista en catalogo","WoS","Caterine Joanna Galaz Valderrama","Trabajo social",2021,"Polis","Resistance practices in a pandemic. Intersectional views // Prácticas de resistencia en pandemia. Miradas interseccionales","issn","0718-6568","https://polis.ulagos.cl/index.php/polis/article/view/1665","Caterine Galaz Valderrama","0000-0001-6301-7609","99638260",
"C. Misma revista y anio que una pub en la base (~85% traduccion)","2. Revista en catalogo","Scopus","Caterine Joanna Galaz Valderrama","Trabajo social",2021,"Antípoda. Revista de Antropología y Arqueología","Chain of favors and payments: relations of transnational debt of the population // Cadena de favores y pagos: relaciones de endeudamiento transnacional de la población haitiana residente en Quilicura, Santiago de Chile","issn","2011-4273","https://revistas.uniandes.edu.co/doi/pdf/10.7440/antipoda43.2021.05","Caterine Galaz Valderrama","0000-0001-6301-7609","92577003",
"C. Misma revista y anio que una pub en la base (~85% traduccion)","2. Revista en catalogo","Latindex directorio","Caterine Joanna Galaz Valderrama","Trabajo social",2022,"Punto Género","Tactics of resistance of lesbian, bisexual and trans women against institutional violence// Tácticas de resistencia de mujeres lesbianas, trans y bisexuales (LBT) frente a violencias institucionales","","","https://revistapuntogenero.uchile.cl/index.php/RPG/article/view/69390","Caterine Galaz Valderrama","0000-0001-6301-7609","125688504",
"C. Misma revista y anio que una pub en la base (~85% traduccion)","2. Revista en catalogo","Scopus","Caterine Joanna Galaz Valderrama","Trabajo social",2025,"Psicologia & Sociedade","Repensando la accesibilidad en la investigación en discapacidad desde las epistemologías feministas","uri;issn","1807-0310","https://submission.scielo.br/index.php/psoc/article/view/293590","SciELO Brazil - OJS","0000-0001-6301-7609","196449270",
"C. Misma revista y anio que una pub en la base (~85% traduccion)","2. Revista en catalogo","ERIH","Gianinna Inés Muñoz Arce","Trabajo social",2017,"Trabajo Social Global","La relación entre investigación e intervención social: Voces desde el trabajo social chileno","","","https://digibug.ugr.es/handle/10481/47008","Gianinna Munoz Arce","0000-0003-4582-0507","134433315",
"C. Misma revista y anio que una pub en la base (~85% traduccion)","2. Revista en catalogo","SciELO","Gianinna Inés Muñoz Arce","Trabajo social",2020,"Rumbos TS","Trabajo interprofesional en Chile","other-id","","http://revistafacso.ucentral.cl/index.php/rumbos/article/view/394","Gianinna Munoz Arce","0000-0003-4582-0507","91109608",
"C. Misma revista y anio que una pub en la base (~85% traduccion)","2. Revista en catalogo","Scopus","Gianinna Inés Muñoz Arce","Trabajo social",2022,"Asparkía","La sostenibilidad de la vida y la ética del cuidado: análisis y propuestas para imaginar la intervención de los programas sociales en Chile","","","https://www.e-revistes.uji.es/index.php/asparkia/article/view/6164","Gianinna Munoz Arce","0000-0003-4582-0507","114393421",
"C. Misma revista y anio que una pub en la base (~85% traduccion)","2. Revista en catalogo","Scopus","Hillary Carroll Hiner","Trabajo social",2023,"Psicologia & Sociedade","Madres trabajadoras académicas: opacidades, privilegios y resistencias en pandemia","uri;issn","1807-0310","https://submission.scielo.br/index.php/psoc/article/view/252086","SciELO Brazil - OJS","0000-0003-3016-042X","131176169",
"C. Misma revista y anio que una pub en la base (~85% traduccion)","2. Revista en catalogo","ERIH","Javiera Andrea Cubillos Almendra","Trabajo social",2018,"Si Somos Americanos. Revista de Estudios Transfronterizos","The Migrant Human Library: Use of the public space and the shifting meaning of the migratory process","","","http://www.sisomosamericanos.cl/index.php/sisomosamericanos/article/view/860","Javiera Cubillos Almendra","0000-0001-8080-4049","53123844",
"C. Misma revista y anio que una pub en la base (~85% traduccion)","2. Revista en catalogo","Latindex catalogo","Javiera Andrea Cubillos Almendra","Trabajo social",2022,"Revista Punto Género","Living Blackness in Chilean Agricultural Territory: Discrimination against Afro-descendant Women in Talca, Maule","","","https://ultimadecada.uchile.cl/index.php/RPG/article/view/69395","Javiera Cubillos Almendra","0000-0001-8080-4049","125778736",
"C. Misma revista y anio que una pub en la base (~85% traduccion)","2. Revista en catalogo","ERIH","Lorena Andrea Pérez Roa","Trabajo social",2019,"Aposta. Revista de Ciencias Sociales","Emprendedores por necesidad: el emprendimiento como estrategia de pago de deudas en un contexto precariedad laboral","other-id","","https://www.redalyc.org/articulo.oa?id=495963605003","Redalyc","0000-0002-5959-9439","97825422",
"C. Misma revista y anio que una pub en la base (~85% traduccion)","2. Revista en catalogo","Scopus","María Gabriela Rubilar Donoso","Trabajo social",2019,"Psicoperspectivas","Sobre el futuro: Narrativas laborales de estudiantes de liceos técnico-profesionales en tres claves de desigualdad","","","https://www.psicoperspectivas.cl/index.php/psicoperspectivas/article/viewFile/1656/1108","Gabriela Rubilar","0000-0002-4635-9380","65401026",
"C. Misma revista y anio que una pub en la base (~85% traduccion)","2. Revista en catalogo","WoS","Paula Francisca Vidal Molina","Trabajo social",2019,"Convergencia. Revista de Ciencias Sociales","Ciudadanía en tiempos del Capital. Una crítica desde la tradición marxiana","other-id","","https://www.redalyc.org/articulo.oa?id=10559568007","Redalyc","0000-0002-9036-3766","69185062",
"C. Misma revista y anio que una pub en la base (~85% traduccion)","2. Revista en catalogo","ERIH","Paula Francisca Vidal Molina","Trabajo social",2022,"Revista Izquierdas ","Derroteros de Marx en el marxismo chileno. Notas sobre Marta Harnecker y Osvaldo Fernández","","","http://www.izquierdas.cl/images/pdf/2022/51/art26.pdf","Paula Vidal Molina","0000-0002-9036-3766","154555679",
"C. Misma revista y anio que una pub en la base (~85% traduccion)","2. Revista en catalogo","Scopus","Paula Francisca Vidal Molina","Trabajo social",2022,"Revista Austral De Ciencias Sociales","Entre neoliberalismos y Buen Vivir: análisis crítico de los discursos de posesión presidencial en los casos de Ecuador, Bolivia, Chile y Brasil (2013-2016). ","","","http://revistas.uach.cl/index.php/racs/article/view/6944","Paula Vidal Molina","0000-0002-9036-3766","154555655",
"C. Misma revista y anio que una pub en la base (~85% traduccion)","2. Revista en catalogo","Scopus","Teresita Elizabeth del Carmen Matus Sepúlveda","Trabajo social",2024,"Cinta de Moebio","Las ciencias sociales latinoamericanas en un régimen universitario gerencial","","","https://cintademoebio.uchile.cl/","Teresita Matus","0000-0002-2974-9678","166819847",
"C. Misma revista y anio que una pub en la base (~85% traduccion)","3. Revista no catalogada (nombre de revista)",,"Paulina Isabel Osorio Parraguez","Antropología",2023,"Revista Prisma Social, (42), 142–169","STUDIES ON THE DIVERSITY OF AGING IN LATIN AMERICA AND THE CARIBBEANSYSTEMATIZED REVIEW IN FOUR CROSSES/ Estudios sobre la diversidad de los envejecimientos en América Latina y el Caribe: Revisión sistematizada en cuatro cruces","","","https://revistaprismasocial.es/article/view/4975/5669","Paulina Osorio-Parraguez","0000-0002-6438-3712","148575895",
"C. Misma revista y anio que una pub en la base (~85% traduccion)","3. Revista no catalogada (nombre de revista)",,"Erika Viviana del Carmen Soto Aranda","Educación",2023,"Revista Estudios Pedagógicos","Aproximaciones a una pedagogía del juego como perspectiva crítica en y con los sujetos","","","https://doi.org/10.4067/S0718-07052022000400435","Viviana Soto Aranda","0000-0002-7818-5653","137057308",
"C. Misma revista y anio que una pub en la base (~85% traduccion)","3. Revista no catalogada (nombre de revista)",,"Mónica Clara Manhey Moreno","Educación",2017,"Enfoques Educacionales ","Observar a los niños y niñas es aprender de ellos.  ","","",,"Mónica Manhey Moreno","0000-0001-6775-813X","100254222",
"C. Misma revista y anio que una pub en la base (~85% traduccion)","3. Revista no catalogada (nombre de revista)",,"Andrea Peroni","Sociología",2019,"Revista Estado Gobierno y Gestión Pública","“Juntos Más Seguros”. ","","","https://revistaeggp.uchile.cl/index.php/REGP/article/view/54662","Andrea Peroni Fiscarelli","0000-0003-0584-7705","144529055",
"C. Misma revista y anio que una pub en la base (~85% traduccion)","3. Revista no catalogada (nombre de revista)",,"María Emilia Tijoux Merino","Sociología",2025,"Cuadernos de Teoría Social, Cuentistas sociales o por qué las ciencias sociales necesitan volver a contar historias","Telling in order to tell and understand social suffering. The heuristic power of the life story","","",,"María Emilia Tijoux Merino","0000-0003-2870-212X","182214678",
"C. Misma revista y anio que una pub en la base (~85% traduccion)","3. Revista no catalogada (nombre de revista)",,"María Gabriela Rubilar Donoso","Trabajo social",2024,"Revista Prisma Social","Derecho a la memoria e “identidades” de la muerte en calle","","","https://revistaprismasocial.es/article/view/5306","Gabriela Rubilar","0000-0002-4635-9380","165868872",
"C. Misma revista y anio que una pub en la base (~85% traduccion)","3. Revista no catalogada (nombre de revista)",,"Tal Reininger Pollak","Trabajo social",2017,"Revista Intervención","Claves de lectura para un Trabajo Social critico desde Jane Addams","","",,"Taly Reininger","0000-0001-6398-5204","99180199",
"C. Misma revista y anio que una pub en la base (~85% traduccion)","3. Revista no catalogada (nombre de revista)",,"Teresita Elizabeth del Carmen Matus Sepúlveda","Trabajo social",2018,"Journal MAD","Innovation from the fail: logics of self-observation for the social agenda of Chile (in evaluation for 2018)","","",,"Teresita Matus","0000-0002-2974-9678","38620267",
"C. Misma revista y anio que una pub en la base (~85% traduccion)","4. Fuente dudosa (nombre no reconocible)",,"Octavio Alejandro Avendaño Pavez","Sociología",2024,"Perfiles Latinoamericanos (WoS. ISSN: 0188-7653). Vol. 32. Nº 64. ","Grupos de interés y cambios en la normativa hídrica chilena","","","https://drive.google.com/file/d/1d1d5Lix49QG_M64QrYRixMmLWZC-ajxY/view?usp=sharing","Octavio Avendaño","0000-0001-6945-5327","150306979",
"C. Misma revista y anio que una pub en la base (~85% traduccion)","4. Fuente dudosa (nombre no reconocible)",,"Johanna de Lourdes Madrigal Calderón","Trabajo social",2024," MAD","Giro funcional: lineamientos para el diseño de un modelo conceptual sobre la confianza intra-organizacional","","","https://revistamad.uchile.cl/index.php/RMAD/article/view/77115","Johanna Madrigal Calderón","0000-0002-0648-8217","181285538",
"C. Misma revista y anio que una pub en la base (~85% traduccion)","4. Fuente dudosa (nombre no reconocible)",,"María Antonieta Urquieta Álvarez","Trabajo social",2018,"MAD","Lógicas de auto observación de la falla para una innovación efectiva","","","https://revistamad.uchile.cl/index.php/RMAD/article/view/51026","María Antonieta Urquieta","0000-0002-0999-4983","147729584",
"C. Misma revista y anio que una pub en la base (~85% traduccion)","5. No parece articulo (titulo o medio)",,"Claudio Orlando Duarte Quapper","Sociología",2017,"Revista Última Década","Presentación Revista Última Década N°47","","",,"CLAUDIO DUARTE QUAPPER","0000-0001-7855-4300","175188389",
"D. Potencialmente nuevo","1. Articulo indexado (id Scopus/WoS)","WoS","Norman Marcelo Arnold Cathalifaud","Antropología",2016,"Constructivist Foundations","To what extent can second-order cybernetics be a foundation for psychology?","eid;isbn","","http://www.scopus.com/inward/record.url?eid=2-s2.0-84978761407&partnerID=MN8TOARS","Scopus - Elsevier","0000-0003-1649-8512","74362211",
"D. Potencialmente nuevo","1. Articulo indexado (id Scopus/WoS)","WoS","Pablo Mendez-Quiros Aranda","Antropología",2016,"Interciencia","Microscopic analysis of botanical residues from cerro esmeralda burial in Northern Chile: State and death ritual implications","eid","","http://www.scopus.com/inward/record.url?eid=2-s2.0-85011705456&partnerID=MN8TOARS","Scopus - Elsevier","0000-0001-5385-290X","30544672",
"D. Potencialmente nuevo","1. Articulo indexado (id Scopus/WoS)","Ya publicada por FACSO","Daniel Fernando Johnson Mardones","Educación",2018,"Curriculum Studies as an International Conversation: Educational Traditions and Cosmopolitanism in Latin America","Cosmopolitanism in a Latin American Key Conclusion","wosuid","","https://publons.com/wos-op/publon/61056755/","Web of Science Researcher Profile Sync","0000-0002-1023-8915","136771296",
"D. Potencialmente nuevo","1. Articulo indexado (id Scopus/WoS)","Ya publicada por FACSO","Daniel Fernando Johnson Mardones","Educación",2018,"Curriculum Studies as an International Conversation: Educational Traditions and Cosmopolitanism in Latin America","Understanding Curriculum as an International Conversation Introduction","wosuid","","https://publons.com/wos-op/publon/61056757/","Web of Science Researcher Profile Sync","0000-0002-1023-8915","136771295",
"D. Potencialmente nuevo","1. Articulo indexado (id Scopus/WoS)","Scopus","Susan Valeria Sanhueza Henríquez","Educación",2018,"Revista Mexicana de Investigacion Educativa","Uso de estrategias tecnologicas en educacion: Una comparación entre biologiá y educación física","eid;issn","14056666","http://www.scopus.com/inward/record.url?eid=2-s2.0-85051364800&partnerID=MN8TOARS","Scopus - Elsevier","0000-0002-7553-8791","110143514",
"D. Potencialmente nuevo","1. Articulo indexado (id Scopus/WoS)",,"Daniel Andrés Miranda Fuenzalida","Psicología",2022,"Psychology of Democracy","Trust in Political Institutions and Support for Authoritarianism Latin American Students - Does Civic Knowledge Make a Difference?","wosuid","","https://publons.com/wos-op/publon/59206042/","Web of Science Researcher Profile Sync","0000-0002-3143-8502","173422666",
"D. Potencialmente nuevo","1. Articulo indexado (id Scopus/WoS)","WoS","Loreto Evelyn Leiva Bahamondes","Psicología",2018,"International Journal of Behavioral Medicine","ILLNESS EXPERIENCES OF WOMEN WITH ORAL DRYNESS AS A RESULT OF SJOGREN SYNDROME","wosuid","","https://publons.com/wos-op/publon/56370352/","Web of Science Researcher Profile Sync","0000-0003-0837-3699","157567513",
"D. Potencialmente nuevo","1. Articulo indexado (id Scopus/WoS)","WoS","Loreto Evelyn Leiva Bahamondes","Psicología",2024,"International Journal of Psychology","What elements ought to be safeguarded when implementing a school mental health intervention?","wosuid","","https://publons.com/wos-op/publon/72439521/","Web of Science Researcher Profile Sync","0000-0003-0837-3699","176016726",
"D. Potencialmente nuevo","1. Articulo indexado (id Scopus/WoS)","ERIH","María Emilia Tijoux Merino","Sociología",2018,"CHASQUI-REVISTA LATINOAMERICANA DE COMUNICACION","<i>Introduction</i>: Migration and the value of Social Sciences","wosuid","",,"Web of Science","0000-0003-2870-212X","192169340",
"D. Potencialmente nuevo","1. Articulo indexado (id Scopus/WoS)","Scopus","Mauricio Esteban Salgado Oyarce","Sociología",2020,"Revista de Humanidades","Thinking about race in the Americas. The radical sociology of Eduardo Bonilla-Silva,Pensar lo racial en las américas la radical sociología de Eduardo Bonilla-Silva","eid;issn","07170491","http://www.scopus.com/inward/record.url?eid=2-s2.0-85096089564&partnerID=MN8TOARS","Scopus - Elsevier","0000-0002-8108-6154","88499210",
"D. Potencialmente nuevo","1. Articulo indexado (id Scopus/WoS)","Scopus","Nicolás Salvador Gregorio Angelcos Gutiérrez","Sociología",2016,"Revista de Humanidades","Subjectivity, violence and politics. An interview with Michel Wieviorka,Subjetividad, Violencia Y PolÍtica. Entrevista A Michel Wieviorka","eid;isbn","","http://www.scopus.com/inward/record.url?eid=2-s2.0-85008413213&partnerID=MN8TOARS","Scopus - Elsevier","0000-0002-8044-0895","76257614",
"D. Potencialmente nuevo","1. Articulo indexado (id Scopus/WoS)","WoS","Sofía Catalina Donoso Knaudt","Sociología",2019,"MOBILIZATION","Building Power from Below: Chilean Workers Take on Walmart","wosuid","",,"Web of Science","0000-0001-5053-0198","195247614",
"D. Potencialmente nuevo","1. Articulo indexado (id Scopus/WoS)","Latindex directorio","Sofía Catalina Donoso Knaudt","Sociología",2022,"Revista Mexicana de Política Exterior","Renovando la arena política: Estallido social, cambio constitucional y nuevo Gobierno en Chile","eid","",,"Sofia Donoso","0000-0001-5053-0198","127244797",
"D. Potencialmente nuevo","1. Articulo indexado (id Scopus/WoS)","WoS","Hugo Rodrigo Cadenas Ramos","Trabajo social",2016,"Constructivist Foundations","Return to sender? or why messages never reach their destination","eid","","http://www.scopus.com/inward/record.url?eid=2-s2.0-84995701336&partnerID=MN8TOARS","Scopus - Elsevier","0000-0003-2499-2430","56909041",
"D. Potencialmente nuevo","1. Articulo indexado (id Scopus/WoS)","WoS","Hugo Rodrigo Cadenas Ramos","Trabajo social",2018,"Constructivist Foundations","Forms of constructivism and forms for constructivism","eid","","http://www.scopus.com/inward/record.url?eid=2-s2.0-85045680085&partnerID=MN8TOARS","Scopus - Elsevier","0000-0003-2499-2430","56909039",
"D. Potencialmente nuevo","1. Articulo indexado (id Scopus/WoS)","Scopus","Hugo Rodrigo Cadenas Ramos","Trabajo social",2019,"Sortuz","The lost paradigm of the institutionalization in Niklas Luhmann’s sociology of law,El paradigma perdido de la institucionalización en la sociología del derecho de Niklas Luhmann","eid;issn","19880847","http://www.scopus.com/inward/record.url?eid=2-s2.0-85152913761&partnerID=MN8TOARS","Scopus - Elsevier","0000-0003-2499-2430","140025495",
"D. Potencialmente nuevo","1. Articulo indexado (id Scopus/WoS)","WoS","Mahia Saracostti Schwartzman","Trabajo social",2018,"Revista Mexicana de Psicologia","School engagement: Development and validation of an instrument,Compromiso escolar: Desarrollo y validagón de un instrumento","eid;issn","01856073","http://www.scopus.com/inward/record.url?eid=2-s2.0-85047422489&partnerID=MN8TOARS","Scopus - Elsevier","0000-0002-9673-5727","87850757",
"D. Potencialmente nuevo","1. Articulo indexado (id Scopus/WoS)","Scopus","Paula Francisca Vidal Molina","Trabajo social",2020,"IZQUIERDAS","State and Public Policies in the Contemporary: Reflections from Marx's Theory of Value","wosuid","",,"Web of Science","0000-0002-9036-3766","192262163",
"D. Potencialmente nuevo","1. Articulo indexado (id Scopus/WoS)","Scopus","Paula Francisca Vidal Molina","Trabajo social",2020,"Izquierdas","State and public policies in the contemporary: Reflections from Marx's theory of value,Estado y políticas públicas en la contemporaneidad: Reflexiones desde la teoría del valor de marx","eid;issn","07185049","http://www.scopus.com/inward/record.url?eid=2-s2.0-85091773815&partnerID=MN8TOARS","Scopus - Elsevier","0000-0002-9036-3766","192261976",
"D. Potencialmente nuevo","2. Revista en catalogo","Scopus","Carla María Pinochet Cobos","Antropología",2016,"Cuadernos de Música, Artes Visuales y Artes Escénicas","La construcción de lo público en ferias y festivales culturales. Apuntes etnográficos sobre consumo cultural y ciudad","other-id","","https://www.redalyc.org/articulo.oa?id=297048612002","Redalyc","0000-0002-8188-2572","110977964",
"D. Potencialmente nuevo","2. Revista en catalogo","ERIH","Carla María Pinochet Cobos","Antropología",2017,"Estudios Avanzados","Abrir las grandes alamedas. Festivales culturales y espacio público  en la construcción de un imaginario de la democracia","other-id","","https://www.redalyc.org/articulo.oa?id=435552870001","Redalyc","0000-0002-8188-2572","110977963",
"D. Potencialmente nuevo","2. Revista en catalogo","SciELO","Carla María Pinochet Cobos","Antropología",2019,"Cultura-hombre-sociedad","AntropologÃ­a de las Ruinas. DesestabilizaciÃ\textthreesuperiorn y fragmento","issn","0719-2789","http://www.scielo.cl/scielo.php?script=sci_arttext&pid=S0719-27892019000200109&nrm=iso","Carla Pinochet Cobos","0000-0002-8188-2572","110978141",
"D. Potencialmente nuevo","2. Revista en catalogo","ERIH","Carolina Andrea Belmar Pantelis","Antropología",2021,"Boletín de la Sociedad Chilena de Arqueología","Paisajes Marítimos Arqueológicos en el Seno de Reloncaví. El Caso de Bahía Ilque","","",,"Carolina Belmar","0000-0002-1757-6976","160239714",
"D. Potencialmente nuevo","2. Revista en catalogo","ERIH","Daniella Jofré Poblete","Antropología",2021,"Boletín de la Sociedad Chilena de Arqueología","La Arqueología Pública y su aporte a la democratización del conocimiento sobre la conformación de los territorios prehispánicos de la Araucanía ","","","https://boletin.scha.cl/index.php/boletin/article/view/677/635","Daniella Jofré","0009-0000-0774-043X","172441363",
"D. Potencialmente nuevo","2. Revista en catalogo","Latindex directorio","Eduardo Enrique Saldías Vergara","Antropología",2018,"Investigación forense. Revista científica forense","Estimación del sexo a través del navicular en poblaciones españolas contemporáneas","issn","0719-3815",,"Eduardo Saldias","0000-0003-4087-6675","67513305",
"D. Potencialmente nuevo","2. Revista en catalogo","ERIH","Emiliano Nicolás Gissi Barbieri","Antropología",2020,"Polis. Revista Latinoamericana, N°57","""Etnografía de los oaxaqueños en ciudad de México. Relaciones interétnicas e inserción económica”","","",,"Nicolás Gissi","0000-0001-5059-7691","112396998",
"D. Potencialmente nuevo","2. Revista en catalogo","Scopus","Francisco Javier Araos Leiva","Antropología",2019,"CUHSO","Diálogos antropológicos para descifrar la crisis socioambiental en Chiloé.","","","https://www.scielo.cl/pdf/cuhso/v29n1/0719-2789-cuhso-_2019_cuhso_02_a07.pdf","Francisco Araos","0000-0002-7713-8230","149492674",
"D. Potencialmente nuevo","2. Revista en catalogo","ERIH","Héctor Freddy Morales Morgado","Antropología",2017,"Revista Chilena de Antropología","Dislocated indigenous people and museum in San Pedro de Atacama.","","","http://dev.facso.cl/nucleos/NEPMM/docs/indigena_desencajados.pdf","HECTOR MORALES MORGADO","0000-0002-9331-2403","176496653",
"D. Potencialmente nuevo","2. Revista en catalogo","ERIH","Héctor Freddy Morales Morgado","Antropología",2018,"Revista Chilena de Antropología","Capitalism in the desert: materialities, spaces and movement","","","https://hal.science/hal-01908179/document","HECTOR MORALES MORGADO","0000-0002-9331-2403","176496387",
"D. Potencialmente nuevo","2. Revista en catalogo","ERIH","Héctor Freddy Morales Morgado","Antropología",2019,"Revista Chilena de Antropología","Crónica analítica de un triunfo etnoambiental en el Salar Atacama: Pampa Colorada.","","","https://revistadeantropologia.uchile.cl/index.php/RCA/article/view/53720","HECTOR MORALES MORGADO","0000-0002-9331-2403","176327382",
"D. Potencialmente nuevo","2. Revista en catalogo","ERIH","Héctor Freddy Morales Morgado","Antropología",2019,"Revista Chilena de Antropología"," Analytical chronicle of an ethno-environmental triumph in the Salar Atacama: Pampa Colorada.","","","https://d1wqtxts1xzle7.cloudfront.net/60434051/document_420190829-95483-e0tc5z-libre.pdf?1567113961=&response-content-disposition=inline%3B+filename%3DDocument_4.pdf&Expires=1737663586&Signature=NVs0NKVV3vaN3c7OpkMoxlO-nmjjYdPg2hHLMOCDmk-M2OZZRIK6S5vCx2g2c5J1HKeZCCx71n9eKNyPFlLcGoqVtYDOrAVPVe-ggYT1rvtcZ2eJgxHLSlnEWIYntfeyPvCxuxDkPDqhdfX174WxOJ0lDGHrotrOuvJVKL3T9k4AikdVlIV2a9Z2UcRiiVFXUFfxRw4fMYvkdmDPkuH9JrwxtqvLmO-fNBJTeJPKPB8W2yvtw3OVPrMd-WBInVtNOMDihoz2GmhS0U~5tZkHSSjV2BlMl0vSo00eOvgkNPbzkWTyC8GZk7KeLfiooSEUUkSXmWQW8QFlEc4po~l~rQ__&Key-Pair-Id=APKAJLOHF5GGSLRBV4ZA","HECTOR MORALES MORGADO","0000-0002-9331-2403","176496543",
"D. Potencialmente nuevo","2. Revista en catalogo","ERIH","Héctor Freddy Morales Morgado","Antropología",2023,"Revista Chilena de Antropología","Fashion ethnographies in the Atacama Desert.","","","https://doi.org/10.5354/0719-1472.2023.71856","HECTOR MORALES MORGADO","0000-0002-9331-2403","176327522",
"D. Potencialmente nuevo","2. Revista en catalogo","Latindex directorio","María Isabel Cartajena Fasting","Antropología",2019,"Cuadernos del Instituto Nacional de Antropología y Pensamiento Latinoamericano - Series Especiales","Composición isotópica del carbono y el nitrógeno en camélidos arqueológicos de la Puna de Atacama: una comparación entre ambas vertientes de los Andes.","","",,"Isabel Cartajena","0000-0003-4048-5359","150431679",
"D. Potencialmente nuevo","2. Revista en catalogo","Latindex directorio","Paulina Isabel Osorio Parraguez","Antropología",2019,"Revista Argentina de Gerontología y Geriatría ","Longevity and rurality: ethnographic approaches to transformations of aging and territories in rural areas of southern Chile/ Longevidad y ruralidad: aproximaciones etnográficas a transformaciones del envejecimiento y territorios en zonas rurales del sur de Chile","","","http://www.sagg.org.ar/wp/wp-content/uploads/2019/03/RAGG-03-2019.pdf","Paulina Osorio-Parraguez","0000-0002-6438-3712","85189479",
"D. Potencialmente nuevo","2. Revista en catalogo","ERIH","Paulina Isabel Osorio Parraguez","Antropología",2022,"Polis Revista Latinoamericana","Centenarian women in Chile: diversity and intersectionality in female longevity/ Mujeres centenarias en Chile: diversidad e interseccionalidad en la longevidad femenina","","","https://polis.ulagos.cl/index.php/polis/article/view/333/237","Paulina Osorio-Parraguez","0000-0002-6438-3712","139368970",
"D. Potencialmente nuevo","2. Revista en catalogo","Latindex directorio","Erika Viviana del Carmen Soto Aranda","Educación",2022,"Revista Latinoamericana de Estudios sobre Cuerpos, Emociones y Sociedad.","Cuerpos y Emociones en Trabajadoras al Cuidado Protector de la Niñez","","","http://www.relaces.com.ar/index.php/relaces/article/view/478","Viviana Soto Aranda","0000-0002-7818-5653","137057561",
"D. Potencialmente nuevo","2. Revista en catalogo","Latindex directorio","Marcelo Rodrigo Pérez Pérez","Educación",2024,"GestiónArte","Producción académica de los gestores universitarios según Shanghai ranking","","","https://ojs.cfe.edu.uy/index.php/gestionarte/article/view/1395","Marcelo Pérez Pérez","0000-0003-0356-6109","183916806",
"D. Potencialmente nuevo","2. Revista en catalogo","Latindex directorio","Mónica Clara Manhey Moreno","Educación",2020,"Señales ","Interacciones Positivas entre educadoras de trato directo y bebés. ","","",,"Mónica Manhey Moreno","0000-0001-6775-813X","100254256",
"D. Potencialmente nuevo","2. Revista en catalogo","Latindex directorio","Mónica Clara Manhey Moreno","Educación",2021,"Extramuros ","Significados que le otorgan las familias al rol de la Educadora de Párvulos en contextos de vulnerabilidad: Un estudio de un jardín Público","","","https://issuu.com/umce/docs/revista_extramuros_2020","Mónica Manhey Moreno","0000-0001-6775-813X","114782869",
"D. Potencialmente nuevo","2. Revista en catalogo","SciELO","Mónica Clara Manhey Moreno","Educación",2022,"EduSol","Mediación de la lectura y desarrollo socioemocional: Reflexiones a partir de una novela para niños/as","","","http://edusol.cug.co.cu/index.php/EduSol/article/view/396","Mónica Manhey Moreno","0000-0001-6775-813X","131663500",
"D. Potencialmente nuevo","2. Revista en catalogo","Scopus","Rodrigo Andrés Nanjari Miranda","Educación",2021,"Revista Habanera de Ciencias Médicas","Actividad Física, Ejercicio Físico y Calidad de Vida en niños y adolescentes con Trastorno por déficit de atención y/o hiperactividad","","","http://www.revhabanera.sld.cu/index.php/rhab/article/view/3714","Rodrigo Nanjarí-Miranda","0000-0002-2294-1034","101843181",
"D. Potencialmente nuevo","2. Revista en catalogo","WoS","Sergio Alejandro Toro Arévalo","Educación",2019,"International Journal of Education and research","Bycicling social life: work, education and research bicyclists","","","https://www.ijern.com/journal/2019/September-2019/11.pdf","Sergio Alejandro Toro Arevalo","0000-0002-4559-3351","149936317",
"D. Potencialmente nuevo","2. Revista en catalogo","Latindex directorio","Sergio Alejandro Toro Arévalo","Educación",2020,"REVISTA IBEROAMERICANA DE PSICOLOGÍA DEL EJERCICIO Y EL DEPORTE","SENTIDOS EN LA PROMOCIÓN DE LA BICICULTURA POR DOCENTES UNIVERSITARIOS SUDAMERICANOS","","","https://www.riped-online.com/articles/senses-in-the-promotion-bicycling-by-south-american-university-teachers.pdf","Sergio Alejandro Toro Arevalo","0000-0002-4559-3351","149935380",
"D. Potencialmente nuevo","2. Revista en catalogo","SciELO","Susan Valeria Sanhueza Henríquez","Educación",2019,"Espacios en blanco. Serie indagaciones","Diversity in the classroom: gender perspective and migration in the Chilean Educational System","uri","","https://www.redalyc.org/articulo.oa?id=384556936002","Susan Valeria Sanhueza Henríquez","0000-0002-7553-8791","150210958",
"D. Potencialmente nuevo","2. Revista en catalogo","WoS","Daniela Cecilia Thumala Dockendorff","Psicología",2016,"Constructivist Foundations ","To what extent can second-order cybernetics be a foundation for psychology?","","",,"Daniela Thumala-Dockendorff","0000-0003-0392-7031","74362471",
"D. Potencialmente nuevo","2. Revista en catalogo","SciELO","Mario Arturo Laborda Rojas","Psicología",2021,"Cuadernos de Neuropsicología","Premio Rubén Ardila a la Investigación Científica en Psicología 2021: Palabras de agradecimiento del Equipo del Laboratorio de Psicología Experimental Prof. Ronald Betancourt Mainhard","","","https://www.cnps.cl/index.php/cnps/article/view/460","Mario A. Laborda","0000-0003-2459-3042","153560877",
"D. Potencialmente nuevo","2. Revista en catalogo","ERIH","María José Reyes Andreani","Psicología",2024,"Revista MORA"," Investigando en memorias sociales de la dictadura chilena: un trabajo desde la epistemología de los conocimientos situados de Haraway","","",,"María José Reyes Andreani","0000-0002-1874-9031","174460779",
"D. Potencialmente nuevo","2. Revista en catalogo","Scopus","Michele Dufey Domínguez","Psicología",2022,"Revista Chilena de Neuro-Psiquiatría ","Tuning into another: The polivagal theory and the psychotherapy  process","","","https://www.scielo.cl/scielo.php?script=sci_arttext&pid=S0717-92272022000200185","Michele Dufey","0000-0003-0399-6053","177322402",
"D. Potencialmente nuevo","2. Revista en catalogo","Scopus","Pablo Eduardo Cabrera Pérez","Psicología",2016,"Política y Sociedad","Violencia de Estado y trasmisión entre las generaciones.","","","https://doi.org/10.5209/POSO.49672","Pablo Cabrera Pérez","0009-0006-5464-8349","158960141",
"D. Potencialmente nuevo","2. Revista en catalogo","SciELO","Pablo Eduardo Cabrera Pérez","Psicología",2019,"Clínica & Cultura","Violencia de Estado, memoria y ética: el trato al prójimo","","","http://pepsic.bvsalud.org/scielo.php?script=sci_arttext&pid=S2317-25092019000200006","Pablo Cabrera Pérez","0009-0006-5464-8349","158960415",
"D. Potencialmente nuevo","2. Revista en catalogo","Latindex catalogo","Paula Andrea Vergara Henríquez","Psicología",2023,"Períplos","“Construcción de Identidad en Personas LGTB +: un estado del arte sobre la cuestión”","","","https://periodicos.unb.br/index.php/obmigra_periplos/article/view/45379","Paula Andrea Vergara Henríquez","0009-0009-5185-1060","202106172",
"D. Potencialmente nuevo","2. Revista en catalogo","Scopus","Camilo Andrés Sembler Reyes","Sociología",2019,"Economía y Política","Market, Morals and Democracy in Axel Honneth’s Social Philosophy","","",,"Camilo Sembler","0000-0003-2102-6966","147306831",
"D. Potencialmente nuevo","2. Revista en catalogo","Latindex directorio","Camilo Andrés Sembler Reyes","Sociología",2019,"TS Cuadernos de Trabajo Social","Social citizenship: two models of critique","","",,"Camilo Sembler","0000-0003-2102-6966","147306880",
"D. Potencialmente nuevo","2. Revista en catalogo","Scopus","Camilo Andrés Sembler Reyes","Sociología",2020,"Revista de Humanidades","An “association of free individuals”: Marx and the issue of freedom","","","https://revistahumanidades.unab.cl/index.php/revista-de-humanidades/article/view/559","Camilo Sembler","0000-0003-2102-6966","147306765",
"D. Potencialmente nuevo","2. Revista en catalogo","Latindex directorio","Catalina Arteaga Aguirre","Sociología",2025,"Con-temporánea","Los cuidados en el proceso constituyente. Chile, 2019-2022","","","https://revistas.inah.gob.mx/index.php/contemporanea","Catalina Arteaga-Aguirre","0000-0002-0365-5526","188412829",
"D. Potencialmente nuevo","2. Revista en catalogo","ERIH","Claudio Orlando Duarte Quapper","Sociología",2023,"Studia Politicæ","La calle como lugar de reconocimiento juvenil a las expulsiones adultocéntricas","","","https://doi.org/10.22529/sp.2022.56.02","CLAUDIO DUARTE QUAPPER","0000-0001-7855-4300","175116440",
"D. Potencialmente nuevo","2. Revista en catalogo","Scopus","Fernando Andrés Campos Medina","Sociología",2016,"Revista INVI: Desastres por fenómenos naturales","Febrero y Marzo hacen lo que quieren.","issn","ISSN: 0718-8358","https://cintademoebio.uchile.cl/index.php/INVI/article/view/62302","Fernando Campos-Medina","0000-0002-7772-3544","177819348",
"D. Potencialmente nuevo","2. Revista en catalogo","Scopus","María Emilia Tijoux Merino","Sociología",2018,"Si Somos Americanos","The power of everyday racism","issn","0719-0948",,"María Emilia Tijoux Merino","0000-0003-2870-212X","150213918",
"D. Potencialmente nuevo","2. Revista en catalogo","Scopus","María Emilia Tijoux Merino","Sociología",2018,"Chasqui","Introduction: Migration and the value of Social Sciences","","","https://revistachasqui.org/index.php/chasqui/article/view/3806","María Emilia Tijoux Merino","0000-0003-2870-212X","108780366",
"D. Potencialmente nuevo","2. Revista en catalogo","WoS","María Emilia Tijoux Merino","Sociología",2019,"Anthropos","Racism in Chile: vulnerable immigrants","","",,"María Emilia Tijoux Merino","0000-0003-2870-212X","108985278",
"D. Potencialmente nuevo","2. Revista en catalogo","ERIH","María Emilia Tijoux Merino","Sociología",2020,"Heterotopías","The other double of the pandemic: racism and subjectivity","","","https://rdu.unc.edu.ar/handle/11086/15582","María Emilia Tijoux Merino","0000-0003-2870-212X","108786987",
"D. Potencialmente nuevo","2. Revista en catalogo","Latindex directorio","María Emilia Tijoux Merino","Sociología",2022,"Revista Latinoamericana de Estudios sobre Cuerpo, Emociones y Sociedad","Violence and social suffering: elements for a denaturalization of violence from captive testimonies in the prisons of post-dictatorial Chile","","","http://relaces.com.ar/index.php/relaces/article/view/404/451","María Emilia Tijoux Merino","0000-0003-2870-212X","112580815",
"D. Potencialmente nuevo","2. Revista en catalogo","Latindex directorio","Octavio Alejandro Avendaño Pavez","Sociología",2020,"Ecuador Debate 109","Estallido social, crisis política y solución constitucional en Chile. Lecciones a partir de los acontecimientos del 18 de octubre de 2019","","","http://hdl.handle.net/10469/17096","Octavio Avendaño","0000-0001-6945-5327","149802599",
"D. Potencialmente nuevo","2. Revista en catalogo","SciELO","Sofía Catalina Donoso Knaudt","Sociología",2021,"Revista Argentina de Sociología","Emociones durante las protestas LGTBIQ en Argentina y Chile: factores individuales y contexto político.","source-work-id","","https://drive.google.com/file/d/1XqK-ifEBu87els2wz7vjgvE55QfKkeMw/view","Sofia Donoso","0000-0001-5053-0198","127245614",
"D. Potencialmente nuevo","2. Revista en catalogo","ERIH","Carlos Alejandro Andrade Guzmán","Trabajo social",2016,"Revista de Estudios Políticos y Estratégicos","Aprendizajes para las políticas e intervenciones sociales de cuidado de personas mayores. El caso del Programa de atención domiciliaria del adulto mayor PADAM, Hogar de Cristo","","",,"Carlos Andrade-Guzmán","0000-0003-4150-032X","118853157",
"D. Potencialmente nuevo","2. Revista en catalogo","Latindex directorio","Carlos Alejandro Andrade Guzmán","Trabajo social",2016,"Revista Electrónica de Trabajo Social","Relación Estado-organizaciones de la sociedad civil en las políticas sociales. Hacia condiciones mínimas para una corresponsabilización orientada a la efectivización de los derechos","","",,"Carlos Andrade-Guzmán","0000-0003-4150-032X","118852937",
"D. Potencialmente nuevo","2. Revista en catalogo","ERIH","Carlos Alejandro Andrade Guzmán","Trabajo social",2017,"Cuadernos de Trabajo Social","Comprensiones y enfoques asociados al diagnóstico del trastorno por déficit de atención en niños y adolescentes","","",,"Carlos Andrade-Guzmán","0000-0003-4150-032X","118852806",
"D. Potencialmente nuevo","2. Revista en catalogo","Latindex directorio","Carlos Alejandro Andrade Guzmán","Trabajo social",2017,"Revista Latinoamericana de Metodología de la Investigación Social","Formación en investigación en Trabajo Social: puntos de articulación entre investigación e intervención y estrategias de enseñanza aprendizaje. El caso de la Carrera de Trabajo Social de la Universidad Alberto Hurtado de Chile","","",,"Carlos Andrade-Guzmán","0000-0003-4150-032X","118853127",
"D. Potencialmente nuevo","2. Revista en catalogo","SciELO","Carlos Alejandro Andrade Guzmán","Trabajo social",2017,"Opción","Voluntariado juvenil: Factores de permanencia en experiencias de intervención en infancia","","",,"Carlos Andrade-Guzmán","0000-0003-4150-032X","118853034",
"D. Potencialmente nuevo","2. Revista en catalogo","ERIH","Carlos Alejandro Andrade Guzmán","Trabajo social",2021,"Cuadernos de Trabajo Social","Trabajo Social Intradisciplinar en Chile. Evaluaciones realizadas por interventoras/es en relación a aspectos de colaboración","","",,"Carlos Andrade-Guzmán","0000-0003-4150-032X","118812984",
"D. Potencialmente nuevo","2. Revista en catalogo","Latindex catalogo","Carlos Alejandro Andrade Guzmán","Trabajo social",2022,"Cuaderno de Trabajo Social","Educación en Trabajo Social en Chile. Formando para la colaboración desde la educación de campo en contexto de pandemia","","","https://cuadernots.utem.cl/articulos/educacion-en-trabajo-social-en-chile-formando-para-la-colaboracion-desde-la-educacion-de-campo-en-contexto-de-pandemia/","Carlos Andrade-Guzmán","0000-0003-4150-032X","155424464",
"D. Potencialmente nuevo","2. Revista en catalogo","SciELO","Caterine Joanna Galaz Valderrama","Trabajo social",2016,"Revista Rumbos TS","Social intervention with immigrant women in Chile: welfare and/or social promotion? // Intervención social con mujeres inmigradas en Chile: ¿asistencialismo y/o promoción social?","issn","0718- 4182","http://revistafacso.ucentral.cl/index.php/rumbos/article/viewFile/410/373","Caterine Galaz Valderrama","0000-0001-6301-7609","32444387",
"D. Potencialmente nuevo","2. Revista en catalogo","ERIH","Caterine Joanna Galaz Valderrama","Trabajo social",2018,"Revista Ambigua","Imaginaries of sexuality and phenomena of homo and transphobia in formal education. A case study in Chile // Imaginarios de sexualidad y fenómenos de homo y transfobia en la educación formal. Un estudio de caso en Chile","issn","2386-8708","https://www.upo.es/revistas/index.php/ambigua/article/view/3168/3025","Caterine Galaz Valderrama","0000-0001-6301-7609","52035927",
"D. Potencialmente nuevo","2. Revista en catalogo","SciELO","Caterine Joanna Galaz Valderrama","Trabajo social",2018,"Rumbos","Neighborhood spaces and coexistence: reflections on the concentrations of the immigrant population and urban territoriality //Espacios barriales y convivencia: reflexiones sobre las concentraciones de población inmigrada y la territorialidad urbana","issn","0719-7721","http://revistafacso.ucentral.cl/index.php/rumbos/article/view/585/451","Caterine Galaz Valderrama","0000-0001-6301-7609","46442965",
"D. Potencialmente nuevo","2. Revista en catalogo","ERIH","Caterine Joanna Galaz Valderrama","Trabajo social",2019,"Persona y Sociedad","Resistance and gender inequalities: new understandings in academic discourses // Resistencias y desigualdades de género: nuevas comprensiones en los discursos académicos","issn","0719-0883","https://personaysociedad.uahurtado.cl/index.php/ps/article/view/261/239","Caterine Galaz Valderrama","0000-0001-6301-7609","59266359",
"D. Potencialmente nuevo","2. Revista en catalogo","SciELO","Caterine Joanna Galaz Valderrama","Trabajo social",2021,"Humanidades Médicas","Avances y limitaciones en la investigación sobre factores sociales relativos a la Migración y Chagas. ","","","https://humanidadesmedicas.sld.cu/index.php/hm/article/view/1835","Caterine Galaz Valderrama","0000-0001-6301-7609","160192749",
"D. Potencialmente nuevo","2. Revista en catalogo","ERIH","Gabriela Alejandra Azócar de la Cruz","Trabajo social",2018,"Intervención","Vulnerabilidad y resiliencia como condiciones de intervención de crisis socio-ecológicas","","",,"Gabriela Azócar de la Cruz","0000-0002-8282-1122","82890494",
"D. Potencialmente nuevo","2. Revista en catalogo","Latindex directorio","Gonzalo Ignacio Durán Sanhueza","Trabajo social",2019,"Derecho y Crítica Social","La opacidad de las cifras: la cobertura de la negociación colectiva en Chile","","",,"Gonzalo Durán S.","0000-0001-6800-3599","91319594",
"D. Potencialmente nuevo","2. Revista en catalogo","Latindex directorio","Gonzalo Ignacio Durán Sanhueza","Trabajo social",2024,"Equilibrio Económico","Tensiones y desafíos en la construcción de poder sindical. Chile en el contexto de una América Latina en movimiento","","","http://www2.uadec.mx/pub/DIP/REE/Vol20-2024N58.pdf","Gonzalo Durán S.","0000-0001-6800-3599","168859415",
"D. Potencialmente nuevo","2. Revista en catalogo","Latindex directorio","Hugo Rodrigo Cadenas Ramos","Trabajo social",2017,"Sistemas Sociales","La ética en el sistema","","",,"HUGO CADENAS","0000-0003-2499-2430","151666899",
"D. Potencialmente nuevo","2. Revista en catalogo","Latindex directorio","Hugo Rodrigo Cadenas Ramos","Trabajo social",2018,"Revista Contenido","Clases y sistemas sociales en la sociología de Talcott Parsons y Niklas Luhmann","","",,"HUGO CADENAS","0000-0003-2499-2430","151666780",
"D. Potencialmente nuevo","2. Revista en catalogo","Latindex directorio","Hugo Rodrigo Cadenas Ramos","Trabajo social",2018,"Sistemas Sociales","La miseria del poscolonialismo","","",,"HUGO CADENAS","0000-0003-2499-2430","151666838",
"D. Potencialmente nuevo","2. Revista en catalogo","ERIH","Javiera Andrea Cubillos Almendra","Trabajo social",2019,"Polis. Revista Latinoamericana","Continuities and breaks: The Chilean sexual and reproductive health policy in four governments","","","http://polis.ulagos.cl/index.php/polis/article/view/1387/2579","Javiera Cubillos Almendra","0000-0001-8080-4049","66857947",
"D. Potencialmente nuevo","2. Revista en catalogo","Latindex catalogo","Juan Ignacio Lozano","Trabajo social",2021,"Prácticas de Oficio. Investigación y reflexión en Ciencias Sociales","Consumo problemático de drogas y poĺıticas públicas. Las experiencias en la gestión estatal de organizaciones sociales en el"" retorno"" del Estado en la provincia de Buenos Aires (2003-2008)","issn"," 1851-6076","https://revistas.ungs.edu.ar/index.php/po/issue/view/5","Juan Ignacio Lozano","0000-0002-1957-080X","156787836",
"D. Potencialmente nuevo","2. Revista en catalogo","ERIH","Juan Ignacio Lozano","Trabajo social",2022,"Cuestión Urbana","Políticas alimentarias y organizaciones sociales en la Argentina contemporánea","issn","2545-6881","https://publicaciones.sociales.uba.ar/index.php/cuestionurbana/issue/view/751","Juan Ignacio Lozano","0000-0002-1957-080X","156787831",
"D. Potencialmente nuevo","2. Revista en catalogo","ERIH","Lelya Elena Troncoso Pérez","Trabajo social",2020,"Clepsidra. Revista Interdisciplinaria de Estudios sobre Memoria","Mujeres revolucionarias y resistencias cotidianas. Reflexiones sobre prácticas de memoria feminista en Chile","","","https://ppct.caicyt.gov.ar/index.php/clepsidra/article/view/TRONCOSO","Lelya Troncoso","0000-0002-9197-3611","94861543",
"D. Potencialmente nuevo","2. Revista en catalogo","ERIH","María Antonieta Urquieta Álvarez","Trabajo social",2016,"Cuadernos de Trabajo Social","Discurso y comprensión en las ciencias sociales y humanas: una lectura desde la (socio)fenomenología y la hermenéutica","","","https://www.tscuadernosdetrabajosocial.cl/index.php/TS/article/view/96","María Antonieta Urquieta","0000-0002-0999-4983","147729778",
"D. Potencialmente nuevo","2. Revista en catalogo","SciELO","María Antonieta Urquieta Álvarez","Trabajo social",2019,"Rumbos TS. Un Espacio Crítico Para La Reflexión En Ciencias Sociales","Envejecer en Valparaíso. Memorias urbanas de la poblacion adulta mayor y desafios para la intervencion social","issn","0719-7721","https://revistafacso.ucentral.cl/index.php/rumbos/article/view/327","María Antonieta Urquieta","0000-0002-0999-4983","147727503",
"D. Potencialmente nuevo","2. Revista en catalogo","ERIH","María Antonieta Urquieta Álvarez","Trabajo social",2019,"Cuadernos De Trabajo Social","Territorios de exclusión Observando dinámicas de inclusión/exclusión en sistemas territoriales complejos del Gran Santiago","","","https://www.tscuadernosdetrabajosocial.cl/index.php/TS/article/view/156","María Antonieta Urquieta","0000-0002-0999-4983","147727638",
"D. Potencialmente nuevo","2. Revista en catalogo","ERIH","María Antonieta Urquieta Álvarez","Trabajo social",2021,"Cuaderno de Trabajo Social","La improbabilidad de la transformación social efectiva: una reflexión en torno a los déficits de política pública en Chile","issn","0718-946X","https://cuadernots.utem.cl/articulos/la-improbabilidad-de-la-transformacion-social-efectiva-una-reflexion-en-torno-a-los-deficits-de-politica-publica-en-chile/","María Antonieta Urquieta","0000-0002-0999-4983","147727404",
"D. Potencialmente nuevo","2. Revista en catalogo","Scopus","María Antonieta Urquieta Álvarez","Trabajo social",2023,"Redes","Desafíos para la implementación de políticas públicas desde un enfoque de derechos sociales","","","https://centrodeestudios.minvu.gob.cl/wp-content/uploads/2023/07/REVISTA-REDES_22-23-25-A-URQUIETA.pdf","María Antonieta Urquieta","0000-0002-0999-4983","191003729",
"D. Potencialmente nuevo","2. Revista en catalogo","Scopus","María Antonieta Urquieta Álvarez","Trabajo social",2024,"Redes","Evacuación en zonas de interfaz urbano forestal: Desafíos para la gestión de incendios forestales","","","https://centrodeestudios.minvu.gob.cl/wp-content/uploads/2024/08/REDES_N_4_para-web-26-29.pdf","María Antonieta Urquieta","0000-0002-0999-4983","191003973",
"D. Potencialmente nuevo","2. Revista en catalogo","ERIH","María Gabriela Rubilar Donoso","Trabajo social",2017,"Rumbos TS: Un espacio crítico para la reflexión en Ciencias Sociales","Direcciones y derroteros de la Protección Social en Chile: Análisis del proceso de reconstrucción de una ciudadanía basada en derechos","ol","",,"Gabriela Rubilar","0000-0002-4635-9380","38662639",
"D. Potencialmente nuevo","2. Revista en catalogo","Latindex directorio","María Gabriela Rubilar Donoso","Trabajo social",2020,"Cuadernos Medico Sociales","Tiempos Críticos. Análisis de la relación entre violencia y personas en situación de calle en contextos de ""normalidad"" y ""excepción""","","","https://cuadernosms.cl/index.php/cms/article/view/137","Gabriela Rubilar","0000-0002-4635-9380","125023513",
"D. Potencialmente nuevo","2. Revista en catalogo","SciELO","María Gabriela Rubilar Donoso","Trabajo social",2022,"Enfermería: Cuidados Humanizados (Scielo)","¿Cuál es la historia detrás de las imágenes? Biografía e ilustración en la trastienda de un estudio de trayectoria","","","https://revistas.ucu.edu.uy/index.php/enfermeriacuidadoshumanizados/article/view/2900","Gabriela Rubilar","0000-0002-4635-9380","124671765",
"D. Potencialmente nuevo","2. Revista en catalogo","Latindex directorio","Paula Francisca Vidal Molina","Trabajo social",2016,"Revista Latinoamericana Polis.","Sergio Grez y Foro por la Asamblea Constituyente, Asamblea Constituyente","","","https://journals.openedition.org/polis/11807","Paula Vidal Molina","0000-0002-9036-3766","154555811",
"D. Potencialmente nuevo","2. Revista en catalogo","Latindex directorio","Paula Francisca Vidal Molina","Trabajo social",2022,"Em Pauta","Democracia Burguesa versus procesos democratizadores del Buen Vivir y el Socialismo Bolivariano.","","","https://www.e-publicacoes.uerj.br/index.php/revistaempauta/article/view/68503","Paula Vidal Molina","0000-0002-9036-3766","154555884",
"D. Potencialmente nuevo","2. Revista en catalogo","SciELO","Víctor Alfredo Orellana Bravo","Trabajo social",2016,"Revista Rumbos TS. Un Espacio Crítico Para La Reflexión en Ciencias Sociales","Exigir a los pobres ","issn","ISSN 0719-7721","http://revistafacso.ucentral.cl/index.php/rumbos/article/view/60","Victor  Orellana Bravo","0000-0002-1257-009X","61820921",
"D. Potencialmente nuevo","2. Revista en catalogo","Latindex directorio","Víctor Alfredo Orellana Bravo","Trabajo social",2016,"Revista Electrónica de Trabajo Social. U. de Concepción. ","Trabajo Social y Reconceptualización en el Chile de la Unidad Popular. Entrevista con Vicente de Paula Faleiros.","issn","ISSN -0719-675X","http://www.revistatsudec.cl/category/volumen-13","Victor  Orellana Bravo","0000-0002-1257-009X","61820892",
"D. Potencialmente nuevo","3. Revista no catalogada (nombre de revista)",,"Carolina Beatriz Franch Maggiolo","Antropología",2021,"Revista A Contrahilo. Núcleo de sociología del arte y de las prácticas culturales. Universidad de Chile. N°2. Pág. 6 – 7.","Hilos Rebeldes y Arte Insurrecto. Producciones de las mujeres en la fotografía, en el teatro y en la música underground","","",,"Carolina Franch Maggiolo","0000-0003-4289-6530","135926838",
"D. Potencialmente nuevo","3. Revista no catalogada (nombre de revista)",,"Carolina Beatriz Franch Maggiolo","Antropología",2021,"Revista Nuevas Tendencias en Antropología, Universidad Miguel Hernández de Elche (España). N° 12","Investigar en condiciones de excepcionalidad sanitaria. Desafíos políticos/metodológicos del trabajo académico","","",,"Carolina Franch Maggiolo","0000-0003-4289-6530","135926740",
"D. Potencialmente nuevo","3. Revista no catalogada (nombre de revista)",,"Claudio Vicente Millacura Salas","Antropología",2020,"Cuadernos de Beauchef, Chile sobre la Marcha, III. ","El desborde de una comunidad oprimida.","","","https://revistasdex.uchile.cl/index.php/cdb/issue/view/238","Claudio Vicente Millacura Salas","0000-0002-5801-4232","160124464",
"D. Potencialmente nuevo","3. Revista no catalogada (nombre de revista)",,"Eduardo Enrique Saldías Vergara","Antropología",2025,"Revista Investigación Forense Instituto Carlos Ybar","Caracterización de lesiones óseas neoplásicas en una colección contemporánea de Santiago y su aporte para la reconstrucción del perfil biológico","","","https://icy.sml.gob.cl/wp-content/uploads/2025/12/RIF-DIC2025.pdf","Eduardo Saldias","0000-0003-4087-6675","210026769",
"D. Potencialmente nuevo","3. Revista no catalogada (nombre de revista)",,"Emiliano Nicolás Gissi Barbieri","Antropología",2021,"Estudos Internacionais. Revista de Relações Internacionais, 9(2).","“Debates y decisiones sobre migración en el Mercosur y en el TLCAN 1990-2019: una reflexión desde la participación de Argentina y de México en procesos de integración regionales”, ","","","https://doi.org/10.5752/P.2317-773X.2021v9n2p77-95","Nicolás Gissi","0000-0001-5059-7691","112397962",
"D. Potencialmente nuevo","3. Revista no catalogada (nombre de revista)",,"Héctor Freddy Morales Morgado","Antropología",2016,"Revista Sophia Austral","Heritage as extinction: Magellan in the Chilean imagination","","","https://sophiaaustral.cl/index.php/shopiaaustral/article/view/22","HECTOR MORALES MORGADO","0000-0002-9331-2403","176496753",
"D. Potencialmente nuevo","3. Revista no catalogada (nombre de revista)",,"Paulina Isabel Osorio Parraguez","Antropología",2020,"Revista Fotocronografia","Transformations of the daily itinerary in the context of confinement and social isolation/ Transformaciones del itinerario cotidiano en contexto de encierro y aislamiento social","","","https://medium.com/fotocronografias/transformaciones-del-itinerario-cotidiano-en-contexto-de-encierro-y-aislamiento-social-3d09b56453fb","Paulina Osorio-Parraguez","0000-0002-6438-3712","91029083",
"D. Potencialmente nuevo","3. Revista no catalogada (nombre de revista)",,"Erika Viviana del Carmen Soto Aranda","Educación",2020,"Revista Boletín ONTEAIKEN","El Juego como Experiencia Vital de Niños y Niñas en Contexto de Encierro ","","","http://onteaiken.com.ar/ver/boletin29/onteaiken29.pdf","Viviana Soto Aranda","0000-0002-7818-5653","109169949",
"D. Potencialmente nuevo","3. Revista no catalogada (nombre de revista)",,"Jorge Fabián Cabaluz Ducasse","Educación",2017,"Revista Actuel Marx / Intervenciones, N° 22. Santiago de Chile. Pp. 153 - 174.","Educación, Racismo y Descolonización. Reflexiones pedagógicas a partir de Silvia Rivera Cusicanqui","","",,"J. Fabian Cabaluz D.","0000-0003-0398-7819","56078399",
"D. Potencialmente nuevo","3. Revista no catalogada (nombre de revista)",,"Jorge Fabián Cabaluz Ducasse","Educación",2018,"Revista HISTEDBR On-line, Campinas, Sao Paulo, v. 18, n. 4","Contribuciones teóricas para el análisis de la dimensión político-educativa del Proyecto Histórico Popular chileno","","",,"J. Fabian Cabaluz D.","0000-0003-0398-7819","56078107",
"D. Potencialmente nuevo","3. Revista no catalogada (nombre de revista)",,"Mónica Clara Manhey Moreno","Educación",2022,"Infancia, Educación Y Aprendizaje","ESTUDIO SOBRE LOS SIGNIFICADOS DE LA EVALUACIÓN DESDE LAS VOCES DE DISTINTOS ACTORES IMPLICADOS EN EL PROCESO EDUCATIVO","","","http://panambi.uv.cl/index.php/IEYA/article/view/2928","Mónica Manhey Moreno","0000-0001-6775-813X","114299839",
"D. Potencialmente nuevo","3. Revista no catalogada (nombre de revista)",,"Germán Sergio Rozas Ossandón","Psicología",2018,"Revista Temas de Educación, Universidad de La Serena","Aproximaciones a una Pedagogía Comunitaria e Intercultural","","","https://repositorio.uchile.cl/bitstream/handle/2250/183803/Comunidad-y-America-Latina.pdf?sequence=1&isAllowed=y","Germán Sergio Rozas Ossandón","0000-0003-3905-9520","133057744",
"D. Potencialmente nuevo","3. Revista no catalogada (nombre de revista)",,"Germán Sergio Rozas Ossandón","Psicología",2018,"Revista Políticas Públicas, Universidad de Santiago de Chile","Territorialidad, una Experiencia de Intervención en Política Pública","","","http://www.cecta.cl/ojs/index.php/politicas/article/viewFile/3355/26002686","Germán Sergio Rozas Ossandón","0000-0003-3905-9520","133057467",
"D. Potencialmente nuevo","3. Revista no catalogada (nombre de revista)",,"Germán Sergio Rozas Ossandón","Psicología",2021,"Revista Psicología Social Comunitaria    Benemérita  Universidad Autónoma  de Puebla. México","Salud Mental Comunitaria: Experiencia desde la Institucionalidad pública","","","https://drive.google.com/file/d/1A30jasQKg6HVTU04vwMdoR9eUFov_HH-/view","Germán Sergio Rozas Ossandón","0000-0003-3905-9520","133057342",
"D. Potencialmente nuevo","3. Revista no catalogada (nombre de revista)",,"Germán Sergio Rozas Ossandón","Psicología",2023,"Cuadernos de Beauchef","Vagabundaje, Subjetividad y Coexistencia.","","","https://revistasdex.uchile.cl/index.php/cdb/article/view/13431/13452","Germán Sergio Rozas Ossandón","0000-0003-3905-9520","155363998",
"D. Potencialmente nuevo","3. Revista no catalogada (nombre de revista)",,"Isabel Piper Shafir","Psicología",2020,"Revista Libre Pensamiento","Nuevas Violencias Resistentes frente al Chile Neoliberal","","","https://archivo.librepensamiento.org/wp-content/uploads/2020/05/LP-101.pdf","Isabel Piper Shafir","0000-0001-6795-2573","148397343",
"D. Potencialmente nuevo","3. Revista no catalogada (nombre de revista)",,"Isabel Piper Shafir","Psicología",2020,"Revista Temps i espais de memòria","Places of memory of the past and of the present built in a Chile in resistance","","","https://memoria.gencat.cat/web/.content/00_publicacions/MD/revista_temps_i_espais_de_memoria/numero_05/TEM_num_5_El_forum_Llocs_de_memoria_del_passat.pdf","Isabel Piper Shafir","0000-0001-6795-2573","148397367",
"D. Potencialmente nuevo","3. Revista no catalogada (nombre de revista)",,"Isabel Piper Shafir","Psicología",2021,"Cuadernos del Pensamiento Crítico Latinoamericano","Chile, What the People Are Doing: Depinochetize the Country, Demilitarize the Constitution Chile","","","https://www.clacso.org/chile-lo-que-hacen-los-pueblos/","Isabel Piper Shafir","0000-0001-6795-2573","148397296",
"D. Potencialmente nuevo","3. Revista no catalogada (nombre de revista)",,"María José Reyes Andreani","Psicología",2022,"Revista Conversaciones del Cono Sur","Feminismos, memorias y neoconservadurismos en el proceso constituyente chileno","","",,"María José Reyes Andreani","0000-0002-1874-9031","174461230",
"D. Potencialmente nuevo","3. Revista no catalogada (nombre de revista)",,"Andrea Peroni","Sociología",2016,"Revista de Políticas Públicas - Volumen 9 - Nº 1 Universidad de Santiago de Chile","La dimensión simbólica de los programas sociales: espacio invisibilizado en la implementación","","",,"Andrea Peroni Fiscarelli","0000-0003-0584-7705","151329595",
"D. Potencialmente nuevo","3. Revista no catalogada (nombre de revista)",,"Andrea Peroni","Sociología",2018,"Cuadernos Médicos Sociales (Chile) ","Presupuestos Participativos: posibilidades de democratización en la salud local Revista","","",,"Andrea Peroni Fiscarelli","0000-0003-0584-7705","151329445",
"D. Potencialmente nuevo","3. Revista no catalogada (nombre de revista)",,"Andrea Peroni","Sociología",2018,"Revista Intervenciones - Departamento de Trabajo Social - Universidad Alberto Hurtado","Gobernanza participativa en el territorio de San Luis de Macul: límites y continuidades en el discurso de funcionarios y dirigentes sociales","","",,"Andrea Peroni Fiscarelli","0000-0003-0584-7705","151329385",
"D. Potencialmente nuevo","3. Revista no catalogada (nombre de revista)",,"Andrea Peroni","Sociología",2025,"Revista de Estado y Políticas Públicas","Enfoques teórico-metodológicos y espacios de acción en la evaluación: Experiencias de profesionales dentro de la línea Evaluación de Programas Gubernamentales de DIPRES.","","","https://revistaeypp.flacso.org.ar/","Andrea Peroni Fiscarelli","0000-0003-0584-7705","223071339",
"D. Potencialmente nuevo","3. Revista no catalogada (nombre de revista)",,"Catalina Arteaga Aguirre","Sociología",2021,"Revista Análisis del Año","From a “critical” normality to a time of family resilience. Workers and social health crisis","issn","0718-1469","https://uchile.cl/publicaciones/184192/revista-analisis-del-ano-2021","Catalina Arteaga-Aguirre","0000-0002-0365-5526","149560287",
"D. Potencialmente nuevo","3. Revista no catalogada (nombre de revista)",,"Claudio Orlando Duarte Quapper","Sociología",2018,"Revista de Interpretación Bíblica Latinoamericana","Juventudes en América Latina y El Caribe. Imaginarios, tendencias y preguntas críticas","","",,"CLAUDIO DUARTE QUAPPER","0000-0001-7855-4300","175116473",
"D. Potencialmente nuevo","3. Revista no catalogada (nombre de revista)",,"Claudio Orlando Duarte Quapper","Sociología",2019,"Revista Bricolaje","Resistir al patriarcado. Desafío para las masculinidades","","","https://revistabricolaje.uchile.cl/index.php/RB/article/view/54243/56988","CLAUDIO DUARTE QUAPPER","0000-0001-7855-4300","174184925",
"D. Potencialmente nuevo","3. Revista no catalogada (nombre de revista)",,"Fernando Andrés Campos Medina","Sociología",2022,"The Urban Transcripts Journal","""Crowded but with Mask, On the resilience of an unfair mobility""","issn","ISSN 2514-5339","https://journal.urbantranscripts.org/article/crowded-but-with-masks-on-the-resilience-of-an-unfair-mobility-reflections-from-santiago-chile-fernando-campos-medina-ivan-ojeda-pereira-and-josefa-mattei/","Fernando Campos-Medina","0000-0002-7772-3544","177234059",
"D. Potencialmente nuevo","3. Revista no catalogada (nombre de revista)",,"Marisol Yazmín Ximena Facuse Muñoz","Sociología",2019,"Mapocho Revista de Humanidades","Nación, autenticidad y mestizajes: Derivas sobre el diálogo entre culturas","","",,"Marisol Facuse","0000-0001-6355-2396","82613880",
"D. Potencialmente nuevo","3. Revista no catalogada (nombre de revista)",,"Octavio Alejandro Avendaño Pavez","Sociología",2020,"Imaginación o Barbarie (Red Iberoamericana de Investigación en Imaginarios y Representaciones). Nº 20","El estallido social en Chile y la debilidad institucional","","",,"Octavio Avendaño","0000-0001-6945-5327","149869108",
"D. Potencialmente nuevo","3. Revista no catalogada (nombre de revista)",,"Caterine Joanna Galaz Valderrama","Trabajo social",2020,"Sudamericana: Revista de Ciencias Sociales","Debt processes of the Haitian and Venezuelan migrant population. Notes from a studio located in Quilicura (Chile) // Procesos de endeudamiento de la población migrante haitiana y venezolana. Apuntes desde un estudio situado en Quilicura (Chile)","issn","2250-7779","http://fh.mdp.edu.ar/revistas/index.php/sudamerica/article/view/4345/4384","Caterine Galaz Valderrama","0000-0001-6301-7609","76609594",
"D. Potencialmente nuevo","3. Revista no catalogada (nombre de revista)",,"Caterine Joanna Galaz Valderrama","Trabajo social",2021," PERIPLOS. Revista de Investigação sobre Migrações","Migración y Chagas: representaciones sociales de los equipos de salud.","","","https://periodicos.unb.br/index.php/obmigra_periplos/article/download/48686/39028/175184","Caterine Galaz Valderrama","0000-0001-6301-7609","160192780",
"D. Potencialmente nuevo","3. Revista no catalogada (nombre de revista)",,"Claudia Campillo Toledano","Trabajo social",2020,"Entredichos. Intervenciones y Debates en Trabajo Social","Programas de Transferencia Condicionada en contextos de profundización del neoliberalismo: experiencias en Argentina y Chile","","",,"Claudia Campillo-Toledano","0000-0002-1462-504X","139502780",
"D. Potencialmente nuevo","3. Revista no catalogada (nombre de revista)",,"Claudia Campillo Toledano","Trabajo social",2021,"Revista Científica de Psicología Eureka","Pobreza y bienestar personal en padres y madres. Una revisión de literatura","","","https://ojs.psicoeureka.com.py/index.php/eureka/article/view/34","Claudia Campillo-Toledano","0000-0002-1462-504X","139435424",
"D. Potencialmente nuevo","3. Revista no catalogada (nombre de revista)",,"Juan Ignacio Lozano","Trabajo social",2020,"Revista Debates Sobre Derechos Humanos","Vida privada. Derecho a la salud. Adicciones. TEDH, Affaire Abdyusheva et autres c. Russie","issn","2718-8175","https://publicaciones.unpaz.edu.ar/OJS/index.php/debatesddhh/issue/view/49/DDHH4","Juan Ignacio Lozano","0000-0002-1957-080X","156787832",
"D. Potencialmente nuevo","3. Revista no catalogada (nombre de revista)",,"Juan Ignacio Lozano","Trabajo social",2020,"Ts. Territorios-REVISTA DE TRABAJO SOCIAL","Discusiones sobre lo institucional, la pobreza y las organizaciones","issn","2591-3239","https://publicaciones.unpaz.edu.ar/OJS/index.php/ts/article/view/836","Juan Ignacio Lozano","0000-0002-1957-080X","156787829",
"D. Potencialmente nuevo","3. Revista no catalogada (nombre de revista)",,"Juan Ignacio Lozano","Trabajo social",2023,"Eleusis, Revista de Estudios sobre Cannabis y Sustancias Psicoactivas","Archipiélagos de certezas en un océano de incertidumbres. Aproximaciones al campo de las poĺıticas de drogas","issn","2953-5360","http://laboratoriocannabis.web.unq.edu.ar/revista/","Juan Ignacio Lozano","0000-0002-1957-080X","156787822",
"D. Potencialmente nuevo","3. Revista no catalogada (nombre de revista)",,"María Antonieta Urquieta Álvarez","Trabajo social",2021,"Revista Pueblo","De la revuelta a la pandemia. Claves para comprender un año de crisis en Chile","","","https://pueblo.unaj.edu.ar/de-la-revuelta-a-la-pandemia-claves-para-comprender-un-ano-de-crisis-en-chile/","María Antonieta Urquieta","0000-0002-0999-4983","147731091",
"D. Potencialmente nuevo","3. Revista no catalogada (nombre de revista)",,"María Antonieta Urquieta Álvarez","Trabajo social",2024,"Revista Intervención","(DES) COORDINACIÓN DE LA OFERTA: OBSERVACIÓN DE ESTRATEGIAS PARA ABORDAR LA VIOLENCIA EN EL POLOLEO CON JUVENTUDES DE PUERTO AYSÉN","","",,"María Antonieta Urquieta","0000-0002-0999-4983","172230789",
"D. Potencialmente nuevo","3. Revista no catalogada (nombre de revista)",,"María Gabriela Rubilar Donoso","Trabajo social",2018,"Revista Antropologías del Sur","Un asimétrico escenario de relaciones. Valoración de dirigentes mapuche acerca de las relaciones interétnicas. Análisis desde un enfoque triangular","","","https://revistas.academia.cl/index.php/rantros/article/view/830","Gabriela Rubilar","0000-0002-4635-9380","158458883",
"D. Potencialmente nuevo","3. Revista no catalogada (nombre de revista)",,"Teresita Elizabeth del Carmen Matus Sepúlveda","Trabajo social",2018,"Journal EURE","Persistent inequalities and socio-territorial innovation for a public agenda: the cases of Santiago and the great La Plata (in evaluation 2018)","","",,"Teresita Matus","0000-0002-2974-9678","38620190",
"D. Potencialmente nuevo","3. Revista no catalogada (nombre de revista)",,"Teresita Elizabeth del Carmen Matus Sepúlveda","Trabajo social",2018,"Social Dialogue Journal of Social Work IASSW LATIN AMERICAN ISSUE","A static innovation: the dimension of the new in Latin American Social Work (acepted in 2018)","","",,"Teresita Matus","0000-0002-2974-9678","38620060",
"D. Potencialmente nuevo","4. Fuente dudosa (nombre no reconocible)",,"Andre Menard Poupin","Antropología",2020,"Escrituras Americanas Vol. 4 No. 1/2","Entre el simulacro y la autoctonía. Gentilares, chullpas, salamancas","","","https://www.edicionesmacul.cl/_files/ugd/4422b3_22a7840f78734c498ac5becbb3e3783d.pdf","André Menard","0000-0003-1226-337X","149068229",
"D. Potencialmente nuevo","4. Fuente dudosa (nombre no reconocible)",,"María Sol Anigstein","Antropología",2022,"Rev Esp Salud Publica","When it will be possible the interdisciplinary dialogue about the management of the COVID-19 syndemic?","","","https://pubmed.ncbi.nlm.nih.gov/35818926/","Maria Sol Anigstein","0000-0002-4023-2389","160288861",
"D. Potencialmente nuevo","4. Fuente dudosa (nombre no reconocible)",,"Pamela Francisca Jorquera Álvarez","Antropología",2020,"Disciplinarum Scientia. Série: Sociais Aplicadas, v. 16, n. 1, p. 137-157.Comité editorial. Latindex. ","Prácticas de duración de la pequeña minería chilena desde un enfoque etnográfico","","","https://doi.org/10.37778/dscsa.v16n1-009","Pamela Jorquera","0000-0002-2042-6733","204441894",
"D. Potencialmente nuevo","4. Fuente dudosa (nombre no reconocible)",,"Marcela Patricia Ferrer Lues","Sociología",2021,"Análisis del año","Crisis sanitaria, salud pública y derechos humanos","","","https://uchile.cl/dam/jcr:aa2fe8fb-fa71-4160-a3b3-0dba8b1a3664/analisisdelanio2020.pdf","Marcela Ferrer-Lues","0000-0001-8211-1457","161004781",
"D. Potencialmente nuevo","4. Fuente dudosa (nombre no reconocible)",,"María Emilia Tijoux Merino","Sociología",2016,"Contrabandos. Escrituras y políticas en la frontera entre Bolivia y Chile","Immigrants in Chile: neither outside nor inside","","",,"María Emilia Tijoux Merino","0000-0003-2870-212X","150206568",
"D. Potencialmente nuevo","4. Fuente dudosa (nombre no reconocible)",,"María Emilia Tijoux Merino","Sociología",2020,"Entretiempo","The complex daily life of racism for immigrants in Chile","","",,"María Emilia Tijoux Merino","0000-0003-2870-212X","150214701",
"D. Potencialmente nuevo","4. Fuente dudosa (nombre no reconocible)",,"Octavio Alejandro Avendaño Pavez","Sociología",2017,"Venezuela: entre resistencia y protestaMensaje 658","Venezuela: entre resistencia y protesta","","",,"Octavio Avendaño","0000-0001-6945-5327","149944021",
"D. Potencialmente nuevo","4. Fuente dudosa (nombre no reconocible)",,"Octavio Alejandro Avendaño Pavez","Sociología",2017,"Actuel Intervenciones N° 23 ","Continuidad y cambios en el sistema de partidos chileno. Reflexiones sobre la representación, la competencia y su proyección","","",,"Octavio Avendaño","0000-0001-6945-5327","149802932",
"D. Potencialmente nuevo","4. Fuente dudosa (nombre no reconocible)",,"Octavio Alejandro Avendaño Pavez","Sociología",2020,"Mensaje 694","Partidos en Chile: Déficit y perspectivas","","",,"Octavio Avendaño","0000-0001-6945-5327","149868900",
"D. Potencialmente nuevo","4. Fuente dudosa (nombre no reconocible)",,"Octavio Alejandro Avendaño Pavez","Sociología",2021,"Mensaje 701","El voto obligatorio es una necesidad imperiosa","","",,"Octavio Avendaño","0000-0001-6945-5327","149868506",
"D. Potencialmente nuevo","4. Fuente dudosa (nombre no reconocible)",,"Octavio Alejandro Avendaño Pavez","Sociología",2021,"Ambos Mundos Nº 2","Estallido social en Chile: Desafíos y proyecciones del período entre octubre de 2019 y mayo de 2021","","",,"Octavio Avendaño","0000-0001-6945-5327","149868140",
"D. Potencialmente nuevo","4. Fuente dudosa (nombre no reconocible)",,"Octavio Alejandro Avendaño Pavez","Sociología",2022,"Mensaje 712","Los resultados del plebiscito: paradojas y desafíos en el proceso constitucional","","",,"Octavio Avendaño","0000-0001-6945-5327","149867694",
"D. Potencialmente nuevo","4. Fuente dudosa (nombre no reconocible)",,"Octavio Alejandro Avendaño Pavez","Sociología",2023,"Análisis del Año 2022 ","Cambio político y crisis de gobernabilidad en democracias latinoamericanas. Un (poco armonioso) movimiento pendular","","",,"Octavio Avendaño","0000-0001-6945-5327","149867463",
"D. Potencialmente nuevo","4. Fuente dudosa (nombre no reconocible)",,"Claudia Campillo Toledano","Trabajo social",2016,"Políticas Sociales Sectoriales","Motivación y estrategias de aprendizaje","","",,"Claudia Campillo-Toledano","0000-0002-1462-504X","139502607",
"D. Potencialmente nuevo","4. Fuente dudosa (nombre no reconocible)",,"Gianinna Inés Muñoz Arce","Trabajo social",2024,"Arandú","Ser mujer mapuche urbana: invisibilización, estigmatización y las tensiones con el Estado y la academia","","","https://www.revistaarandu.com/wp-content/uploads/2024/04/Arandu-5.pdf","Gianinna Munoz Arce","0000-0003-4582-0507","158428432",
"D. Potencialmente nuevo","4. Fuente dudosa (nombre no reconocible)",,"Gianinna Inés Muñoz Arce","Trabajo social",2025,"DAAPGE","Discrecionalidad  en  la  primera  línea  de  implementación  de  programas sociales: poder, agencia profesional y reproducción de desigualdades","","","https://bibliotecavirtual.unl.edu.ar/publicaciones/index.php/DocumentosyAportes/issue/view/1096","Gianinna Munoz Arce","0000-0003-4582-0507","186094376",
"D. Potencialmente nuevo","4. Fuente dudosa (nombre no reconocible)",,"Hugo Rodrigo Cadenas Ramos","Trabajo social",2024,"Cybernetics & Human Knowing","How Does the Body Participate in Communications? Action, Agency, and Social Systems","","","https://chkjournal.com/node/477","HUGO CADENAS","0000-0003-2499-2430","168360324",
"D. Potencialmente nuevo","4. Fuente dudosa (nombre no reconocible)",,"Javiera Andrea Cubillos Almendra","Trabajo social",2019,"CUHSO. Cultura-Hombre-Sociedad","Migrant labour insertion in agrarian territories: The case of the Maule region, Chile","","","https://scielo.conicyt.cl/scielo.php?script=sci_arttext&pid=S0719-27892019000100033","Javiera Cubillos Almendra","0000-0001-8080-4049","66858082",
"D. Potencialmente nuevo","4. Probable capitulo/libro (ISBN)",,"María Emilia Tijoux Merino","Sociología",2016,"Pensar Chile desde las Ciencias sociales y las humanidades. Territorio, ausencia, crisis y emergencias","Dehumanized bodies and everyday racism in contemporary immigration in Chile","isbn","",,"María Emilia Tijoux Merino","0000-0003-2870-212X","150205987",
"D. Potencialmente nuevo","4. Probable capitulo/libro (ISBN)",,"Juan Ignacio Lozano","Trabajo social",2017,"Series: Libros de Cátedra","¿Cuestión de clases? Conversaciones sobre la estructura social en la Argentina Contemporánea","isbn","","http://sedici.unlp.edu.ar/handle/10915/65017","Juan Ignacio Lozano","0000-0002-1957-080X","156787802",
"D. Potencialmente nuevo","4. Probable capitulo/libro (ISBN)",,"Juan Ignacio Lozano","Trabajo social",2022,"libro: Gestionar, negociar y resistir: la disputa política de las organizaciones sociales durante el macrismo","Poĺıticas alimentarias y organizaciones sociales en La Plata (2015-2019)","isbn","","https://sedici.unlp.edu.ar/handle/10915/136131","Juan Ignacio Lozano","0000-0002-1957-080X","156787828",
"D. Potencialmente nuevo","5. No parece articulo (titulo o medio)",,"Octavio Alejandro Avendaño Pavez","Sociología",2023,"Palabra Pública, junio 23","Alain Touraine un intelectual comprometido","","",,"Octavio Avendaño","0000-0001-6945-5327","149859691",
"D. Potencialmente nuevo","5. No parece articulo (titulo o medio)",,"Juan Ignacio Lozano","Trabajo social",2017,"Facultad de Trabajo Social UNLP","Observatorio de Situación Social-Documento N° 1","","","https://sedici.unlp.edu.ar/handle/10915/58566","Juan Ignacio Lozano","0000-0002-1957-080X","156787808",
"D. Potencialmente nuevo","6. Sin revista",,"Fabiola Valeska Maldonado García","Educación",2023,,"Investigaciones sobre lengua y cultura en contextos migratorios Una revisión de artículos científicos publicados en web of science (wos) entre los años 2016 y 2021 Autores: Estrella Herrera Hidalgo, Francisco Checa y Olmos, Fabiola Maldonado García Localización: Interciencia: Revista de ciencia y tecnología de América, ISSN 0378-1844, Vol. 48, Nº. 7, ","","","https://www.interciencia.net/wp-content/uploads/2023/07/02_6999_A_Herrera_v48n7_8.pdf","Fabiola Valeska Maldonado García","0000-0001-5763-183X","196044678",
"D. Potencialmente nuevo","6. Sin revista",,"Jorge Fabián Cabaluz Ducasse","Educación",2019,,"Educación Popular en América Latina: trazas históricas y nudos estratégicos para el siglo XXI","","",,"J. Fabian Cabaluz D.","0000-0003-0398-7819","83723592",
"D. Potencialmente nuevo","6. Sin revista",,"Susan Valeria Sanhueza Henríquez","Educación",2018,,"The immigrant as an invisible subject in bilingual intercultural education in Chile","uri","","https://api.semanticscholar.org/CorpusID:165681222","Susan Valeria Sanhueza Henríquez","0000-0002-7553-8791","150303160",
"D. Potencialmente nuevo","6. Sin revista",,"Isabel Piper Shafir","Psicología",2021,,"Skeptical Hope As Resistant Affection","","","https://archivo.librepensamiento.org/wp-content/uploads/2021/11/Libre-Pensamiento-107.pdf","Isabel Piper Shafir","0000-0001-6795-2573","148397309",
"D. Potencialmente nuevo","6. Sin revista",,"Andrea Peroni","Sociología",2024,,"Evaluación de programas y proyectos públicos a nivel nacional y subnacional en Chile.","","","https://gobierno.uchile.cl/facultad/red-de-politicas-publicas/lanzamiento-libro-2024","Andrea Peroni Fiscarelli","0000-0003-0584-7705","223071266",
"D. Potencialmente nuevo","6. Sin revista",,"María Emilia Tijoux Merino","Sociología",2018,,"Affects and effects of  a anti-racist education","","",,"María Emilia Tijoux Merino","0000-0003-2870-212X","150204150",
"D. Potencialmente nuevo","6. Sin revista",,"Gianinna Inés Muñoz Arce","Trabajo social",2019,,"Critical interculturality in a decolonial perspective: challenges for social work training ; Interculturalidad crítica en clave decolonial: desafíos para la formación en trabajo social","source-work-id","","https://revistas.unc.edu.ar/index.php/ConCienciaSocial/article/view/23950","BASE - Bielefeld Academic Search Engine","0000-0003-4582-0507","91109852",
"D. Potencialmente nuevo","6. Sin revista",,"Gianinna Inés Muñoz Arce","Trabajo social",2020,,"Teorías críticas, tiempos críticos y la tradición intelectual del trabajo social bajo un estado de ""emergencia""","source-work-id","","http://sedici.unlp.edu.ar/handle/10915/98126","BASE - Bielefeld Academic Search Engine","0000-0003-4582-0507","91109921",
