folio_u;tit_propio;nombre_edi;es_enlinea;catalogada;id_catalogo;nombre_largo;issn_e;issn_l;issn_imp;subtemas
23289;(an)ecdótica;"Universidad Nacional Autónoma de México, Instituto de Investigaciones Filológicas";1;1;9727;México;2683-166X;2683-166X;;"Literatura, Filología"
21565;(Con)textos;"Universitat de Barcelona";1;1;8675;España;2013-0864;2013-0864;;Antropología
28588;(Des)troços;"Universidade Federal de Minas Gerais (UFMG)";1;1;11500;Brasil;2763-518X;2763-518X;;"Ciencias sociales y humanidades, Derecho y jurisprudencia, Filosofía, Humanidades, Estudios de género, Derechos humanos"
23305;"(En)clave Comahue";"Universidad Nacional del Comahue, Facultad de Derecho y Ciencias Sociales";1;1;9736;Argentina;2545-6393;2545-6393;;"Ciencia política y administración pública, Ciencias sociales y humanidades"
22285;"[I²]: innovación e investigación en arquitectura y territorio";"Universidad de Alicante";1;1;9179;España;2341-0515;2341-0515;;"Arquitectura, Bellas artes, Urbanismo"
22037;[IN]Genios;"Universidad de Puerto Rico, Recinto de Río Piedras.";1;1;9013;"Puerto Rico";2374-2747;2374-2747;;Multidisciplinarias
46;[Sic];"Asociación de Profesores de Literatura";1;1;29;Uruguay;1688-9398;1688-9398;1688-938X;"Cultura, Literatura, Humanidades"
25160;#PerDebate;"Universidad San Francisco de Quito";1;1;10444;Ecuador;2697-3294;;;"Ciencias de la comunicación"
24857;"1991. Revista de Estudios Internacionales";"Universidad Nacional de Córdoba, Facultad de Ciencias Sociales";1;1;10341;Argentina;2683-720X;2683-720X;;"Ciencia política y administración pública, Ciencias sociales y humanidades, Derecho internacional, Relaciones internacionales"
27691;"2I Revista de estudos de identidade e intermedialidade";"Centro de Estudos Humanísticos da Universidade do Minho";1;1;11201;Portugal;2184-7010;2184-7010;;"Arte, Filosofía, Literatura, Humanidades"
24858;360;"Pontificia Universidad Católica del Perú. Departamento Académico de Ciencias de la Gestión";1;1;10342;Perú;2518-0495;2415-5861;;Administración
18844;"3C empresa";"Área de Innovación y Desarrollo S.L.";1;1;7049;España;2254-3376;2254-3376;;"Desarrollo económico, Economía de la empresa, Planeamiento científico y tecnológico"
18845;"3C tecnología";"Área de innovación y desarrollo S.L";1;1;7050;España;2254-4143;2254-4143;;Tecnología
18846;"3C TIC";"Área de Innovación y Desarrollo S.L.";1;1;7051;España;2254-6529;2254-6529;;Computación
61;"452º F. Revista de Teoría de la literatura y Literatura Comparada";"Asociación Cultural 452ºF";1;1;31;España;2013-3294;;;Literatura
24065;"A Contracorriente";"North Carolina State University, Department of Foreign Languages and Literatures";1;1;10112;"Iberoamericanistas-América del Norte";1548-7083;1548-7083;;"Lingüística, Literatura, Estudios latinoamericanos"
24130;"A&P continuidad";"A&P Ediciones";1;1;10135;Argentina;2362-6097;2362-6089;;"Arquitectura, Diseño, Urbanismo"
22666;A3manos;"Universidad de La Habana, Instituto Superior de Diseño";1;1;11470;Cuba;2412-5105;2412-5105;;Diseño
24157;"Ab Intus";"Universidad Nacional de Río Cuarto, Facultad de Agronomía y Veterinaria";1;1;10150;Argentina;2618-2734;2618-2734;;"Agronomía, Ganadería, Pesca, Silvicultura, Veterinaria, Zootecnia"
122;"Abanico veterinario";"Sergio Martínez González";1;1;47;México;2448-6132;2007-428X;2007-428X;"Ecología, Ganadería, Parasitología, Veterinaria, Zoología, Zootecnia"
132;"Abra ";"Universidad Nacional de Costa Rica";1;1;48;"Costa Rica";2215-2997;1409-3928;1409-3928;"Antropología, Ciencia política y administración pública, Ciencias de la comunicación, Ciencias sociales y humanidades, Educación, Geografía, Historia, Sociología"
21729;Abril;"Universidade Federal Fluminense (UFF)";1;1;8793;Brasil;1984-2090;1984-2090;;Literatura
22094;Academia;"Universidad de Buenos Aires. Facultad de Derecho. Departamento de Publicaciones.";1;1;9043;Argentina;2422-7153;1667-4154;;"Derecho y jurisprudencia"
18853;"Academia XXII";"Universidad Nacional Autónoma de México, Facultad de Arquitectura";1;1;7054;México;2594-083X;2007-252X;2007-252X;"Arquitectura, Urbanismo"
22803;Academo;"Universidad Americana";1;1;9459;Paraguay;2414-8938;2414-8938;;"Ciencias sociales y humanidades, Multidisciplinarias, Humanidades"
28886;"Ação Ergonômica";"Associação Brasileira de Ergonomia (ABERGO)";1;1;11543;Brasil;2965-7318;1519-7859;;"Ciencias sociales y humanidades"
24685;"Acc Cietna";"Universidad Católica Santo Toribio de Mogrovejo, Escuela de Enfermería";1;1;10278;Perú;2309-8570;2309-8570;;Enfermería
28293;ACCADERE;"Universidad de La Laguna";1;1;11379;España;2660-9142;2660-9142;;"Arte, Artes plásticas, Cine, Cultura, Historia del arte, Pintura"
163;"Acceso: Revista Puertorriqueña de Bibliotecología y Documentación";"Sociedad de Bibliotecarios de Puerto Rico";1;1;53;"Puerto Rico";2690-0270;1536-1772;1536-1772;"Bibliotecología, Ciencias de la información"
27004;Accesos;"GIPAFCoCo (Grupo de investigación Prácticas Artísticas y Formas de Conocimiento Contemporáneas)";1;1;11162;España;2530-4488;2530-447X;2530-447X;"Arte, Artes plásticas, Bellas artes, Fotografía, Historia del arte, Pintura"
164;Acción;"Universidad de Ciencias de la Cultura Física y el Deporte “Manuel Fajardo”";1;1;54;Cuba;1812-5808;1608-3792;;Deportes
168;"Acción Motriz";"Asociación Científico Cultural en Actividad Física y Deporte (ACCAFIDE)";1;1;56;España;1989-2837;1989-2837;;Deportes
171;"Acción psicológica";"Universidad Nacional de Educación a Distancia, Facultad de Psicología, Servicio de Psicología Aplicada";1;1;58;España;2255-1271;1578-908X;1578-908X;Psicología
23919;"Acción y Reflexión Educativa";"Universidad de Panamá, Instituto Centroamericano de Administración y Supervisión de la Educación (ICASE)";1;1;10055;Panamá;2644-3775;1563-2911;;"Educación, Planificación educativa, Tecnología educativa, Educación media o secundaria, Educación primaria, Educación superior"
173;"Acciones e investigaciones sociales";"Universidad de Zaragoza, Facultad de Ciencias Sociales y del Trabajo";1;1;59;España;2340-4507;1132-192X;1132-192X;"Derecho laboral, Economía, Sociología, Trabajo social"
23953;"ACDI Anuario Colombiano de Derecho Internacional";"Editorial Universidad del Rosario";1;1;11425;Colombia;2145-4493;2027-1131;2027-1131;"Derecho internacional"
175;"ACE. Architecture, City and Environment";"Universidad Politécnica de Cataluña, Centro de Política de Suelo y Valoraciones";1;1;60;España;1886-4805;;1887-7052;"Urbanismo, Planificación urbana"
178;Acervo;"Arquivo Nacional";1;1;62;Brasil;2237-8723;0102-700X;0102-700X;"Ciencias de la información, Ciencias sociales y humanidades, Historia"
24855;"ACI Avances en Ciencias e Ingenierías";"USFQ PRESS de Universidad San Francisco de Quito USFQ";1;1;10340;Ecuador;2528-7788;;;"Física, Ingeniería, Matemáticas, Química, Ciencias exactas"
198;"Acta académica";"Universidad Autónoma de Centro América";1;1;11315;"Costa Rica";2215-383X;;1017-7507;Multidisciplinarias
22020;"Acta artis";"Universitat de Barcelona";1;1;9001;España;2014-1912;2014-1912;2339-7691;"Arquitectura, Arte, Bellas artes"
205;"Acta bioethica";"Universidad de Chile, Centro Interdisciplinario de Estudios en Bioética";1;1;72;Chile;1726-569X;0717-5906;0717-5906;Medicina
210;"Acta bioquímica clínica latinoamericana";"Federación Bioquímica de la Provincia de Buenos Aires";1;1;75;Argentina;1851-6114;0325-2957;0325-2957;Bioquímica
18406;"Acta Botanica Malacitana";"UMA Editorial";1;1;6868;España;2340-5074;0210-9506;0210-9506;Botánica
215;"Acta botánica mexicana";"Instituto de Ecología A.C., Centro Regional del Bajío";1;1;80;México;2448-7589;0187-7151;0187-7151;"Biología, Botánica"
23823;"Acta Brasiliensis";"Universidade Federal de Campina Grande (UFCG)";1;1;10014;Brasil;2526-4338;2526-432X;;"Biología, Biotecnología, Ecología, Ciencias de la tierra, Ciencia y Tecnología"
232;"Acta de investigación psicológica";"Universidad Nacional Autónoma de México, Facultad de Psicología";1;1;89;México;2007-4719;2007-4719;2007-4832;Psicología
18856;"Acta Fisiátrica";"Universidade de São Paulo (USP)";1;1;7057;Brasil;2317-0190;0104-7795;0104-7795;"Terapéutica y rehabilitación"
249;"Acta geológica lilloana";"Fundación Miguel Lillo";1;1;99;Argentina;1852-6217;0567-7513;0567-7513;Geología
27408;"Acta Hispanica";"Universidad de Szeged, Departmento de Estudios Hispánicos";1;1;11064;Iberoamericanistas-Europa;2676-9719;1416-7263;;"Cultura, Historia, Lingüística, Literatura, Humanidades"
256;"Acta literaria";"Facultad de Educación, Humanidades y Arte, Departamento de Español";1;1;104;Chile;0717-6848;0716-0909;0716-0909;Literatura
261;"Acta Médica Costarricense";"Colegio de Médicos y Cirujanos de Costa Rica";1;1;108;"Costa Rica";2215-5856;0001-6012;0001-6012;Medicina
23386;"Acta Médica del Centro";"Hospital Provincial Clínico Quirúrgico Universitario “Arnaldo Milián Castro";1;1;9789;Cuba;2709-7927;2709-7927;;"Salud pública"
19944;"Acta médica peruana";"Colegio Médico del Perú";1;1;7715;Perú;1728-5917;1018-8800;1018-8800;Medicina
268;"Acta médica portuguesa";"Ordem dos Médicos";1;1;113;Portugal;1646-0758;0870-399X;0871-4673;Medicina
275;"Acta neurológica colombiana";"Asociación Colombiana de Neurología";1;1;117;Colombia;2422-4022;0120-8748;0120-8748;Neurología
26967;"Acta Oceanográfica del Pacífico";"Instituto Oceanográfico y Antártico de la Armada";1;1;10963;Ecuador;2806-5522;;;"Ciencias atmosféricas, Oceanografía, Medio ambiente"
4817;"Acta Odontológica Colombiana";"Universidad Nal. De Colombia-Facultad de Odontología";1;1;1541;Colombia;2027-7822;2027-7822;;Odontología
290;"Acta pediátrica de México";"Edición y Farmacia S.A. de C.V.";1;1;124;México;2395-8235;0186-2391;0186-2391;"Medicina, Pediatría"
296;"Acta poética";"Universidad Nacional Autónoma de México. Instituto de Investigaciones Filológicas";1;1;127;México;2448-735X;0185-3082;0185-3082;Literatura
302;"Acta reumatológica portuguesa";"Sociedade Portuguesa de Reumatologia";1;1;130;Portugal;0303-464X;0303-464X;;"Medicina, Reumatología"
308;"Acta Scientiarum. Agronomy";"Universidade Estadual de Maringá (UEM)";1;1;134;Brasil;1807-8621;1679-9275;1679-9275;Agronomía
311;"Acta Scientiarum. Education";"Universidade Estadual de Maringá (UEM)";1;1;137;Brasil;2178-5201;2178-5198;;"Ciencias sociales y humanidades, Educación"
315;"Acta Scientiarum. Technology";"Universidade Estadual de Maringá (UEM)";1;1;141;Brasil;1807-8664;1806-2563;1806-2563;Tecnología
317;"Acta sociológica";"Universidad Nacional Autónoma de México, Facultad de Ciencias Políticas y Sociales, Centro de Estudios Sociológicos";1;1;142;México;2448-4938;0186-6028;0186-6028;Sociología
322;"Acta universitaria";"Universidad de Guanajuato, Dirección de Investigación y Posgrado";1;1;144;México;2007-9621;2007-9621;0188-6266;Multidisciplinarias
325;"Acta zoológica lilloana";"Fundación Miguel Lillo, Dirección de Zoología";1;1;147;Argentina;1852-6098;0065-1729;0065-1729;"Biología, Salud pública, Veterinaria, Zoología"
326;"Acta zoológica mexicana. Nueva serie";"Instituto de Ecología A.C.";1;1;148;México;2448-8445;0065-1737;0065-1737;"Ecología, Zoología"
26694;"Actas de arquitectura religiosa contemporánea";"Servicio de Publicaciones de la Universidade da Coruña (España)";1;1;11940;España;2659-8671;2659-8671;;"Arquitectura, Historia, Historia del arte, Religión"
29137;"ACTAS MÉDICAS (ECUADOR).";"Hospital Alcívar";1;1;11582;Ecuador;2960-8309;;;"Cirugía, Ginecologia y obstetricia, Medicina, Pediatría, Traumatología y ortopedia"
24159;Actio;"Universidade Tecnológica Federal do Paraná (UTFPR)";1;1;10152;Brasil;2525-8923;2525-8923;;"Educación, Educación media o secundaria, Educación primaria, Educación superior"
27584;"ACTIO Journal of technology in design, film arts and visual communication";"Universidad Nacional de Colombia";1;1;11327;Colombia;2665-1890;2665-1890;;"Arte, Artes plásticas, Bellas artes, Cine, Diseño, Humanidades"
24674;"Actio nova";"Servicio de Publicaciones de la Universidad Autónoma de Madrid, España";1;1;10272;España;2530-4437;2530-4437;;"Lingüística, Literatura, Humanidades, Filología"
368;"Actividad Física y Deporte: Ciencia y Profesión";"Collegi Oficial de Llicenciats en Educació Física i en Ciències de l'Activitat Física i de l'Esport de la Comunitat Valenciana (COLEF CV)";1;1;164;España;2659-8930;2659-8930;1578-2484;Deportes
13056;"Actividad física y desarrollo humano";"Universidad de Pamplona";1;1;4572;Colombia;2711-3043;1692-7427;1692-7427;Multidisciplinarias
25434;Actos;"Universidad Academia de Humanismo Cristiano, Facultad de Artes";1;1;11263;Chile;2452-4727;2452-4727;;"Arte, Bellas artes, Cultura, Humanidades, Teatro, Danza"
425;"Actualidad jurídica ambiental";"Centro de Investigaciones Energéticas, Medioambientales y Tecnológicas (CIEMAT). Centro Internacional de Estudios de Derecho Ambiental (CIEDA-CIEMAT)";1;1;170;España;1989-5666;;;"Derecho y jurisprudencia, Derecho agrario, Derecho comparado, Derecho internacional, Derecho marítimo, Derecho público, Ecología"
436;"Actualidades biológicas";"Universidad de Antioquia Instituto de Biología";1;1;172;Colombia;2145-7166;0304-3584;0304-3584;Biología
439;"Actualidades en psicología";"Universidad de Costa Rica, Facultad de Ciencias Sociales. Instituto de Investigaciones Psicológicas";1;1;173;"Costa Rica";2215-3535;0258-6444;0258-6444;Psicología
440;"Actualidades Investigativas en Educación";"Universidad de Costa Rica";1;1;174;"Costa Rica";1409-4703;1409-4703;;Educación
25146;"Actualización en nutrición";"Sociedad Argentina de Nutrición";1;1;10439;Argentina;2250-7183;1667-8052;;"Endocrinología y nutriología, Farmacología, Medicina"
27931;"Actualizaciones en Sida e Infectología.";"Fundación Huésped";1;1;11348;Argentina;2718-7845;2718-7845;;"Epidemiología, Infectología, Inmunología, Medicina, Salud pública"
23435;"Ad limina";"Xunta de Galicia";1;1;9810;España;2659-5885;2171-620X;2171-620X;"Arte, Historia, Literatura, Música, Humanidades"
27874;"Ad majorem patriae gloriam";"Escuela Superior de Guerra Aérea de la Fuerza Aérea del Perú";1;1;11198;Perú;2955-876X;2618-0499;;"Defensa y seguridad, Ingeniería aeronáutica"
27697;Ad-Gnosis;"Corporación Universitaria Americana";1;1;11436;Colombia;2745-1364;2344-7516;2344-7516;"Administración, Economía, Educación, Relaciones internacionales, Finanzas"
473;adComunica;"adComunica. Asociación para el Desarrollo de la Comunicación";1;1;187;España;2254-2728;2174-0992;2174-0992;"Ciencias de la comunicación"
18864;"Administração Pública e Gestão Social";"Universidade Federal de Viçosa (UFV)";1;1;7062;Brasil;2175-5787;2175-5787;;"Administración, Ciencia política y administración pública, Ciencias sociales y humanidades"
486;"Administración & cidadanía";"Escola Galega de Administración Pública";1;1;192;España;1887-5270;1887-0279;1887-0279;Administración
491;"Administración y desarrollo";"Escuela Superior de Administración Pública de Colombia, Centro de Investigaciones en Administración Pública";1;1;195;Colombia;2500-5227;0120-3754;0120-3754;"Ciencia política y administración pública"
495;"Administración y organizaciones";"Universidad Autónoma Metropolitana, Unidad Xochimilco, Departamento de Producción Económica";1;1;196;México;2683-2534;1665-014X;1665-014X;Administración
499;"aDResearch ESIC";"ESIC Editorial";1;1;198;España;2340-3144;1889-7304;1889-7304;"Ciencias de la comunicación"
24155;"Advances in building education";"Universidad Politécnica de Madrid";1;1;10148;España;2530-7940;2530-7940;;"Arquitectura, Educación, Ingeniería civil, Ingeniería de materiales, Educación media o secundaria, Educación superior"
24192;"Advances in Distributed Computing and Artificial Intelligence Journal";"Salamanca University Press";1;1;10164;España;2255-2863;2255-2863;;"Computación, Inteligencia artificial-robótica, Telecomunicaciones"
28893;"Advances in Science and Innovation";"Universidad Nacional Autónoma Altoandina de Tarma";1;1;11898;Perú;2961-2012;2961-2012;;Multidisciplinarias
22408;Advocatus;"Asociación Civil ADV Editores";1;1;9251;Perú;2523-6261;1996-4773;1996-4773;"Derecho y jurisprudencia"
521;Aestimatio;"Instituto de Estudios Bursátiles";1;1;204;España;2173-1926;2173-0164;2173-0164;"Economía, Finanzas"
24912;Afluir;"AASA. Asociación Acción Social por el Arte";1;1;10366;España;2659-7721;2659-7721;;"Arte, Cultura, Educación"
529;Afro-Ásia;"Universidade Federal da Bahia, Faculdade de Filosofia e Ciências Humanas";1;1;210;Brasil;1981-1411;0002-0591;0002-0591;"Antropología, Historia"
22406;"Agenda Internacional";"Pontificia Universidad Católica del Perú. Instituto de Estudios Internacionales";1;1;9250;Perú;2311-5718;1027-6750;1027-6750;"Ciencia política y administración pública, Derecho internacional, Economía, Historia, Relaciones internacionales"
539;"Ager. Revista de estudios sobre despoblación y desarrollo rural";"Centro de Estudios sobre la Despoblación y Desarrollo de Áreas Rurales";1;1;213;España;2340-4655;1578-7168;1578-7168;"Demografía, Geografía, Desarrollo económico"
22404;Agora;"Universidad María Auxiliadora. Oficina de Investigación y Creatividad Intelectual";1;1;9248;Perú;2412-804X;2412-2300;;Multidisciplinarias
23869;"Ágora de Heterodoxias";"Universidad Centroccidental Lisandro Alvarado (UCLA)";1;1;10034;Venezuela;2443-4361;2443-4361;;"Administración, Ciencia política y administración pública, Ciencias sociales y humanidades, Contabilidad, Economía, Educación, Sociología, Turismo"
550;"Ágora para la educación física y el deporte";"Universidad de Valladolid";1;1;217;España;1989-7200;1578-2174;1578-2174;"Deportes, Educación"
25195;"Ágora UNLaR";"Universidad Nacional de La Rioja";1;1;10448;Argentina;2545-6024;2545-6024;;"Arte, Artes plásticas, Bellas artes, Cultura, Literatura, Música, Pintura, Humanidades, Teatro, Poesía, Danza"
555;"Ágora. Estudos Clássicos em debate";"Universidade de Aveiro, Departamento de Línguas e Culturas";1;1;221;Portugal;2183-4334;0874-5498;;"Cultura, Literatura"
556;"Agora. Papeles de Filosofía";"USC, Servizo de Publicacións e Intercambio Científico";1;1;222;España;2174-3347;0211-6642;0211-6642;Filosofía
560;Agrarian;"Universidade Federal da Grande Dourados (UFGD)";1;1;223;Brasil;1984-2538;1984-252X;;"Agronomía, Silvicultura, Veterinaria, Zootecnia"
577;"Agricultura, sociedad y desarrollo";"Colegio de Postgraduados";1;1;229;México;2594-0244;1870-5472;1870-5472;"Agronomía, Antropología, Cultura, Sociología"
19950;Agriscientia;"Universidad Nacional de Córdoba; Facultad de Ciencias Agropecuarias";1;1;7716;Argentina;1668-298X;0327-6244;0327-6244;Agronomía
18874;"Agro productividad";"Colegio de Postgraduados";1;1;7068;México;2594-0252;2448-7546;2448-7546;"Agronomía, Multidisciplinarias"
21795;Agrociencia;"Universidad de la República, Facultad de Agronomía. Instituto Nacional de Investigación Agropecuaria (INIA)";1;1;8838;Uruguay;2301-1548;1510-0839;;"Agronomía, Ganadería, Silvicultura"
594;Agrociencia;"Colegio de Postgraduados";1;1;236;México;2521-9766;1405-3195;1405-3195;Agronomía
23522;Agrociencia;"Universidad de El Salvador";1;1;9861;"El Salvador";2522-6509;2522-6509;;"Agronomía, Ecología, Ganadería, Geología, Medio ambiente, Ciencias naturales"
26047;"Agrociencia Uruguay";"Universidad de la República, Facultad de Agronomía. Instituto Nacional de Investigación Agropecuaria (INIA)";1;1;10765;Uruguay;2730-5066;2730-5066;;"Agronomía, Ganadería, Silvicultura"
21559;"Agroindustrial Science";"Universidad Nacional de Trujillo. Facultad de Ciencias Agropecuarias";1;1;8671;Perú;2226-2989;2226-2989;;"Tecnología de alimentos, Industria"
612;"Agronomía Costarricense";"Editorial de la Universidad de Costa Rica";1;1;239;"Costa Rica";2215-2202;0377-9424;0377-9424;"Agronomía, Biotecnología"
614;"Agronomía Mesoamericana";"Universidad de Costa Rica";1;1;240;"Costa Rica";2215-3608;1021-7444;1021-7444;"Agronomía, Ganadería, Zootecnia"
27322;"Agropecuária Catarinense";"Empresa de pesquisa agropecuária e extensão rural de Santa Catarina (EPAGRI)";1;1;11113;Brasil;2525-6076;0103-0779;0103-0779;"Agronomía, Pesca, Silvicultura, Edafología, Zootecnia, Medio ambiente"
630;"Agrotecnia de Cuba";"Instituto de   Investigaciones Fundamentales en Agricultura Tropical “Alejandro de Humboldt”";1;1;11951;Cuba;2414-4673;0568-3114;;"Agronomía, Biología, Botánica, Silvicultura"
22360;"Agua, saneamiento & ambiente";"Universidad de San Carlos de Guatemala, Facultad de Ingeniería, Escuela Regional de Ingeniería Sanitaria y Recursos Hidráulicos (ERIS)";1;1;9228;Guatemala;2224-9958;2222-2499;2222-2499;"Ingeniería sanitaria, Ingeniería hidráulica"
1954;"AIA Avances en investigación agropecuaria";"Universidad de Colima";1;1;738;México;2683-1716;2638-1716;0188-7890;"Agronomía, Pesca, Silvicultura"
644;"AIBR. Asociación de Antropólogos Iberoamericanos en Red";"Asociación de Antropólogos Iberoamericanos en Red";1;1;244;España;1578-9705;1578-9705;;"Antropología, Estudios latinoamericanos"
27917;"Aiken Revista de Ciencias Sociales y de la Salud.";"Juliana Burgos";1;1;11247;Argentina;2796-7506;"2796- 739";2796-7395;"Antropología, Ciencias sociales y humanidades, Multidisciplinarias, Sociología, Estudios sociales de la salud"
648;Aisthesis;"Pontificia Universidad Católica de Chile, Instituto de Estética, Facultad de Filosofía";1;1;245;Chile;0718-7181;0568-3939;0568-3939;"Arte, Bellas artes"
652;Akadèmeia;"Universidad Gabriela Mistral";1;1;247;Chile;0718-9397;0717-9936;0717-9936;"Filosofía, Psicología"
666;"Al-Andalus Magreb";"Universidad de Cádiz, Servicio de Publicaciones";1;1;252;España;2660-7697;1133-8571;1133-8571;"Multidisciplinarias, Humanidades"
18877;Al-Basit;"Diputación Provincial de Albacete, Instituto de Estudios Albacetenses";1;1;7069;España;2695-6888;0212-8632;0212-8632;"Cultura, Estudios locales"
724;"Al-Qantara. Revista de Estudios Árabes";"Editorial CSIC";1;1;275;España;1988-2955;0211-3589;0211-3589;"Multidisciplinarias, Humanidades"
658;"Álabe. Revista de la red de universidades lectoras";"Universidad de Almeria; Red de Universidades Lectoras";1;1;250;España;2171-9624;0211-1446;;"Lingüística, Literatura, Humanidades"
28189;Albores;"Universidad Autónoma de Querétaro";1;1;11581;México;2954-3878;2954-3878;;"Ciencia política y administración pública, Ciencias sociales y humanidades"
24995;Albuquerque;"Universidade Federal de Mato Grosso do Sul (UFMS)";1;1;10396;Brasil;2526-7280;1983-9472;;"Multidisciplinarias, Humanidades"
21711;"Alcances tecnológicos";INTA;1;1;8780;"Costa Rica";2215-5481;1659-0538;1659-0538;"Agronomía, Ganadería, Pesca, Silvicultura, Edafología, Zootecnia"
27885;"Alejandría: revista de Historia y Arte";CEPOAT;1;1;11638;España;2952-1491;2952-1491;;"Arqueología, Arte, Historia, Historia del arte, Humanidades, Prehistoria"
24860;Alerta;"Ministerio de Salud de El Salvador, Instituto Nacional de Salud";1;1;10343;"El Salvador";2617-5274;2617-5274;;"Anatomía, Cardiología, Endocrinología y nutriología, Farmacia, Gastroenterología, Salud pública"
25674;Alfa;"Centro de Estudios Transdisciplinarios Bolivia (CET-Bolivia)";1;1;10625;Bolivia;2664-0902;2664-0902;;"Agronomía, Ganadería, Silvicultura, Veterinaria, Edafología, Zootecnia"
26493;"Alfa Publicaciones.";"Ciencia Digital Editorial (Afiliada a la Cámara Ecuatoriana del Libro No. 663)";1;1;10872;Ecuador;2773-7330;;;Multidisciplinarias
22958;"Algarrobo MEL";"Maestría en Estudios Latinoamericanos";1;1;9562;Argentina;2344-9179;2344-9179;;"Ciencia política y administración pública, Ciencias sociales y humanidades, Cultura, Filosofía, Humanidades, Estudios latinoamericanos"
27729;"Alimentos Ciencia e Ingeniería";"Universidad Técnica de Ambato";1;1;11157;Ecuador;2737-6338;1390-2180;;"Biotecnología, Farmacia, Tecnología de alimentos"
710;"Allergologia et immunopathologia";"Codon Publications";1;1;268;España;1578-1267;0301-0546;;"Inmunología, Medicina"
711;Allpanchis;"Universidad Católica San Pablo";1;1;269;Perú;2708-8960;0252-8835;0252-8835;"Ciencias sociales y humanidades"
716;Almanack;"Universidade Federal de São Paulo (Unifesp)";1;1;272;Brasil;2236-4633;2236-4633;;Historia
723;Alpha;"Universidad de Los Lagos, Departamento de Humanidades y Artes";1;1;274;Chile;0718-2201;0716-4254;0716-4254;"Arte, Filosofía, Literatura, Humanidades"
29519;"Alpha International Journal.";"Editorial Sphaera";1;1;11692;Ecuador;3091-1761;;;Multidisciplinarias
27245;Alquipir;"Ayuntamiento de Cehegín";1;1;11075;España;2792-4416;1698-0557;1698-0557;"Antropología, Arqueología, Historia, Estudios locales, Humanidades"
732;Alteridad;"Universidad Politécnica Salesiana";1;1;279;Ecuador;1390-8642;1390-8642;1390-325X;"Educación, Filosofía, Humanidades"
734;Alteridades;"Universidad Autónoma Metropolitana, Unidad Iztapalapa, División de Ciencias Sociales y Humanidades, Departamento de Antropología";1;1;280;México;2448-850X;0188-7017;0188-7017;Antropología
26415;Alternancia;"Universidad José Carlos Mariátegui";1;1;11704;Perú;2710-0936;2710-0936;;Educación
735;"Alternativa Financiera";"Universidad de San Martín de Porres. Facultad de Ciencias Contables, Económicas y Financieras";1;1;11252;Perú;2707-7403;1819-5059;1819-5059;Contabilidad
738;"Alternativas en psicología";"Asociación Mexicana de Alternativas en Psicología A.C.";1;1;282;México;2007-5251;1405-339X;1405-339X;Psicología
736;"Alternativas. Cuadernos de Trabajo Social";"Universidad de Alicante";1;1;281;España;1989-9971;1133-0473;1133-0473;"Ciencias sociales y humanidades, Multidisciplinarias, Sociología, Trabajo social"
27993;Alternautas;"University of Warwick Press";1;1;11225;Iberoamericanistas-Europa;2057-4924;2057-4924;;"Antropología, Ciencia política y administración pública, Filosofía, Sociología, Desarrollo económico, Planificación del desarrollo"
23921;"Altre Modernità. Rivista di studi letterari e culturali";"Università degli Studi di Milano";1;1;10057;Iberoamericanistas-Europa;2035-7680;2035-7680;;"Arte, Cultura, Derecho y jurisprudencia, Economía, Literatura, Religión, Sociología, Tecnología, Humanidades"
27075;"Amadeus International Multidisciplinary Journal";"Instituto Persona de Educação Superior";1;1;10985;Brasil;2525-8281;2525-8281;;"Administración, Ciencias sociales y humanidades, Educación, Estudios sociales de la salud"
752;"Amaltea. Revista de mitocritica";"Universidad Complutense de Madrid";1;1;287;España;1989-1709;;;Literatura
21985;Amazônia;"Universidade Federal do Pará (UFPA)";1;1;8976;Brasil;2317-5125;1980-5128;;"Biología, Educación, Física, Matemáticas, Química"
26411;"Ambiente, comportamiento y sociedad";"Universidad Nacional San Antonio Abad del Cusco";1;1;10859;Perú;2709-829X;2709-829X;;"Medio ambiente"
27277;Ambientes;"Universidade Estadual do Oeste do Paraná (UNIOESTE)";1;1;11034;Brasil;2674-6816;2674-6816;;"Geografía, Humanidades"
24111;Ambigua;"Universidad Pablo de Olavide";1;1;11752;España;2386-8708;2386-8708;;"Sociología, Estudios de género"
788;"Ámbitos. Revista Internacional de Comunicación";"Universidad de Sevilla, Grupo de Investigación en Estructura, Historia y Contenidos de la Comunicación.";1;1;299;España;1988-5733;1139-1979;1139-1979;"Ciencias de la comunicación, Sociología"
22667;América;"Presses de la Sorbonne Nouvelle";1;1;9362;Iberoamericanistas-Europa;2427-9048;0982-9237;0982-9237;"Arte, Cultura, Historia, Literatura, Estudios latinoamericanos"
24537;"América Crítica";"Università degli Studi di Cagliari";1;1;10245;Iberoamericanistas-Europa;2532-6724;;;"Antropología, Ciencias sociales y humanidades, Historia, Humanidades, Estudios latinoamericanos"
799;"América Latina en la historia económica";"Instituto de Investigaciones Dr. José María Luis Mora";1;1;301;México;2007-3496;1405-2253;1405-2253;"Economía, Historia"
22330;"América Latina hoy";"Ediciones Universidad de Salamanca";1;1;9206;España;2340-4396;1130-2887;1130-2887;"Ciencia política y administración pública, Estudios latinoamericanos"
18920;Amerika;"Université Rennes 2 Haute Bretagne, LIRA (Laboratoire de Recherches Interdisciplinaires sur les Amériques)-ERIMIT";1;1;7086;Iberoamericanistas-Europa;2107-0806;2107-0806;;"Historia, Sociología, Estudios latinoamericanos"
43;Amnis;"Open Edition, plataforma de revistas revues.org ; Aix Marseille Université  Centre des Lettres et Sciences Humaines (Département dEtudes Hispaniques et Latino-Américaines)";1;1;26;Iberoamericanistas-Europa;1764-7193;1764-7193;;"Ciencia política y administración pública, Historia"
20007;"Anacronismo e irrupción";"Universidad de Buenos Aires;  Facultad de Ciencias Sociales;  Instituto de Investigaciones Gino Germani";1;1;7758;Argentina;2250-4982;2250-4982;;"Ciencia política y administración pública, Filosofía"
27548;Añada;"Asociación Cultural Faceira en colaboración con la “Cátedra de Estudios Leoneses” de la Universidad de León.";1;1;11124;España;2695-8481;2695-8643;2695-8643;"Geografía, Historia, Música, Estudios locales, Humanidades, Filología"
893;"Anais do Museu Paulista";"Universidade de São Paulo (USP)";1;1;344;Brasil;1982-0267;0101-4714;0101-4714;"Cultura, Historia"
19004;"Analecta malacitana";"Universidad de Málaga, Facultad de Filosofía y Letras, Sección de Filología";1;1;7098;España;1697-4239;0211-934X;0211-934X;"Lingüística, Literatura"
23959;"Analecta veterinaria";"Universidad Nacional de La Plata, Facultad de Ciencias Veterinarias";1;1;10078;Argentina;1514-2590;0365-5148;;Veterinaria
24380;Anales;"Universidad Nacional de La Plata, Facultad de Ciencias Jurídicas y Sociales";1;1;10207;Argentina;2591-6386;0075-7411;;"Ciencia política y administración pública, Ciencias sociales y humanidades, Derecho y jurisprudencia"
19016;"Anales (Asociación Física Argentina)";"Asociación Física Argentina";1;1;7099;Argentina;1850-1168;0327-358X;0327-358X;Física
925;"Anales Cervantinos";"Editorial CSIC";1;1;353;España;1988-8325;0569-9878;0569-9878;Literatura
19021;"Anales Científicos";"Universidad Nacional Agraria La Molina";1;1;7101;Perú;2519-7398;0255-0407;0255-0407;"Agronomía, Multidisciplinarias"
931;"Anales de antropología";"Universidad Nacional Autónoma de México, Instituto de Investigaciones Antropológicas";1;1;358;México;2448-6221;0185-1225;0185-1225;Antropología
23609;"Anales de arqueología y etnología";"Universidad Nacional de Cuyo, Facultad de Filosofía y Letras, Instituto de Arqueología y Etnología";1;1;9917;Argentina;2591-3093;0325-0288;;"Antropología, Arqueología"
935;"Anales de biología";"Universidad de Murcia";1;1;361;España;1989-2128;1138-3399;1138-3399;Biología
946;"Anales de derecho";"Universidad de Murcia, Servicio de Publicaciones";1;1;364;España;1989-5992;;0210-539X;"Derecho y jurisprudencia"
947;"Anales de documentación";"Universidad de Murcia.  Facultad de Comunicación y  Documentación";1;1;365;España;1697-7904;1575-2437;1575-2437;"Bibliotecología, Ciencias de la información"
23317;"Anales de Edificación";"Universidad Politécnica de Madrid";1;1;9747;España;2444-1309;2444-1309;;"Arquitectura, Ingeniería civil, Ingeniería de materiales"
19043;"Anales de geografía de la Universidad Complutense";"Universidad Complutense de Madrid, Servicio de publicaciones.";1;1;7108;España;1988-2378;0211-9803;0211-9803;Geografía
26051;"Anales de historia antigua, medieval y moderna.";"Universidad de Buenos Aires; Facultad de Filosofía y Letras.";1;1;10766;Argentina;1853-1555;1514-9927;;"Historia, Humanidades"
19045;"Anales de historia del arte";"Ediciones Complutense";1;1;7110;España;1988-2491;0214-6452;0214-6452;"Bellas artes, Historia del arte"
19963;"Anales de investigación en arquitectura";"Universidad ORT Uruguay. Facultad de Arquitectura";1;1;7724;Uruguay;2301-1513;2301-1505;2301-1505;"Arte, Diseño"
20730;"Anales de la Academia de Ciencias de Cuba";"Academia de Ciencias de Cuba";1;1;8266;Cuba;2304-0106;2304-0106;;Multidisciplinarias
19951;"Anales de la Facultad de Medicina";"Universidad de la República, Facultad de Medicina";1;1;7717;Uruguay;2301-1254;2301-1254;0365-2297;Medicina
801;"Anales de la Facultad de Medicina";"Universidad Nacional Mayor de San Marcos. Facultad de Medicina";1;1;302;Perú;1609-9419;1025-5583;1025-5583;"Medicina, Salud pública"
815;"Anales de la Real Academia Nacional de Farmacia";"Real Academia Nacional de Farmacia";1;1;306;España;1697-428X;1697-4271;1697-4271;"Bioquímica, Farmacia, Farmacología, Fisiología, Química"
827;"Anales de la Universidad de Alicante. Historia medieval";"Universidad de Alicante";1;1;309;España;2695-9747;0212-2480;0212-2480;Historia
26403;"Anales de Lingüística.";"EDIFyL Facultad de Filosofía y Letras UNCuyo";1;1;10857;Argentina;2684-0669;0325-3597;;"Filosofía, Lingüística, Sociología"
837;"Anales de literatura española";"Universidad de Alicante";1;1;313;España;2695-4257;0212-5889;0212-5889;Literatura
852;"Anales de psicología";"Universidad de Murcia, Facultad de Psicología";1;1;325;España;1695-2294;0212-9728;0212-9728;Psicología
27770;"Anales de teología ( En línea)";"Centro Teológico";1;1;11195;Chile;2735-6345;0717-4152;0717-4152;"Etica, Religión, Filología"
866;"Anales del Instituto de Actuarios Españoles";"Instituto de Actuarios Españoles";1;1;330;España;2531-2308;0534-3232;0534-3232;"Economía, Finanzas"
23159;"Anales del Instituto de Arte Americano e Investigaciones Estéticas Mario J. Buschiazzo";"Instituto de Arte Americano e Investigaciones Estéticas ""Mario J. Buschiazzo""";1;1;9660;Argentina;2362-2024;0328-9796;;"Arquitectura, Diseño, Historia, Historia del arte, Urbanismo, Estudios latinoamericanos"
879;"Anales del Instituto de Investigaciones Estéticas. UNAM";"Universidad Nacional Autónoma de México, Instituto de Investigaciones Estéticas";1;1;337;México;1870-3062;0185-1276;0185-1276;"Historia del arte"
882;"Anales del Instituto de la Patagonia";"Instituto de la Patagonia";1;1;338;Chile;0718-686X;0718-6932;;"Biología, Botánica, Ciencias atmosféricas, Paleontología, Zoología, Ciencia"
891;"Anales del Jardín Botánico de Madrid";"Editorial CSIC";1;1;342;España;1988-3196;0211-1322;0211-1322;Botánica
19080;"Anales del Seminario de Historia de la Filosofía";"Universidad Complutense de Madrid, Servicio de Publicaciones.";1;1;7123;España;1988-2564;0211-2337;0211-2337;"Filosofía, Psicología"
899;"Anales del Sistema Sanitario de Navarra";"Departamento de Salud del Gobierno de Navarra";1;1;347;España;2340-3527;1137-6627;1137-6627;"Epidemiología, Medicina, Salud pública"
22679;"Anales en gerontología";"Universidad de Costa Rica";1;1;9371;"Costa Rica";2215-4647;1659-0813;1659-0813;Multidisciplinarias
929;"Análise psicológica";"Instituto Superior de Psicologia Aplicada";1;1;356;Portugal;2182-2980;0870-8231;;Psicología
23785;Anàlisi;"Universitat Autònoma de Barcelona";1;1;9992;España;2340-5236;0211-2175;;"Ciencias de la comunicación, Ciencias de la información"
22338;Análisis;"Universidad de Zaragoza";1;1;9210;España;2386-8066;2386-8066;;Filosofía
19086;"Análisis económico";"Universidad Autónoma Metropolitana, Unidad Azcapotzalco, División de Ciencias Sociales y Humanidades";1;1;7125;México;2448-6655;0185-3937;0185-3937;Economía
19089;"Análisis filosófico";"Sociedad Argentina de Análisis Filosófico";1;1;7127;Argentina;1851-9636;0326-1301;;Filosofía
961;"Analisis y modificacion de conducta";"Servicio de Publicaciones de la Universidad de Huelva";1;1;370;España;2173-6855;0211-7339;0211-7339;"Medicina, Psicología"
27860;Analítica;"Universidad de Panamá";1;1;11921;Panamá;2805-1815;2805-1815;;"Etica, Filosofía, Religión"
22182;Anamorphosis;"Rede Brasileira Direito e Literatura (RDL)";1;1;9109;Brasil;2446-8088;2446-8088;;"Derecho y jurisprudencia, Literatura"
971;"Anaquel de estudios árabes";"Servicio de publicaciones. Universidad Complutense de Madrid";1;1;372;España;1988-2645;1130-3964;1130-3964;"Lingüística, Literatura"
25650;"Anatomía Digital";"Ciencia Digital";1;1;10614;Ecuador;2697-3391;;;"Salud pública"
19095;Anclajes;"Universidad Nacional de La Pampa; Facultad de Ciencias Humanas;  Instituto de Investigaciones Literarias y Discursivas";1;1;7130;Argentina;1851-4669;0329-3807;0329-3807;"Lingüística, Literatura, Estudios latinoamericanos"
978;Andamios;"Universidad Autónoma de la Ciudad de México, Colegio de Humanidades y Ciencias Sociales";1;1;376;México;2594-1917;1870-0063;1870-0063;"Ciencias sociales y humanidades"
29267;"Andares: Revista de Derechos Humanos y de la Naturaleza.";"Universidad Andina Simón Bolívar, Sede Ecuador";1;1;11613;Ecuador;2953-6782;;;"Derechos humanos"
980;"Andean geology";"Servicio Nacional de Geología y Minería";1;1;377;Chile;0718-7106;0718-7106;0718-7092;Geología
983;Anduli;"Editorial Universidad de Sevilla";1;1;379;España;2340-4973;1696-0270;1696-0270;Sociología
993;Angiología;"Arán ediciones, S. L.";1;1;384;España;1695-2987;0003-3170;;"Cardiología, Cirugía, Medicina"
994;"Angiologia e cirurgia vascular";"Sociedade Portuguesa de Angiologia e Cirurgia Vascular";1;1;385;Portugal;2183-0096;1646-706X;1646-706X;"Cirugía, Medicina"
21792;Aniki;"AIM-Associação de Investigadores da Imagem em Movimento";1;1;8836;Portugal;2183-1750;2183-1750;;"Cine, Cultura"
1556;"Animal biodiversity and conservation";"Museo de Ciencias Naturales de Barcelona";1;1;598;España;2014-928X;1578-665X;1578-665X;Zoología
22346;Ankulegi;"Ankulegi Antropologia Elkartea";1;1;9217;España;2444-5703;1138-347X;;Antropología
1024;"Anos 90";"Universidade Federal do Rio Grande do Sul (UFRGS)";1;1;394;Brasil;1983-201X;0104-236X;0104-236X;Historia
1025;"Ansiedad y estrés";"Sociedad Española para el Estudio de la Ansiedad y el Estrés";1;1;395;España;2174-0437;1134-7937;1134-7937;"Medicina, Psicología"
29058;ANTEC;"Universidad Nacional de Música";1;1;11670;Perú;2616-681X;2521-8565;2521-8565;Música
21959;Anthropía;"Estudiantes de la Especialidad de Antropología de la Pontificia Universidad Católica del Perú";1;1;8959;Perú;2076-0574;2076-0574;2076-0574;Antropología
24751;"Antigua Matanza";"Instituto de Historia, Secretaría de Desarrollo Universitario, Universidad Nacional de La Matanza";1;1;10300;Argentina;2545-8701;2545-8701;;"Ciencias sociales y humanidades, Historia, Estudios locales, Humanidades"
1040;"Antiguedad y cristianismo";"Universidad de Murcia, Servicio de Publicaciones";1;1;11015;España;1989-6182;0214-7165;0214-7165;Historia
20696;"Antiguos jesuitas en Iberoamérica";"Centro de Investigaciones sobre Cultura y Sociedad, Consejo Nacional de Investigaciones Científicas y Técnicas; Universidad Nacional de Córdoba";1;1;8248;Argentina;2314-3908;2314-3908;;Historia
1049;Antíteses;"Universidade Estadual de Londrina (UEL)";1;1;401;Brasil;1984-3356;1984-3356;;Historia
22795;"Antrópica. Revista de Ciencias Sociales y Humanidades";"Universidad Autónoma de Yucatán, Facultad de Ciencias Antropológicas";1;1;9454;México;2448-5241;2448-5241;;"Antropología, Arqueología, Ciencias sociales y humanidades, Filosofía, Literatura, Humanidades"
1056;"Antropolítica: Revista Contemporânea de Antropologia";"Universidade Federal Fluminense (UFF)";1;1;403;Brasil;2179-7331;2179-7331;1414-7378;Antropología
1070;"Antropológicas ";"Universidade Fernando Pessoa. Departamento de Ciência Política e do Comportamento";1;1;412;Portugal;2182-2913;0873-819X;0873-819X;Antropología
20462;"Anuari de filologia. Antiqva e Mediaevalia";"Universitat de Barcelona";1;1;8082;España;2014-1386;;;"Lingüística, Literatura, Filología"
19097;"Anuari de filologia. Estudis de lingüística";"Universitat de Barcelona";1;1;7132;España;2014-1408;;;Lingüística
20624;"Anuari de filologia. Literatures contemporànies";"Universitat de Barcelona";1;1;8198;España;2014-1416;2014-1416;;Literatura
24171;"Anuari del conflicte social";"Universidad de Barcelona";1;1;10158;España;2014-6760;2014-6760;;"Ciencia política y administración pública, Ciencias sociales y humanidades, Historia, Sociología"
19098;Anuario;"Universidad de Costa Rica";1;1;7133;"Costa Rica";2215-2873;2215-2806;2215-2806;"Ciencia política y administración pública"
23642;"Anuario (Centro de Estudios Económicos de la Empresa y el Desarrollo)";"Centro de Estudios Económicos de la Empresa y el Desarrollo";1;1;9934;Argentina;2545-8299;1852-5784;;"Economía, Desarrollo económico, Economía de la empresa, Economía internacional, Planeación económica, Planificación del desarrollo"
22137;"Anuário Antropológico";"Universidade de Brasília (UnB)";1;1;9071;Brasil;2357-738X;0102-4302;;"Antropología, Ciencias sociales y humanidades, Etnología"
23737;"Anuario CIDOB de la inmigración";"CIDOB (Barcelona Centre for International Affairs)";1;1;9969;España;2462-6740;2462-6732;;"Ciencias sociales y humanidades"
1131;"Anuario colombiano de historia social y de la cultura";"Universidad Nacional de Colombia";1;1;425;Colombia;2256-5647;0120-2456;0120-2456;Historia
1137;"Anuario da Facultade de Dereito da Universidade da Coruña";"Universidade da Coruña, Servicio de Publicacións";1;1;428;España;2530-6324;1138-039X;1138-039X;"Derecho y jurisprudencia, Derecho civil, Derecho internacional"
25678;"Anuario de arqueología.";"Departamento de Arqueología";1;1;10626;Argentina;2684-0138;1852-8554;;Arqueología
1162;"Anuario de Derecho Municipal";"Marcial Pons";1;1;438;España;2952-0266;1888-7392;1888-7392;"Derecho público"
19101;"Anuario de derechos humanos";"Universidad de Chile, Centro de Derechos Humanos";1;1;7134;Chile;0718-2279;0718-2058;0718-2058;"Ciencias sociales y humanidades"
1169;"Anuario de estudios americanos";"Editorial CSIC";1;1;441;España;1988-4273;0210-5810;0210-5810;"Historia, Estudios latinoamericanos"
19102;"Anuario de Estudios Centroamericanos";"Editorial Universidad de Costa Rica,  Instituto de Investigaciones Sociales";1;1;7135;"Costa Rica";2215-4175;0377-7316;0377-7316;"Antropología, Historia, Sociología"
1176;"Anuario de estudios filológicos";"Universidad de Extremadura, Facultad de Filosofía y Letras";1;1;446;España;2660-7301;0210-8178;0210-8178;"Lingüística, Literatura"
3;"Anuario de estudios medievales";"Editorial CSIC";1;1;3;España;1988-4230;0066-5061;0066-5061;Historia
29777;"Anuario de investigación de la comunicación CONEICC";"Consejo Nacional de Enseñanza e Investigación de las Ciencias de la Comunicación, A.C.";1;1;11793;México;2594-0880;2594-0880;;"Ciencias de la comunicación"
1194;"Anuario de investigación en literatura infantil y juvenil";"Universidad de Vigo";1;1;455;España;2660-7395;1578-6072;1578-6072;Literatura
1204;"Anuario de la Escuela de Historia virtual";"Universidad Nacional de Córdoba, Facultad de Filosofía y Humanidades, Escuela de Historia";1;1;459;Argentina;1853-7049;1666-5856;;"Educación, Historia"
1209;"Anuario de la Facultad de Derecho, Universidad de Extremadura";"Universidad de Extremadura, Servicio de Publicaciones";1;1;461;España;2695-7728;;0213-988X;"Derecho y jurisprudencia"
1248;"Anuario de letras modernas";"Universidad Nacional Autónoma de México, Facultad de Filosofía y Letras";1;1;11041;México;2683-3352;0186-0526;0186-0526;"Literatura, Filología"
22584;"Anuario de letras. Lingüística y filología";"Universidad Nacional Autónoma de México, Instituto de Investigaciones Filológicas, Centro de Lingüística Hispánica";1;1;9303;México;2448-8224;2448-6418;2448-6418;"Lingüística, Filología"
1252;"Anuario de psicología";"Universidad de Barcelona, Facultad de Psicología";1;1;468;España;1988-5253;0066-5126;0066-5126;Psicología
1254;"Anuario de Psicología Jurídica";"Colegio Oficial de Psicólogos de Madrid";1;1;470;España;2174-0542;1133-0740;1133-0740;Psicología
29673;"Anuario del Centro de Estudios Históricos ""Profesor Carlos S. A. Segreti"".";"Universidad Nacional de Córdoba";1;1;11759;Argentina;2683-9164;1666-6836;;Historia
25786;"Anuario del Departamento de Historia y Teoría del Arte";"Universidad Autónoma de Madrid, Departamento de Historia y Teoría del Arte";1;1;10659;España;2530-3562;1130-5517;1130-5517;"Arte, Bellas artes"
20738;"Anuario del Instituto de Historia Argentina";"Consejo Nacional de Investigaciones Científicas y Técnicas. Instituto de Investigaciones en Humanidades y Ciencias Sociales - Universidad Nacional de La Plata. Centro de Historia Argentina y Americana";1;1;8269;Argentina;2314-257X;1668-950X;;Historia
1271;"Anuario Digital";"Escuela de Historia, Facultad de Humanidades y Artes, Universidad Nacional de Rosario";1;1;478;Argentina;1853-8835;0327-215X;;"Historia, Humanidades"
1274;"Anuário do Instituto de Geociências";"Universidade Federal do Rio de Janeiro (UFRJ)";1;1;479;Brasil;1982-3908;0101-9759;0101-9759;"Ciencias atmosféricas, Geografía, Geología, Oceanografía, Paleontología, Ciencias de la tierra"
5915;"Anuario Electrónico de Estudios en Comunicación Social ""Disertaciones""";"Universidad del Rosario";1;1;1911;Colombia;1856-9536;1856-9536;;"Ciencias de la comunicación"
1277;"Anuario Escuela de Archivología";"Escuela de Archivología, Facultad de Filosofía y Humanidades, Universidad Nacional de Córdoba";1;1;480;Argentina;1852-6446;1852-6446;;"Bibliotecología, Ciencias de la información, Paleografía"
29883;"Anuario Histórico Ibérico. Anuário Histórico Ibérico";"University of Warsaw Press";1;1;11817;Iberoamericanistas-Europa;2956-414X;2720-5894;2720-5894;"Cultura, Geografía, Historia, Estudios locales, Humanidades"
24027;"Anuario iberoamericano de derecho internacional penal";"Universidad del Rosario";1;1;11465;Colombia;2346-3120;2346-3120;;"Derecho internacional"
1317;"Anuario jurídico y económico escurialense";"Ediciones Escurialenses";1;1;488;España;2340-3780;1133-3677;1133-3677;"Derecho y jurisprudencia, Economía"
1323;"Anuario mexicano de derecho internacional";"Universidad Nacional Autónoma de México, Instituto de Investigaciones Jurídicas";1;1;491;México;2448-7872;1870-4654;1870-4654;"Derecho internacional"
1326;"Anuario Musical";"Editorial CSIC";1;1;493;España;1988-4125;0211-3538;0211-3538;Música
23883;"Anuario tarea";"Universidad Nacional de San Martín";1;1;10040;Argentina;2469-0422;2362-6070;;"Arte, Artes plásticas, Bellas artes, Fotografía, Historia del arte, Humanidades"
1329;"Anuario ThinkEPI";"Ediciones Profesionales de la Información";1;1;495;España;2564-8837;1886-6344;1886-6344;"Bibliotecología, Ciencias de la comunicación, Ciencias de la información"
1330;"Anuario turismo y sociedad";"Universidad Externado de Colombia";1;1;496;Colombia;2346-206X;0120-7555;0120-7555;"Administración, Turismo"
21914;"AP: Online Journal in Public Archaeology";"JAS Arqueología Editorial";1;1;8930;España;2171-6315;2171-6315;;Arqueología
29993;"ApareSER. Revista de Filosofía";"Benemérita Universidad Autónoma de Puebla";1;1;12056;México;2992-8621;2992-8621;;Filosofía
1344;Apertura;"Universidad de Guadalajara, Sistema de Universidad Virtual";1;1;498;México;2007-1094;1665-6180;1665-6180;"Educación, Tecnología"
24840;Ápice;"Universidade da Coruña";1;1;10337;España;2531-016X;2531-016X;;Educación
1355;"Aporte Santiaguino";"Universidad Nacional Santiago Antunez de Mayolo. Vicerrectorado de Investigación - Dirección del Instituto de Investigación";1;1;502;Perú;2616-9541;2070-836X;2070-836X;Multidisciplinarias
1365;"Aportes para la integración latinoamericana";"Instituto de Integración Latinoamericana; Facultad de Ciencias Jurídicas y Sociales; Universidad Nacional de La Plata";1;1;505;Argentina;2468-9912;1515-5390;1515-5390;"Economía, Sociología, Desarrollo económico, Estudios latinoamericanos, Planificación del desarrollo"
1370;"Aposta. Revista de Ciencias Sociales";[s.n.];1;1;508;España;1696-7348;1696-7348;;Sociología
22435;"Applied Business and Management";"ISAG  European Business School";1;1;9275;Portugal;2183-5594;2183-5594;;Administración
20740;"Applied general topology";"Universitat Politècnica de València";1;1;8270;España;1989-4147;1576-9402;;Matemáticas
26089;"Applied sciences in dentistry";"Universidad de Valparaíso. Facultad de Odontologia";1;1;11319;Chile;0719-5761;0719-5761;;Odontología
29076;"Aprendo con NooJ.";"Universidad Nacional de Rosario";1;1;11576;Argentina;2718-8574;2718-8574;;"Educación, Lingüística, Humanidades, Tecnología educativa"
26909;"Apuntes Contables";"Universidad Externado de Colombia";1;1;11266;Colombia;2619-4899;1657-7175;1657-7175;Contabilidad
25910;"Apuntes de bioética";"Universidad Católica Santo Toribio de Mogrovejo";1;1;10719;Perú;2663-4910;2078-4457;;Etica
26420;"Apuntes de economía y sociedad";"Universidad Nacional Autónoma de Nicaragua UNAN León";1;1;11081;Nicaragua;2709-7005;2709-7005;;"Ciencia política y administración pública, Ciencias sociales y humanidades, Contabilidad, Desarrollo económico, Finanzas, Economía agrícola"
1393;"Apuntes de psicología";"Colegio Oficial de Psicólogos de Andalucía Occidental; Universidad de Sevilla";1;1;516;España;1989-6441;0213-3334;0213-3334;Psicología
1397;"Apuntes del Cenes";"Universidad Pedagógica y Tecnológica de Colombia";1;1;518;Colombia;2256-5779;0120-3053;0120-3053;"Economía, Desarrollo económico, Econometría, Economía internacional, Finanzas, Economía agrícola"
22641;"Apuntes universitarios";"Universidad Peruana Unión";1;1;9345;Perú;2304-0335;2225-7136;;"Religión, Humanidades"
1406;"Apunts. Educació física i esports";"Generalitat de Catalunya. Instut Nacional d Educació";1;1;522;España;2014-0983;1577-4015;1577-4015;"Deportes, Educación"
1412;AQUA-LAC;"Organización de la Naciones Unidas para la Educación, la Ciencia y la Cultura, Oficina Regional de Ciencia para América Latina y el Caribe, Programa Hidrológico Internacional";1;1;524;Uruguay;1688-2873;1688-2873;1688-2881;"Ecología, Ciencias de la tierra, Recursos naturales no renovables, Ingeniería hidráulica"
27035;AquaTechnica;"Universidad Técnica de Manabí";1;1;10980;Ecuador;2737-6095;;;"Biología, Oceanografía"
1418;Aquichan;"Universidad de la Sabana";1;1;11127;Colombia;2027-5374;1657-5997;1657-5997;Enfermería
1422;Ar@cne;"Universidad de Barcelona, Facultad de Geografía e Historia, Departamento de Geografía Humana";1;1;529;España;1578-0007;;;Geografía
10412;Ara;"Santo Domingo: Fundación Global Democracia y Desarrollo; Barcelona: CETT-UB Escola Universitària d'Hoteleria i Turisme";1;1;3589;España;2014-4458;1997-2520;;"Geografía, Turismo"
23194;Arandu-UTIC;"Universidad Tecnológica Intercontinental";1;1;9682;Paraguay;2409-2401;2311-7559;2311-7759;"Administración, Ciencias sociales y humanidades, Educación, Psicología, Sociología"
1438;Arbitraje;Iprolex;1;1;538;España;2603-9281;1888-5373;1888-5373;"Derecho mercantil"
24627;"Árboles y rizomas";"Universidad de Santiago de Chile. Departamento de Lingüística y Literatura, Facultad de Humanidades";1;1;10260;Chile;0719-9805;0719-9805;;"Lingüística, Literatura, Humanidades"
1440;Arbor;"Editorial CSIC";1;1;539;España;1988-303X;0210-1963;0210-1963;Multidisciplinarias
29923;"Arcana Scientific Journal.";"Editorial Kronos";1;1;11867;Ecuador;3121-2557;;;Multidisciplinarias
29972;Arcanum.;"Fundación Internacional para la Educación la Ciencia y la Tecnología ""FIECYT""";1;1;11959;Ecuador;3121-2735;;;Multidisciplinarias
29878;Archipélies;"Laura Carvigan-Cassin";1;1;11814;Iberoamericanistas-Europa;2777-5909;2777-5909;;"Arte, Cultura, Historia del arte, Lingüística, Literatura, Humanidades"
29992;"Architecture, Technology and Sustainability (ArTeS)";"Facultad de Arquitectura y Urbanismo de la Universidad de Guayaquil";1;1;12017;Ecuador;2953-6499;2953-6499;;"Arquitectura, Urbanismo"
1449;"Archives of computational methods in engineering";Springer;1;1;543;España;1886-1784;1134-3060;1134-3060;Matemáticas
29830;"Archives on Food, Culture and Nutrition";"Universidad de Extremadura";1;1;11906;España;3020-3635;3020-3635;3020-8734;"Antropología, Ciencias sociales y humanidades, Etnología, Multidisciplinarias, Sociología"
1467;"Archivo español de arqueología";"Editorial CSIC";1;1;550;España;1988-3110;0066-6742;0066-6742;Arqueología
1468;"Archivo español de arte";"Editorial CSIC";1;1;551;España;1988-8511;0004-0428;0004-0428;"Bellas artes, Historia del arte"
1473;"Archivo médico de Camagüey";"Centro Provincial de Ciencias Médicas de Camagüey";1;1;555;Cuba;1025-0255;1025-0255;;Medicina
1474;"Archivo Teológico Granadino";"Universidad Loyola";1;1;556;España;2695-4397;0210-1629;0210-1629;"Filosofía, Religión"
27786;"Archivo Vallejo";"Universidad Ricardo Palma";1;1;11191;Perú;2663-9254;2616-9894;;Literatura
1489;"Archivos de cardiología de México";"Permanyer México";1;1;560;México;1665-1731;1405-9940;1405-9940;Cardiología
1490;"Archivos de ciencias de la educación";"Universidad Nacional de La Plata. Facultad de Humanidades y Ciencias de la Educación. Departamento de Ciencias de la Educación";1;1;561;Argentina;2346-8866;0518-3669;0518-3669;"Economía, Educación"
1492;"Archivos de criminología, criminalística y seguridad privada";"Sociedad Mexicana de Criminología Capítulo Nuevo León, A.C.";1;1;563;México;2007-2023;2007-2023;;"Antropología, Psicología, Sociología, Criminología"
25572;"Archivos de historia del movimiento obrero y la izquierda.";CEHTI;1;1;10600;Argentina;2683-9601;2313-9749;;"Historia, Sociología"
1515;"Archivos de medicina veterinaria";"Facultad de Ciencias Veterinarias";1;1;577;Chile;0717-6201;0301-732X;0301-732X;Veterinaria
1518;"Archivos de neurociencias";"Instituto Nacional de Neurología y Neurocirugía, Departamento de Publicaciones Científicas";1;1;579;México;2954-4122;0187-4705;1028-5938;"Medicina, Neurología"
1522;"Archivos de Pediatría del Uruguay";"Sociedad Uruguaya de Pediatría";1;1;581;Uruguay;1688-1249;0004-0584;0004-0584;"Medicina, Pediatría"
1523;"Archivos de prevención de riesgos laborales";"Associació Catalana de Salut Laboral";1;1;582;España;1578-2549;1138-9672;;Medicina
1528;"Archivos de zootecnia";"Universidad de Córdoba; Asociación Iberoamericana de Zootecnia";1;1;587;España;1885-4494;0004-0592;;"Veterinaria, Zootecnia"
25958;"Archivos peruanos de cardiología y cirugía cardiovascular";"Instituto Nacional Cardiovascular";1;1;11046;Perú;2708-7212;2708-7212;;Cardiología
1551;Archivum;"Universidad de Oviedo, Servicio de Publicaciones";1;1;596;España;2341-1120;0570-7218;0570-7218;"Lingüística, Literatura"
1560;"Área abierta";"Universidad Complutense de Madrid";1;1;600;España;1578-8393;;;"Ciencias de la comunicación, Ciencias de la información"
25550;Área.;"Secretaría de Investigaciones; Facultad de Arquitectura, Diseño y Urbanismo; Universidad de Buenos Aires";1;1;10593;Argentina;2591-5312;0328-1337;;"Arquitectura, Diseño, Urbanismo"
1562;"Areas. Revista de ciencias sociales";"Universidad de Murcia";1;1;601;España;1989-6190;0211-6707;0211-6707;"Bibliografías, Ciencias sociales y humanidades, Geografía"
1563;"Arenal. Revista de historia de las mujeres";"Universidad de Granada, Servicio de Publicaciones";1;1;602;España;2792-1565;1134-6396;1134-6396;"Historia, Sociología, Estudios de género"
23072;Areté;"Universidad Central de Venezuela, Doctorado en Educación";1;1;9626;Venezuela;2443-4566;2443-4566;;"Ciencias sociales y humanidades, Educación, Etica, Pedagogía"
26550;"Argentinian Journal of Respiratory and Physical Therapy";AJRPT;1;1;10883;Argentina;2618-4095;2618-4095;;"Terapéutica y rehabilitación"
607;Argonautas;"Universidad Nacional de San Luis.";1;1;11933;Argentina;1853-9092;1853-9092;;"Ciencias sociales y humanidades, Educación"
1575;Argos;"Universidad de Guadalajara, División de Estudios Históricos y Humanos";1;1;11758;México;1562-4072;1562-4072;;"Lingüística, Literatura, Teatro, Poesía"
1581;Argumentos;"Universidad de Buenos Aires, Facultad de Ciencias Sociales, Instituto de Investigaciones Gino Germani";1;1;609;Argentina;1666-8979;1666-8979;;Sociología
23866;Argumentos;"Universidade Estadual de Montes Claros (Unimontes)";1;1;10031;Brasil;2527-2551;1806-5627;;"Antropología, Ciencia política y administración pública, Ciencias sociales y humanidades, Sociología"
25393;Argumentos;"Centro de perfeccionamiento Ricardo Nuñez";1;1;10545;Argentina;2525-0469;2525-0469;;"Derecho y jurisprudencia"
19115;"Argumentos : Revista de Filosofia";"Universidade Federal do Ceará (UFC)";1;1;7139;Brasil;1984-4255;1984-4247;;Filosofía
19116;"Argumentos de razón técnica";"Editorial Universidad de Sevilla";1;1;7140;España;2253-8151;1139-3327;1139-3327;"Filosofía, Sociología, Tecnología"
24760;Arkadin;"Papel Cosido";1;1;10303;Argentina;2525-085X;1669-1563;;"Arte, Artes plásticas, Cine, Fotografía, Historia del arte"
24301;Armiliar;"Papel Cosido";1;1;10191;Argentina;2545-7888;2545-7888;;"Arte, Historia del arte"
25578;arq.urb.;"Universidade São Judas Tadeu";1;1;10601;Brasil;1984-5766;1984-5766;;"Arquitectura, Arte, Cultura, Multidisciplinarias, Planificación urbana"
19127;Arqueología;"Universidad de Buenos Aires; Facultad de Filosofía y Letras; Instituto de Arqueología";1;1;7147;Argentina;1853-8126;0327-5159;;Arqueología
1601;"Arqueología de la arquitectura";"Editorial CSIC";1;1;616;España;1989-5313;1695-2731;1695-2731;"Arqueología, Arquitectura"
1607;"Arqueología iberoamericana";"Pascual Izquierdo Egea";1;1;617;España;1989-4104;;;Arqueología
27240;"Arqueología y sociedad";"Universidad Nacional Mayor de San Marcos. Museo de Arqueología y Antropología";1;1;11011;Perú;2810-8566;2810-8566;0254-8062;"Antropología, Arqueología"
1614;"Arqueología y territorio medieval";"Área de Hª Medieval y Grupo de Investigación del Patrimonio de Jaén";1;1;620;España;2386-5423;;1134-3184;"Arqueología, Historia"
19129;"Arquisur revista";"Ediciones UNL";1;1;7149;Argentina;2250-4206;1853-2365;1853-2365;"Arquitectura, Industria"
25530;Arquitecno;"Universidad Nacional del Nordeste. Facultad de Arquitectura y Urbanismo. Instituto de Investigaciones Tecnológicas para el Diseño Ambiental del Hábitat Humano - ITDAHu";1;1;10589;Argentina;2683-9881;0328-0896;;"Arquitectura, Tecnología"
22714;"Arquitectura +";"Universidad Nacional de Ingeniería. Facultad de Arquitectura. Recinto Universitario Simón Bolívar";1;1;9398;Nicaragua;2518-2943;;;"Arquitectura, Ingeniería civil, Tecnología, Urbanismo"
1649;"Arquitecturas del sur";"Dirección de Relaciones, Extensión y Comunicaciones";1;1;626;Chile;0719-6466;0716-2677;0716-2677;Arquitectura
20294;Arquitek;"Universidad Privada de Tacna. Facultad de Arquitectura y Urbanismo";1;1;7964;Perú;2617-0892;2073-8811;2073-8811;Arquitectura
24976;Arquitextos;"Universidad Ricardo Palma. Facultad de Arquitectura y Urbanismo";1;1;10390;Perú;2706-8099;1819-2939;;Arquitectura
22774;"Arquivos de medicina";"Arquimed - Edições Científicas da AEFMUP";1;1;9440;Portugal;2183-2447;2183-2447;;Medicina
19132;"Arquivos de Zoologia";"Universidade de São Paulo (USP)";1;1;7151;Brasil;2176-7793;0066-7870;0066-7870;Zoología
1729;"Arquivos Médicos dos Hospitais e da Faculdade de Ciências Médicas da Santa Casa de São Paulo";"Faculdade de Ciências Médicas da Santa Casa de São Paulo (FCMSCSP)";1;1;644;Brasil;1809-3019;0101-6067;0101-6067;"Medicina, Salud pública, Traumatología y ortopedia"
21897;Arrancada;"Universidad de Oriente, Facultad de Cultura Física y Deportes de Santiago de Cuba";1;1;8920;Cuba;1810-5882;1729-3693;;"Deportes, Educación"
19136;ARS;"Universidade de São Paulo (USP)";1;1;7153;Brasil;2178-0447;1678-5320;;Arte
24924;"Ars & renovatio";"Centro de Estudios de Arte del Renacimiento";1;1;10370;España;2340-843X;2340-843X;;"Arte, Artes plásticas, Bellas artes, Diseño, Historia del arte, Pintura"
1736;"Ars Bilduma";"Servicio editorial. Universidad del País Vasco";1;1;647;España;1989-9262;;;Arte
1738;"Ars Brevis";"Universitat Ramon Llull, Càtedra Ramon Llull Blanquerna";1;1;648;España;2339-9775;1136-3711;1136-3711;Filosofía
21356;"Ars iuris salmanticensis";"Ediciones Universidad de Salamanca";1;1;8542;España;2340-5155;2340-5155;;"Administración, Ciencia política y administración pública, Derecho y jurisprudencia, Derecho penal, Criminología"
1743;"Ars longa. Cuadernos de arte";"Universidad de Valencia, Departamento de Historia del Arte";1;1;650;España;2605-0439;1130-7099;1130-7099;"Arte, Bellas artes, Historia del arte"
1748;"Ars pharmaceutica";"Universidad de Granada";1;1;652;España;2340-9894;0004-2927;0004-2927;"Farmacia, Farmacología"
1755;ArtCultura;"Universidade Federal de Uberlândia (UFU)";1;1;654;Brasil;2178-3845;2178-3845;1516-8603;"Arte, Cultura, Historia"
24517;"Arte da Cena";"Universidade Federal de Goiás (UFG)";1;1;10238;Brasil;2358-6060;2358-6060;;"Arte, Cultura, Teatro"
22989;"Arte e investigación";"Papel Cosido";1;1;9582;Argentina;2469-1488;1850-2334;;"Arte, Artes plásticas, Bellas artes, Cine, Diseño, Historia del arte"
28192;"Arte Imagen y Sonido";"Universidad Autónoma de Aguascalientes";1;1;11648;México;2954-4017;2954-4017;;Arte
21716;"Arte nuevo";"Université de Neuchâtel, Institut de langues et littératures hispaniques";1;1;8785;Iberoamericanistas-Europa;2297-2692;2297-2692;;"Literatura, Humanidades"
20745;"Arte y ciudad";"Grupo de Investigación Arte y Ciudad, Univ. Complutense";1;1;8272;España;2254-7673;2254-7673;2254-2930;Arte
1768;"Arte y Políticas de Identidad";"Servicio de Publicaciones de la Universidad de Murcia (Editum)";1;1;657;España;1989-8452;1989-8452;1889-979X;"Arte, Diseño"
1770;"Arte y sociedad. Revista de investigación";"Universidad Rey Juan Carlos";1;1;658;España;2174-7563;;;"Arte, Multidisciplinarias"
24062;"Arte, diseño e ingeniería";"Universidad Politécnica de Madrid";1;1;10111;España;2254-8319;2254-8319;;"Arte, Bellas artes, Diseño, Ingeniería industrial"
1771;"Arte, individuo y sociedad";"Universidad Complutense de Madrid, Servicio de publicaciones";1;1;659;España;1988-2408;1131-5598;1131-5598;"Artes plásticas, Bellas artes, Ciencias sociales y humanidades, Pintura"
26785;Artefactos;"Ediciones Universidad de Salamanca";1;1;10926;España;1989-3612;1989-3612;;"Ciencias sociales y humanidades, Cultura, Filosofía"
23428;Artescena;"Universidad de Playa Ancha de Ciencias de la Educación, Facultad de Arte";1;1;9806;Chile;0719-7535;0719-7535;;"Arte, Bellas artes, Humanidades"
1791;Artifara;"Università di Torino - Dipartimento di Studi Umanistici";1;1;665;Iberoamericanistas-Europa;1594-378X;1594-378X;2361-7365;"Estudios latinoamericanos, Filología"
25367;Artificio;"Universidad Autónoma de Aguascalientes, Centro de Ciencias del Diseño y de la Construcción";1;1;11653;México;2992-7463;2992-7463;;"Arquitectura, Diseño, Ingeniería, Urbanismo"
1792;Artigrama;"Universidad de Zaragoza, Departamento de Historia del Arte";1;1;666;España;2444-3751;0213-1498;0213-1498;"Bellas artes, Historia del arte"
25885;Artilugio.;"Centro de Producción e Investigación en Artes (CePIA), Facultad de Artes, Universidad Nacional de Córdoba (UNC).";1;1;10709;Argentina;2408-462X;2408-462X;;"Arte, Bellas artes, Cine, Historia del arte, Multidisciplinarias"
25470;"Artis on";"ARTIS – Instituto de História da Arte";1;1;11192;Portugal;2183-7082;2183-7082;;"Arte, Artes plásticas, Bellas artes, Cultura, Historia del arte"
1796;Artnodes;"Universitat Oberta de Catalunya";1;1;668;España;1695-5951;;;Arte
19140;Artroscopía;"Asociacion Argentina de Artroscopía";1;1;7155;Argentina;1853-4759;1851-2828;;"Cirugía, Medicina"
28587;Arxiu;"Universitat de València";1;1;11635;España;2952-0460;2952-0460;2951-9810;"Diseño, Historia del arte"
1799;"Arxiu d'etnografía de Catalunya";"Universitat Rovira i Virgili";1;1;669;España;2014-3885;2014-3885;0212-0372;"Antropología, Etnología"
1800;"Arxius de Ciències Socials";"Universidad de Valencia, Facultat de Ciències Socials";1;1;670;España;2990-2266;2990-2266;2990-2258;Sociología
1801;"Arxius de miscel·lània zoològica";"Museu de Ciències Naturals de Barcelona";1;1;671;España;1698-0476;1698-0476;;Zoología
1802;"Arys. Antiguedad, religiones y sociedades";"Universidad Carlos III de Madrid, Instituto de Historiografía Julio Caro Baroja";1;1;672;España;2173-6847;1575-166X;1575-166X;"Historia, Religión"
29463;Asamblea;"Asamblea de Madrid";1;1;11675;España;2951-665X;2951-665X;;"Administración, Ciencia política y administración pública, Derecho y jurisprudencia, Derecho comparado, Derecho público"
1805;Asclepio;"Editorial CSIC";1;1;673;España;1988-3102;0210-4466;0210-4466;"Historia, Historia de la ciencia, Medicina"
1824;"Asparkia. Investigacio feminista";"Universidad Jaume I, Publicaciones de la Universidad Jaume I";1;1;678;España;2340-4795;1132-8231;1132-8231;"Sociología, Estudios de género"
1828;"Astrágalo. Cultura de la arquitectura y la ciudad";"Editorial Universidad de Sevilla";1;1;680;España;2469-0503;1134-3672;1134-3672;"Arquitectura, Urbanismo"
1830;Astrolabio;"Centro de Investigaciones y Estudios sobre Cultura y Sociedad (CONICET y UNC)";1;1;681;Argentina;1668-7515;1668-7515;;"Ciencias sociales y humanidades"
20747;Atalanta;"Universidad de Sevilla, Departamento de Literatura Española";1;1;8273;España;2340-1176;2340-1176;;"Historia, Literatura, Humanidades, Filología"
25403;"Atek Na";"Editorial de la Universidad Nacional de Luján";1;1;10549;Argentina;2422-6726;1668-1479;;"Antropología, Arqueología, Historia, Multidisciplinarias"
29138;"Atenas Revista Científica Técnica y Tecnológica.";"Instituto Superior Tecnológico del Azuay con Condición de Superior Universitario";1;1;11637;Ecuador;2953-6553;;;Multidisciplinarias
1850;Atenea;"Universidad de Concepción";1;1;690;Chile;0718-0462;0716-1840;0716-1840;"Arte, Cultura, Historia"
22965;Ateneo;"Colegio de Médicos del Azuay";1;1;9567;Ecuador;2661-6971;1390-4396;1390-4396;Medicina
22321;"Ateneo Leonés";"Ateneo Leonés";1;1;9197;España;2695-4540;2386-7035;2386-7035;"Estudios locales, Humanidades"
1857;"Athenea Digital. Revista de Pensamiento e Investigación social";"Universidad Autónoma de Barcelona, Departamento de Psicología Social";1;1;694;España;1578-8946;;;Sociología
1860;"Atlantic Review of Economics";"Colegio de Economistas de A Coruña";1;1;696;España;2174-3835;2174-3835;;Economía
1865;"Atlantis. Revista de la Asociación española de estudios anglo-norteamericanos";"AEDEAN (Asociación Española de Estudios Anglo-Norteamericanos)";1;1;698;España;1989-6840;0210-6124;0210-6124;"Cultura, Lingüística, Literatura"
29921;"Atlas Research Journal.";"Editorial Kronos";1;1;11862;Ecuador;3121-2565;;;Multidisciplinarias
1867;Atmósfera;"Universidad Nacional Autónoma de México, Instituto de Ciencias de la Atmósfera y Cambio Climático";1;1;699;México;2395-8812;0187-6236;0187-6236;"Ciencias atmosféricas, Ecología, Física, Oceanografía, Química"
1869;AtoZ;"Universidade Federal do Paraná (UFPR)";1;1;701;Brasil;2237-826X;2237-826X;;"Ciencias de la información"
1873;"Atrio. Revista de Historia del Arte";"Universidad Pablo de Olavide";1;1;702;España;2659-5230;0214-8293;0214-8293;"Bellas artes"
1885;"Augm Domus.";"Universidad Nacional de La Plata";1;1;11982;Argentina;1852-2181;1852-2181;;"Ciencias de la tierra, Recursos naturales no renovables"
1889;"Aula abierta";"Universidad de Oviedo, Instituto de Ciencias de la Educación";1;1;707;España;2341-2313;0210-2773;0210-2773;"Educación, Pedagogía"
1891;"Aula de encuentro";"Centro de Profesorado SAFA";1;1;708;España;2341-4847;1137-8778;1137-8778;"Educación, Pedagogía, Educación media o secundaria, Educación preescolar, Educación primaria, Educación superior"
22413;"Aula Palma";"Universidad Ricardo Palma";1;1;9255;Perú;2415-2218;1810-7524;1810-7524;"Historia, Literatura, Sociología"
25376;"Aula Revista de Humanidades y Ciencias Sociales";"Universidad Nacional Pedro Henríquez Ureña (UNPHU)";1;1;10539;"República Dominicana";2636-2236;;0254-7597;"Educación superior"
1898;"Aula. Revista de Pedagogía de la Universidad de Salamanca";"Universidad de Salamanca";1;1;712;España;2174-0925;0214-3402;0214-3402;Educación
21975;Aura;"Universidad Nacional del Centro de la Provincia de Buenos Aires. Facultad de Arte. Departamento de Historia y Teoría del Arte.";1;1;8970;Argentina;2347-0135;2347-0135;;"Cine, Cultura, Filosofía, Historia del arte, Música, Teatro"
23760;Ausart;"Universidad del País Vasco / Euskal Herriko Unibertsitatea (UPV/EHU), Servicio Editorial";1;1;9980;España;2340-9134;2340-9134;;"Arte, Artes plásticas, Bellas artes, Historia del arte, Música, Danza"
20749;Auster;"Universidad Nacional de La Plata; Facultad de Humanidades y Ciencias de la Educación";1;1;8275;Argentina;2346-8890;1514-0121;;"Literatura, Humanidades"
3105;"Austral comunicación";"Universidad Austral; Facultad de Comunicación";1;1;998;Argentina;2313-9137;2313-9129;2313-9129;"Ciencias de la comunicación"
23494;"Austral journal of veterinary sciences";"Universidad Austral de Chile, Facultad de Ciencias Veterinarias";1;1;9847;Chile;0719-8132;0719-8000;0719-8000;"Cultura, Filosofía, Literatura, Veterinaria"
23030;Autoctonía;"Universidad Bernardo OHiggins";1;1;9604;Chile;0719-8213;0719-8213;;"Ciencias sociales y humanidades, Historia"
23486;"AV notas";"Conservatorio Superior de Música ""Andrés de Vandelvira"" de Jaén";1;1;9841;España;2529-8577;2529-8577;;Música
1924;AvaCient;"Tecnológico Nacional de México; Instituto Tecnológico de Chetumal";1;1;721;México;2992-8567;2594-018X;2594-018X;Multidisciplinarias
1932;Avances;"Centro de Información y Gestión Tecnológica de Pinar del Río";1;1;727;Cuba;1562-3297;1562-3297;;"Ciencia, Ciencia y Tecnología"
24180;Avances;"Universidad Libre";1;1;10162;Colombia;2619-6581;1794-4953;1794-4953;Ingeniería
6548;"Avances de investigación";"Universidad de la Empresa, Facultad de Ciencias de la Educación";1;1;11278;Uruguay;2393-6517;2393-6517;;Educación
21398;"Avances de investigación en educación matemática";"Sociedad Española de Investigación en Educación Matemática";1;1;8572;España;2254-4313;2254-4313;;"Educación, Pedagogía"
22089;"Avances del Cesor";"Universidad Nacional de Rosario; Facultad de Humanidades y Artes; Centro de Estudios Sociales Regionales; Consejo Nacional de Investigaciones Científicas y Técnicas";1;1;9039;Argentina;2422-6580;1514-3899;;"Antropología, Arte, Historia, Sociología"
1952;"Avances en Enfermería";"Universidad Nacional de Colombia, Facultad de Enfermeria";1;1;737;Colombia;2346-0261;0121-4500;0121-4500;Enfermería
24794;"Avances en la enseñanza de la física";"Administración Nacional de Educación Pública, Consejo de Formación en Educación, Departamento de Física";1;1;10322;Uruguay;2697-2778;2697-2778;;"Física, Educación media o secundaria, Educación superior"
1960;"Avances en psicología";"Universidad Femenina del Sagrado Corazón. Facultad de Psicología y Humanidades";1;1;743;Perú;2708-5007;1812-9536;1812-9536;Psicología
1961;"Avances en Psicología Latinoamericana";"Editorial de la Universidad del Rosario";1;1;744;Colombia;2145-4515;1794-4724;1794-4724;Psicología
1967;"Avances en supervisión educativa";"Asociación de Inspectores de Educación de España";1;1;747;España;1885-0286;;;Educación
27942;Avances.;"EdFA - Editorial de la Facultad de Artes UNC";1;1;11218;Argentina;2718-6555;1667-927X;;"Arte, Cine, Fotografía, Historia del arte, Música, Teatro"
28453;"Avante-Revista de humanidades y ciencias sociales";"Fundación Observatorio Ñuble";1;1;11607;Chile;0719-9740;0719-9740;;"Ciencias sociales y humanidades, Educación, Multidisciplinarias, Humanidades"
19148;"Avatares de la comunicación y la cultura";"Universidad de Buenos Aires, Facultad de Ciencias Sociales, Carrera de Ciencias de la Comunicación";1;1;7163;Argentina;1853-5925;1853-5925;;"Ciencias de la comunicación, Cultura"
1986;Axioma;"Pontificia Universidad Católica del Ecuador sede Ibarra";1;1;755;Ecuador;2550-6684;;1390-6267;"Ciencias sociales y humanidades, Educación, Multidisciplinarias"
29470;Aypate;"Universidad Nacional de la Frontera";1;1;11750;Perú;3028-9432;3028-9432;;"Administración, Biotecnología, Economía, Tecnología de alimentos, Turismo, Medio ambiente"
1990;"Azafea. Revista de Filosofía";"Universidad de Salamanca";1;1;758;España;2444-7072;0213-3563;0213-3563;Filosofía
20482;"Azarbe. Revista Internacional de Trabajo Social y Bienestar";"Universidad de Murcia, Facultad de Trabajo Social";1;1;8098;España;2254-9641;2254-9641;2255-4955;"Sociología, Trabajo social"
26471;AZUR;"Asociación Centroamericana de Filosofía (ACAFI)";1;1;11847;"Costa Rica";2215-6089;2215-6089;;Filosofía
20750;Badebec;"Universidad Nacional de Rosario;  Facultad de Humanidades y Artes;  Centro de Estudios de Teoría y Crítica Literaria";1;1;8276;Argentina;1853-9580;1853-9580;;"Literatura, Teatro"
2002;Baetica;"Universidad de Málaga, Facultad de Filosofía y Letras";1;1;762;España;2695-7809;0212-5099;0212-5099;"Bellas artes, Geografía, Historia"
2003;"BAG Journal of basic applied genetics";"Sociedad Argentina de Genética";1;1;763;Argentina;1852-6233;1666-0390;;Genética
2011;"Bajo palabra";"Asociación Bajo Palabra";1;1;766;España;1887-505X;1576-3935;1576-3935;Filosofía
2027;"BAR - Brazilian Administration Review";"Associação Nacional de Pós-Graduação e Pesquisa em Administração (ANPAD)";1;1;770;Brasil;1807-7692;1807-7692;;Administración
2029;"Barataria. Revista castellano-manchega de Ciencias sociales";"Asociación Castellano-Manchega de Sociología";1;1;771;España;2172-3184;1575-0825;1575-0825;Sociología
20167;"Barcelona Research Art Creation";"Hipatia Press";1;1;7861;España;2014-8992;2014-8992;;Arte
23476;"Barcelona respiratory network reviews";Permanyer;1;1;11633;España;2385-7110;2385-7110;;Neumología
29682;"Base, Diseño e Innovación";"Facultad de Diseño";1;1;11907;Chile;2452-5928;0719‑515X;0719-515X;"Arquitectura, Ciencias sociales y humanidades, Cultura, Diseño, Literatura, Humanidades"
28961;"Bastcorp International Journal";"Editorial Innova";1;1;11529;Ecuador;3028-8797;;;"Ciencias sociales y humanidades, Ingeniería, Multidisciplinarias, Tecnología, Ciencias exactas, Ciencias naturales"
28215;Beckettiana;"Facultad de Filosofía y Letras, Universidad de Buenos Aires";1;1;11390;Argentina;2683-9679;2683-9679;;Literatura
22267;"Behavior & law journal";"Fundación Universitaria Behavior & Law";1;1;9167;España;2444-4170;2444-4170;;"Psicología, Criminología"
22949;"Belas Infiéis";"Universidade de Brasília (UnB)";1;1;9558;Brasil;2316-6614;2316-6614;;"Lingüística, Literatura, Filología"
2065;"Bellas Artes. Revista de Artes Plásticas, Estética, Diseño e Imagen";"Universidad de La Laguna, Servicio de Publicaciones";1;1;782;España;2530-8432;1695-761X;1695-761X;"Arte, Artes plásticas, Bellas artes, Diseño, Multidisciplinarias"
21649;"Bellaterra. Journal of teaching and learning laguage and literature";"Universidad Autónoma de Barcelona";1;1;8735;España;2013-6196;2013-6196;;"Educación, Lingüística, Literatura"
23641;Benessere;"Universidad de Valparaíso, Facultad de Medicina";1;1;9933;Chile;0719-7764;0719-7764;;"Salud pública, Enfermería"
2071;"BEPA. Boletim epidemiológico paulista";"Secretaria de Estado da Saúde de São Paulo (SES SP)";1;1;11567;Brasil;1806-4272;1806-423X;1806-423X;"Epidemiología, Salud pública"
2078;"Biblio 3W. Revista Bibliográfica de Geografía y Ciencias Sociales";"Universidad de Barcelona, Facultad de Geografía e Historia, Departamento de Geografía Humana";1;1;786;España;1138-9796;;;"Bibliografías, Geografía"
23745;Bibliographica;"Universidad Nacional Autónoma de México, Instituto de Investigaciones Bibliográficas";1;1;9973;México;2594-178X;2594-178X;2683-2232;"Bibliografías, Historia"
26888;"Biblioteca de Babel";"Universidad Autónoma de Madrid";1;1;11229;España;2695-6349;2695-6349;;"Lingüística, Literatura, Humanidades, Filología"
2105;"BiD. Textos universitaris de biblioteconomia i documentació";"Universitat de Barcelona, Facultat de Biblioteconomia i Documentació; Universidad Oberta de Catalunya (UOC)";1;1;799;España;1575-5886;;;"Bibliotecología, Ciencias de la información"
24782;"Bio Scientia";"Universidad Mayor, Real y Pontificia de San Francisco Xavier de Chuquisaca, Facultad de Ciencias Químico Farmacéuticas y Bioquímicas";1;1;10317;Bolivia;2664-5742;2664-5114;;"Biología, Bioquímica, Farmacia, Genética, Química, Ingeniería biomédica"
2122;Bioagro;"Universidad Centroccidental Lisandro Alvarado";1;1;806;Venezuela;2521-9693;1316-3361;1316-3361;Agronomía
2124;Biocenosis;"Universidad Estatal a Distancia";1;1;808;"Costa Rica";1659-4991;0250-6963;;"Biología, Ecología, Educación"
27660;"Bioethics update";"Publicaciones Permanyer";1;1;11156;México;2448-7511;2395-938X;2395-938X;"Filosofía, Multidisciplinarias"
23712;Biolex;"Universidad de Sonora, División de Ciencias Sociales, Departamento de Derecho";1;1;9956;México;2007-5545;2007-5634;2007-5634;"Derecho y jurisprudencia"
2146;"Biología acuática.";"Universidad Nacional de La Plata, Facultad de Ciencias Naturales y Museo";1;1;814;Argentina;1668-4869;0326-1638;0326-1638;"Biología, Ecología, Medio ambiente, Ciencias naturales"
2152;"Biological research";"Sociedad de Biología de Chile";1;1;815;Chile;0717-6287;0716-9760;0716-9760;Biología
25666;"Bioquímica y patología clínica.";"Asociación Bioquímica Argentina";1;1;10620;Argentina;2684-0359;1515-6761;;"Biología, Bioquímica, Epidemiología, Medicina, Salud pública, Ciencias exactas"
26543;Biorrefinería;"Centro Ecuatoriano de Biotecnología del Ambiente (CEBA)";1;1;10880;Ecuador;2602-8530;;;Biología
28856;BioSCIENCE;"Associação Médica do Paraná";1;1;11545;Brasil;2764-9350;2764-9342;;"Cardiología, Cirugía, Gastroenterología, Ginecologia y obstetricia, Medicina, Pediatría"
2172;"Bioscience Journal";"Universidade Federal de Uberlândia (UFU)";1;1;821;Brasil;1981-3163;1516-3725;1516-3725;"Biología, Multidisciplinarias"
26539;"Biotech & engineering";"Universidad Nacional Tecnológica de Lima Sur";1;1;11332;Perú;2788-4295;2788-4295;;"Computación, Ingeniería de comunicaciones, electrónica y control, Ingeniería eléctrica, Ingeniería mecánica, Telecomunicaciones, Medio ambiente"
2181;Biotecnia;"Universidad de Sonora, División de Ciencias Biológicas y de la Salud";1;1;825;México;1665-1456;1665-1456;;"Biología, Biotecnología, Salud pública"
25477;Biotempo;"Universidad Ricardo Palma. Facultad de Ciencias Biológicas";1;1;10570;Perú;2519-5697;1992-2159;;Biología
2210;"Bitácora arquitectura";"Universidad Nacional Autónoma de México, Facultad de Arquitectura";1;1;831;México;2594-0856;1405-8901;1405-8901;"Arquitectura, Diseño, Urbanismo"
23600;Bold;"Papel Cosido";1;1;9912;Argentina;2524-9703;2344-9853;;Diseño
26902;"Boletim Cearense de Educação e História da Matemática";"Universidade Estadual do Ceará (UECE)";1;1;10953;Brasil;2447-8504;2357-8661;;"Educación, Matemáticas, Educación superior"
29101;"Boletim IBCCRIM";"Instituto Brasileiro de Ciências Criminais";1;1;11623;Brasil;2965-937X;1676-3661;1676-3661;"Derecho penal, Derechos humanos"
2485;"Boletín - Instituto del mar del Perú";"Instituto del Mar del Perú";1;1;861;Perú;2810-868X;0458-7766;0458-7766;"Biología, Ecología, Oceanografía"
2519;"Boletín académico. Revista de investigación y arquitectura contemporanea";"Escola Técnica Superior de Arquitectura de la Universidade da Coruña";1;1;866;España;2173-6723;0213-3474;;Arquitectura
2530;"Boletín americanista";"Edicions Universitat de Barcelona";1;1;867;España;2014-993X;0520-4100;0520-4100;"Historia, Estudios latinoamericanos"
19165;"Boletín Científico CIOH";"Dirección General Marítima (Dimar)";1;1;7170;Colombia;2215-9045;0120-0542;0120-0542;"Ciencias atmosféricas, Oceanografía"
25923;"Boletín científico de la Escuela Superior Atotonilco de Tula";"Universidad Autónoma del Estado de Hidalgo, Escuela Superior Atotonilco de Tula";1;1;11595;México;2007-7831;2007-7831;;"Administración, Economía, Psicología, Finanzas"
24823;"Boletín científico de las ciencias económico administrativas del ICEA";"Universidad Autónoma del Estado de Hidalgo";1;1;11032;México;2007-4913;2007-4913;;"Administración, Contabilidad, Economía, Turismo"
28108;"Boletín científico Ideas y Voces";"Red de Educación, Innovación y Empresa (REDIEM)";1;1;11352;Ecuador;2960-8112;2960-8112;;Multidisciplinarias
25997;"Boletín Científico INVESTIGIUM de la Escuela Superior de Tizayuca";"Universidad Autónoma del Estado de Hidalgo, Escuela Superior de Tizayuca";1;1;11031;México;2448-4830;2448-4830;;Multidisciplinarias
26768;"Boletín científico tecnológico";"Academia Politécnica Militar";1;1;11265;Chile;2452-607X;0718-1191;;Multidisciplinarias
19167;"Boletín criminológico";"Instituto andaluz interuniversitario de Criminología (Sección de Málaga)";1;1;7171;España;2254-2043;1137-2427;;Criminología
2584;"Boletín da Real Academia Galega";"Real Academia Galega";1;1;879;España;2605-1680;1576-8767;1576-8767;"Cultura, Lingüística, Literatura, Filología"
2593;"Boletín de Antropología";"Universidad de Antioquia";1;1;881;Colombia;2390-027X;0120-2510;0120-2510;Antropología
2596;"Boletín de arte";"Universidad de Málaga, Uma Editorial";1;1;883;España;2695-415X;0211-8483;0211-8483;"Arte, Bellas artes, Historia del arte"
23466;"Boletín de Arte";"Papel Cosido";1;1;9829;Argentina;2314-2502;2314-2502;;"Arte, Bellas artes, Historia del arte"
25900;"Boletín de ciencias agropecuarias del ICAP";"Universidad Autónoma del Estado de Hidalgo";1;1;11791;México;2448-5357;2448-5357;;"Agronomía, Biología, Bioquímica, Botánica"
23399;"Boletín de Coyuntura";"Universidad Técnica de Ambato";1;1;9793;Ecuador;2600-5727;;2528-7931;"Administración, Ciencia política y administración pública, Contabilidad, Economía, Finanzas"
2639;"Boletín de estética";"Centro de Investigaciones Filosóficas; Programa de Estudios de Filosofía del Arte y la Literatura";1;1;892;Argentina;2408-4417;1668-7132;;"Arte, Bellas artes, Filosofía, Literatura"
23700;"Boletín de estudios geográficos";"Universidad Nacional de Cuyo, Facultad de Filosofía y Letras, Departamento de Geografía, Instituto de Geografía";1;1;9949;Argentina;2525-1813;0374-6186;;"Cartografía, Ecología, Geografía, Urbanismo, Humanidades, Ciencias de la tierra"
26556;"Boletín de la Academia Nacional de Historia.";"Academia Nacional de Historia";1;1;10884;Ecuador;2773-7381;;;Historia
2700;"Boletín de la Academia Peruana de la Lengua";"Academia Peruana de la Lengua";1;1;909;Perú;2708-2644;0567-6002;0567-6002;"Filosofía, Historia, Lingüística, Literatura, Filología"
2712;"Boletín de la Asociación de Geógrafos Españoles";"Asociación de Geógrafos Españoles";1;1;914;España;2605-3322;0212-9426;0212-9426;Geografía
2722;"Boletín de la Asociación Internacional de Derecho Cooperativo";"Universidad de Deusto";1;1;920;España;2386-4893;1134-993X;1134-993X;"Derecho mercantil"
2727;"Boletín de la Biblioteca Menéndez Pelayo";"Sociedad Menéndez Pelayo Cultural";1;1;922;España;2952-184X;0006-1646;0006-1646;"Literatura, Teatro, Poesía"
2757;"Boletín de la Sociedad Argentina de Botánica";"Sociedad Argentina de Botánica";1;1;932;Argentina;1851-2372;0373-580X;0373-580X;"Biología, Botánica"
18622;"Boletín de la Sociedad Española de Cerámica y Vidrio";"Sociedad Española de Cerámica y Vidrio";1;1;6961;España;2173-0431;0366-3175;0366-3175;"Ingeniería de materiales"
2769;"Boletín de la Sociedad Española de Historiografía Lingüística";"Sociedad Española de Historiografía Lingüística";1;1;938;España;2386-5830;1695-2030;1695-2030;Lingüística
2786;"Boletín de la Sociedad Zoológica del Uruguay";"Sociedad Zoológica del Uruguay";1;1;950;Uruguay;2393-6940;0255-4402;0255-4402;"Zoología, Estudios locales"
26171;"Boletín de Literatura Comparada.";"Centro de Literatura Comparada";1;1;10788;Argentina;2683-8397;0325-3775;;"Cultura, Literatura, Humanidades, Poesía"
2795;"Boletín de literatura oral";"Universidad de Jaen";1;1;953;España;2173-0695;;;Literatura
2880;"Boletín del Instituto de Historia Argentina y Americana Dr. Emilio Ravignani";Eudeba;1;1;970;Argentina;1850-2563;0524-9767;0524-9767;Historia
2894;"Boletín del Museo Arqueológico Nacional";"Museo Arqueológico Nacional";1;1;975;España;2341-3409;0212-5544;0212-5544;Arqueología
2935;"Boletín epidemiológico semanal";"Instituto de Salud Carlos III, Centro Nacional de Epidemiología";1;1;11801;España;2173-9277;2173-9277;;"Epidemiología, Medicina"
2962;"Boletín galego de literatura";"Universidad de Santiago de Compostela, Servicio de Publicaciones";1;1;981;España;2174-4025;0214-9117;0214-9117;Literatura
24768;"Boletín GEC";"Grupo de Estudios sobre la Crítica Literaria";1;1;10310;Argentina;2618-334X;1515-6117;;Literatura
19171;"Boletín geográfico";"Departamento de Geografía; Facultad de Humanidades; Universidad Nacional del Comahue";1;1;7174;Argentina;2313-903X;0326-1735;;Geografía
3066;"Boletín mexicano de derecho comparado";"Universidad Nacional Autónoma de México, Instituto de Investigaciones Jurídicas";1;1;993;México;2448-4873;0041-8633;0041-8633;"Derecho y jurisprudencia"
3068;"Boletín micológico";"Universidad de Valparaíso, Facultad de Medicina. Escuela de Medicina";1;1;995;Chile;0719-3114;0716-114X;0716-114X;"Biología, Botánica, Microbiología"
24035;"Boletín Redipe";"Red Iberoamericana de Pedagogía";1;1;10101;Colombia;2256-1536;2256-1536;;Pedagogía
20639;"Bolivian studies Journal";"University of Pittsburgh, University Library System";1;1;8207;"Iberoamericanistas-América del Norte";2156-5163;1074-2247;1074-2247;"Cultura, Estudios locales, Estudios latinoamericanos"
3143;Bonplandia;"Instituto de Botánica del Nordeste, UNNE-CONICET";1;1;1003;Argentina;1853-8460;0524-0476;0524-0476;Botánica
3145;Bordón;"Sociedad  Española de Pedagogía";1;1;1005;España;2340-6577;0210-5934;0210-5934;"Educación, Pedagogía"
22735;Borealis;"Septentrio Academic Publishing";1;1;9415;Iberoamericanistas-Europa;1893-3211;1893-3211;;Lingüística
3149;"Bosques Latitud Cero";"Universidad Nacional de Loja";1;1;1007;Ecuador;2528-7818;;1390-3683;"Agronomía, Ciencias de la tierra, Medio ambiente"
8;"Botanica complutensis";"Universidad Complutense de Madrid";1;1;6;España;1988-2874;0214-4565;0214-4565;Botánica
3153;"Botanical sciences";"Sociedad Botánica de México A.C.";1;1;1009;México;2007-4476;2007-4298;2007-4298;Botánica
28956;"Brazilian Journal of Biometrics";"Universidade Federal de Lavras (UFLA)";1;1;11550;Brasil;2764-5290;2764-5290;;"Biología, Genética, Estadística, Ciencias de la tierra, Ciencia y Tecnología, Ciencias exactas"
25714;"Brazilian Journal of Environmental Sciences";"Associação Brasileira de Engenharia Sanitária e Ambiental (ABES)";1;1;10637;Brasil;2176-9478;1808-4524;;"Multidisciplinarias, Medio ambiente, Ciencias naturales"
20757;"Brazilian Journal of Forensic Sciences";"Instituto Paulista de Estudos Bioéticos e Jurídicos  IPEBJ";1;1;8279;Brasil;2237-261X;2237-261X;;"Derecho civil"
3190;"Brazilian Journal of Information Science";"Universidade Estadual Paulista Júlio de Mesquita Filho (UNESP)";1;1;1027;Brasil;1981-1640;1981-1640;;"Bibliografías, Bibliotecología, Ciencias de la información, Museología"
25721;"Brazilian Journal of Motor Behavior";"Universidade Federal do Rio Grande do Sul (UFRGS)";1;1;10640;Brasil;2446-4902;1980-5586;;"Multidisciplinarias, Terapéutica y rehabilitación"
28012;"Brazilian Journal of Oncology";"GN1 Sistemas e Publicações";1;1;11451;Brasil;2526-8732;2526-8732;;"Cirugía, Genética, Medicina, Oncología, Salud pública, Terapéutica y rehabilitación"
26966;"Brazilian Journal of Transplantation";"Associação Brasileira de Transplante de Órgãos (ABTO)";1;1;11494;Brasil;2764-1589;2764-1589;;"Cardiología, Cirugía, Gastroenterología, Medicina, Nefrología"
24603;"Brazilian Journal of Veterinary Medicine";"Sociedade de Medicina Veterinária do Estado do Rio de Janeiro";1;1;10256;Brasil;2527-2179;0100-2430;0100-2430;Veterinaria
3207;"Brazilian Political Science Review";"Associação Brasileira de Ciência Política (ABCP)";1;1;1038;Brasil;1981-3821;1981-3821;;"Ciencia política y administración pública, Relaciones internacionales"
3213;Brésil(s);"Éditions de la Maison des Sciences de l Homme";1;1;1040;Iberoamericanistas-Europa;2425-231X;2257-0543;2257-0543;"Estudios latinoamericanos"
25043;"Bridging cultures";"Universidad Católica Argentina";1;1;10406;Argentina;2525-1791;2525-1791;;"Lingüística, Literatura, Humanidades, Filología"
21002;Brumal;"Universidad Autónoma de Barcelona";1;1;8418;España;2014-7910;2014-7910;;"Literatura, Filología"
3232;"BSAA arte";"Ediciones Universidad de Valladolid";1;1;1046;España;2530-6359;1888-9751;1888-9751;"Arte, Cine, Historia del arte"
3233;"Buen gobierno";"Fundación Mexicana de Estudios Políticos y Administrativos A. C.";1;1;1047;México;2683-1643;1870-4271;1870-4271;"Administración, Ciencia política y administración pública"
24372;"Building & Management";"Servicio Biblioteca Universitaria. Universidad Politécnica de Madrid.";1;1;10204;España;2530-8157;2530-8157;;"Arquitectura, Ingeniería civil, Tecnología, Urbanismo, Energía, Ingeniería de materiales, Ciencia y Tecnología"
3238;"Bulletin de l'Institut Français d'Etudes Andines";"Institut Français d'Etudes Andines";1;1;1049;Perú;2076-5827;0303-7495;0303-7495;"Arqueología, Historia, Estudios latinoamericanos"
22736;"Bulletin of Hispanic studies";"Liverpool University press";1;1;9416;Iberoamericanistas-Europa;1478-3398;1475-3839;1475-3839;"Lingüística, Literatura, Filología"
22738;"Bulletin of Spanish studies";"Taylor & Francis - Routledge";1;1;9418;Iberoamericanistas-Europa;1478-3428;1475-3820;1475-3820;"Cultura, Literatura"
22352;"Business research quarterly";"Sage Publications";1;1;9221;España;2340-9444;2340-9436;;"Economía de la empresa"
19176;"Butlletí de la Societat Catalana d'Estudis Històrics";"Institut d’Estudis Catalans";1;1;7177;España;2013-3995;0213-6791;;Historia
3264;"Byzantion nea hellás";"Universidad de Chile, Facultad de Filosofía y Humanidades, Centro de Estudios Bizantinos y Neohelénicos Fotios Malleros";1;1;1057;Chile;0718-8471;0716-2138;0716-2138;"Arte, Filosofía, Historia, Literatura"
4212;"C.I.R.I.E.C. España";CIRIEC-España;1;1;1343;España;1989-6816;0213-8093;0213-8093;Economía
27934;"C&T Riqchary";"Universidad Nacional Micaela Bastidas de Apurímac";1;1;11518;Perú;2810-8124;2810-8124;;"Agronomía, Ingeniería, Ingeniería de comunicaciones, electrónica y control, Tecnología, Ciencias exactas"
29752;C3-bioeconomy;"UCOPRESS. Universidad de Córdoba";1;1;11998;España;2660-9126;2660-9126;;"Agronomía, Economía, Ganadería, Tecnología de alimentos, Edafología, Zootecnia"
20324;Cabás;"Universidad del País Vasco";1;1;7992;España;1989-5909;1989-5909;;Educación
27439;"Caderno de Ciências Agrárias";"Universidade Federal de Minas Gerais (UFMG)";1;1;11169;Brasil;2447-6218;1984-6738;;"Agronomía, Silvicultura, Veterinaria, Zootecnia"
2279;"Caderno de Educação Física e Esporte";"Universidade Estadual do Oeste do Paraná (UNIOESTE)";1;1;840;Brasil;2318-5090;2318-5090;2318-5104;"Antropología, Deportes, Educación, Medicina, Psicología, Salud pública"
25246;"Cadernos Brasileiros de Terapia Ocupacional";"Universidade Federal de São Carlos (UFSCar), Departamento de Terapia Ocupacional";1;1;10460;Brasil;2526-8910;2526-8910;;"Medicina, Terapéutica y rehabilitación"
28951;"Cadernos CEPEC";"Universidade Federal do Pará (UFPA)";1;1;11549;Brasil;2966-1110;2238-118X;;Economía
21399;"Cadernos de dereito actual";"Xuristas en Acción";1;1;8573;España;2386-5229;2340-860X;2340-860X;"Ciencia política y administración pública, Derecho y jurisprudencia, Criminología"
3422;"Cadernos de Filosofia Alemã";"Universidade de São Paulo (USP)";1;1;1080;Brasil;2318-9800;1413-7860;1413-7860;Filosofía
26199;"Cadernos de Linguística";"Associação Brasileira de Linguística (Abralin)";1;1;10796;Brasil;2675-4916;2675-4916;;"Cultura, Lingüística, Literatura, Filología"
23833;"Cadernos de literatura comparada";"Instituto de Literatura Comparada Margarida Losa";1;1;10017;Portugal;2183-2242;1645-1112;1645-1112;Literatura
3463;"Cadernos de Pesquisa";"Fundação Carlos Chagas (FCC)";1;1;1089;Brasil;1980-5314;0100-1574;0100-1574;Educación
3477;"Cadernos de Pós Graduação em Arquitetura e Urbanismo";"Universidade Presbiteriana Mackenzie (UPM)";1;1;1093;Brasil;1809-4120;1676-6679;;"Arquitectura, Diseño, Urbanismo"
3494;"Cadernos de Psicologia Social do Trabalho";"Universidade de São Paulo (USP)";1;1;1096;Brasil;1981-0490;1516-3717;1516-3717;Psicología
26499;"Cadernos de Saúde";"Universidade Católica Editora";1;1;11650;Portugal;2795-4358;1647-0559;1647-0559;Multidisciplinarias
20196;"Cadernos de Tradução";"Universidade Federal de Santa Catarina (UFSC)";1;1;7887;Brasil;2175-7968;1414-526X;;"Lingüística, Literatura"
21020;"Cadernos do arquivo municipal";"Câmara Municipal de Lisboa - Direção Municipal da Cultura - Departamento de Património Cultural - Divisão de Arquivo Municipal";1;1;8431;Portugal;2183-3176;0873-9870;0873-9870;"Antropología, Historia, Sociología"
27276;"Cadernos do FNDE";"Fundo Nacional de Desenvolvimento da Educação (FNDE)";1;1;11042;Brasil;2675-1925;2675-1925;;Educación
3540;"Cadernos EBAPE.BR";"Fundação Getulio Vargas (FGV)";1;1;1104;Brasil;1679-3951;1679-3951;;Administración
17041;"Cadernos Ibero-Americanos de Direito Sanitário";"Fundação Oswaldo Cruz (Fiocruz)";1;1;6398;Brasil;2358-1824;2317-8396;2317-8396;"Derecho y jurisprudencia, Salud pública"
24752;CAFI;"Pontifícia Universidade Católica de São Paulo (PUC-SP)";1;1;10301;Brasil;2595-1750;2595-1750;;Contabilidad
24106;"Cahiers d’Études des Cultures Ibériques et Latino-américaines";"Université Paul-Valéry Montpellier 3";1;1;10126;Iberoamericanistas-Europa;2428-7245;2428-7425;;"Arte, Cultura, Historia del arte, Literatura, Pintura, Humanidades, Teatro"
22755;"Cahiers de civilisation espagnole contemporaine";"Laboratoire 3LAM";1;1;9431;Iberoamericanistas-Europa;1957-7761;1957-7761;;Historia
3575;"Cahiers des amériques latines";"Institut des Hautes Etudes de l'Amérique Latine, (IHEAL), Université Sorbonne Nouvelle-Paris 3";1;1;1116;Iberoamericanistas-Europa;2268-4247;1141-7161;1141-7161;"Estudios latinoamericanos"
21023;Caiana;"Centro Argentino de Investigadores de Arte";1;1;8434;Argentina;2313-9242;2313-9242;;"Historia del arte"
21909;"Cálamo: Revista de Estudios Jurídicos";"Universidad de Las Américas";1;1;8925;Ecuador;2737-6133;;1390-8863;"Derecho y jurisprudencia, Derecho internacional, Derecho público, Desarrollo económico"
24776;Calamus;SAEMED;1;1;10314;Argentina;2545-627X;2545-627X;;"Ciencias sociales y humanidades, Ciencias y Técnicas historiográficas, Epigrafía, Numismática"
28515;Caleidoscopi;"Universidad Autónoma del Estado de Hidalgo";1;1;11587;México;2992-7846;2992-7846;;"Economía internacional"
3586;"Caleidoscopio ";"Universidad Autónoma de Aguascalientes";1;1;1121;México;2395-9576;1405-7107;1405-7107;"Ciencias sociales y humanidades"
3591;"Calidad de vida y salud";"Universidad de Flores";1;1;11968;Argentina;1850-6216;1850-6216;1850-6216;"Salud pública"
24425;Calidoscópio;"Universidade do Vale do Rio dos Sinos (Unisinos)";1;1;10215;Brasil;2177-6202;2177-6202;;Lingüística
3597;"Calle 14";"Universidad Distrital Francisco José de Caldas";1;1;1127;Colombia;2145-0706;2011-3757;2011-3757;Arte
23976;"Cambios y Permanencias";"Universidad Industrial de Santander";1;1;11522;Colombia;2027-5528;2027-5528;;Multidisciplinarias
25571;"Caminhos da Educação";"Universidade Federal do Piauí (UFPI)";1;1;11021;Brasil;2675-1496;2675-1496;;"Arte, Cultura, Historia, Historia del arte, Música"
3608;"Caminhos de Geografia";"Universidade Federal de Uberlândia (UFU)";1;1;1133;Brasil;1678-6343;1678-6343;;Geografía
28960;"Caminos de Investigación";"INSTITUTO SUPERIOR TECNOLÓGICO PICHINCHA";1;1;11528;Ecuador;2697-3561;;;"Deportes, Educación, Finanzas"
25927;"Campo Universitario.";"Instituto de Investigación en Educación Superior  (IIES/ADUBA/UBA)";1;1;10726;Argentina;2718-6121;2718-6121;;"Educación superior"
3620;"Campus ";"Universidad de San Martín de Porres, Facultad de Ingeniería y Arquitectura, Instituto de Investigación";1;1;1140;Perú;2523-1820;1812-6049;1812-6049;"Arquitectura, Ingeniería, Tecnología"
22919;"Canada and Beyond";"Universidad de Salamanca, Dep. Filología Inglesa";1;1;9534;España;2254-1179;2254-1179;;"Cultura, Literatura, Humanidades"
24140;"Canadian journal of Latin American and Caribbean studies.";"Taylor & Francis";1;1;10141;"Iberoamericanistas-América del Norte";2333-1461;0826-3663;;"Historia, Estudios latinoamericanos"
3625;"Canal abierto";"Sociedad de Endodoncia de Chile";1;1;1142;Chile;2452-5898;0718-2368;0718-2368;Odontología
26102;"Canoa do Tempo";"Universidade Federal do Amazonas (UFAM)";1;1;10775;Brasil;2594-8148;1982-0755;;"Antropología, Arqueología, Ciencia política y administración pública, Ciencias sociales y humanidades, Cultura, Educación, Etica, Filosofía, Historia, Literatura, Religión, Sociología, Humanidades, Educación primaria, Estudios sociales de la salud"
26985;"CAP Jurídica Central";"Colegio de Abogados de Pichincha y Facultad de Jurisprudencia, Ciencias Políticas y Sociales de la Universidad Central del Ecuador";1;1;10971;Ecuador;2600-6014;;;"Derecho y jurisprudencia"
3646;"Capic review";"Conferencia Académica Permanente de Investigación Contable";1;1;1149;Chile;0718-4662;0718-4654;0718-4654;Contabilidad
3653;Caplletra;"Institut Interuniversitari de Filologia Valenciana (IIFV)";1;1;1150;España;2386-7159;0214-8188;0214-8188;Filología
20340;Caracol;"Universidade de São Paulo (USP)";1;1;8004;Brasil;2317-9651;2178-1702;;"Lingüística, Literatura"
24779;Carácter;"Universidad del Pacífico";1;1;10315;Ecuador;2602-8476;1390-7662;;Multidisciplinarias
3670;"Caravelle (1988)";"Presses universitaires du Mirail (PUM)";1;1;1151;Iberoamericanistas-Europa;2272-9828;1147-6753;1147-6753;"Estudios latinoamericanos"
22097;Cardinalis;"Universidad Nacional de Córdoba; Facultad de Filosofía y Humanidades; Departamento de Geografía";1;1;9046;Argentina;2346-8734;2346-8734;;Geografía
23627;Carl-Schmitt-Studien;Carl-Schmitt-Studien;1;1;9924;Iberoamericanistas-Europa;2566-8072;2566-8072;;"Derecho y jurisprudencia"
3852;"Carta económica regional";"Universidad de Guadalajara, Departamento de Estudios Regionales-Ineser, Centro Universitario de Ciencias Económico-Administrativas";1;1;1194;México;2683-2852;0187-7674;0187-7674;"Economía, Estudios regionales"
23344;"Carta Internacional";"Associação Brasileira de Relações Internacionais (ABRI)";1;1;9762;Brasil;2526-9038;2526-9038;;"Relaciones internacionales"
23027;Cartaphilus;"Universidad de Murcia";1;1;9603;España;1887-5238;1887-5238;;"Lingüística, Literatura, Humanidades, Teatro, Filología"
3747;Carthaginensia;"Instituto Teológico de Murcia";1;1;1163;España;2605-3012;0213-4381;0213-4381;"Filosofía, Multidisciplinarias, Religión, Humanidades"
23404;"Cartografías del sur";"Universidad Nacional de Avellaneda, Secretaria de Investigación e Innovación Socioproductiva";1;1;9797;Argentina;2422-6920;2422-6920;2422-7951;Multidisciplinarias
3760;Castalia;"Universidad Academia de Humanismo Cristiano";1;1;1166;Chile;0719-8051;0717-4985;0717-4985;Psicología
3765;"Castilla, Estudios de literatura";"Universidad de Valladolid";1;1;1167;España;1989-7383;;;Literatura
28103;"Casus Belli";"Universidad Nacional de la Defensa";1;1;11299;Argentina;2718-7608;2718-7608;;"Historia, Multidisciplinarias, Relaciones internacionales, Defensa y seguridad"
3769;"Catalan Journal of Linguistics";"Universitat Autònoma de Barcelona, Grup de Gramàtica Teòrica; Institut Interuniversitari de Filología Valenciana";1;1;1169;España;2014-9719;1695-6885;1695-6885;Lingüística
24143;Catalejos;"Facultad de Humanidades, Universidad Nacional de Mar del Plata";1;1;10143;Argentina;2525-0493;2525-0493;;"Cultura, Literatura"
27020;Catalonia;"Sorbonne Université";1;1;11426;Iberoamericanistas-Europa;1760-6659;1760-6659;;"Arte, Cultura, Historia, Lingüística, Literatura, Humanidades"
25106;Cátedra;"Universidad de Panamá, Centro de Investigación de la Facultad de Humanidades";1;1;10428;Panamá;2415-2358;2523-0115;;"Antropología, Bibliotecología, Ciencias sociales y humanidades, Demografía, Educación, Historia, Museología, Religión, Sociología, Turismo, Estudios latinoamericanos, Trabajo social, Estudios de género, Estudios regionales"
25148;"Cátedra paralela";"UNR EDITORA y EUDEM";1;1;10440;Argentina;2683-9393;1669-8843;;"Trabajo social, Enfermería"
20459;"Catedra Villarreal";"Universidad Nacional Federico Villarreal. Vicerrectorado de Investigación";1;1;8080;Perú;2311-2212;2310-4767;2310-4767;Multidisciplinarias
28205;"Cátedra Villarreal Posgrado";"Universidad Nacional Federico Villarreal. Escuela de Posgrado, Universidad Nacional Federico Villarreal";1;1;12018;Perú;2955-8174;2955-8174;2955-8476;Multidisciplinarias
22453;"Catedral tomada";"University of Pittsburgh, University Library System";1;1;9284;"Iberoamericanistas-América del Norte";2169-0847;2169-0847;;"Cine, Cultura, Literatura, Estudios latinoamericanos, Teatro"
23813;Cauriensia;"Editorial Sindéresis";1;1;10007;España;2340-4256;1886-4945;1886-4945;"Etica, Filosofía, Historia, Historia del arte, Psicología, Religión, Humanidades, Filología"
21350;CEDAMAZ;"Universidad Nacional de Loja";1;1;8538;Ecuador;1390-5902;;1390-5880;"Botánica, Ecología, Multidisciplinarias, Zoología, Ciencias de la tierra"
3810;"Çédille. Revista de estudios franceses";"Asociación de Francesistas de la Universidad Española";1;1;1179;España;1699-4949;;;"Lingüística, Literatura, Filología"
3812;"CEFLEGAL, Comentarios, casos prácticos";"Centro de Estudios Financieros";1;1;1181;España;2697-2239;2697-1631;2531-2146;"Derecho y jurisprudencia"
3814;CEIBA;"Escuela Agrícola Panamericana, Zamorano";1;1;1182;Honduras;2225-6687;0008-8692;0008-8692;"Agronomía, Botánica, Zootecnia"
3816;CELEHIS;"Universidad Nacional de Mar del Plata; Facultad de Humanidades; Departamento de Letras; Centro de Letras Hispanoamericanas";1;1;1184;Argentina;2313-9463;0328-5766;0328-5766;Literatura
27622;Celestinesca;"Universidad de Valencia";1;1;11120;España;2695-7183;0147-3085;0147-3085;"Lingüística, Literatura, Filología"
23834;CEM;"Faculdade de Letras - Universidade do Porto";1;1;10018;Portugal;2182-9748;2182-1097;;"Historia, Multidisciplinarias, Humanidades"
24972;"Centro Sur";"Grupo Compás";1;1;10389;Ecuador;2600-5743;2600-5743;;"Ciencias de la información, Ciencias sociales y humanidades, Educación, Multidisciplinarias, Tecnología"
25787;Centros;"Universidad de Panamá";1;1;10660;Panamá;2953-3007;2953-3007;;"Multidisciplinarias, Ciencia"
25784;Centrosur;"Instituto Tecnológico Superior Corporativo Edwards Deming";1;1;10657;Ecuador;2706-6800;;;"Agronomía, Ganadería, Veterinaria, Ciencia, Medio ambiente"
23632;"Chakiñan. Revista de Ciencias Sociales y Humanidades";"Universidad Nacional de Chimborazo";1;1;9927;Ecuador;2550-6722;;;"Ciencias sociales y humanidades, Historia, Educación superior"
24025;"Chihuahua hoy";"Universidad Autónoma de Ciudad Juárez";1;1;10098;México;2448-7759;2448-8259;2448-8259;"Ciencias sociales y humanidades"
20702;"Chilean journal of agricultural & animal sciences";"Facultad de Agronomía, Ingeniería Agrícola y Ciencias Veterinarias del Campus Chillán";1;1;8250;Chile;0719-3890;0719-3882;0719-3882;"Agronomía, Ganadería"
3900;"Chilean journal of agricultural research";"Instituto de Investigaciones Agropecuarias";1;1;1208;Chile;0718-5839;0718-5820;0718-5820;Agronomía
28321;"Chone Ciencia y Tecnología";"Editorial ""Campus Chone""";1;1;11763;Ecuador;2960-8228;2960-8228;;"Antropología, Computación, Educación, Geografía, Salud pública"
29918;Chornancap;"Colegio de Abogados de Lambayeque";1;1;11857;Perú;2961-2926;2961-2926;;"Derecho y jurisprudencia"
3906;"Chronica nova";"Universidad de Granada, Facultad de Filosofía y Letras, Departamento de Historia Moderna y de América";1;1;1210;España;2445-1908;0210-9611;0210-9611;Historia
3907;Chungará;"Universidad de Tarapacá. Facultad de Ciencias Sociales y Jurídicas. Departamento de Antropología";1;1;1211;Chile;0717-7356;0716-1182;0716-1182;"Antropología, Arqueología, Etnología"
29773;"Cibum scientia";"Universidad Mayor de San Andrés";1;1;12037;Bolivia;2791-1217;2791-1217;;"Agronomía, Silvicultura, Tecnología de alimentos, Zootecnia, Ciencia y Tecnología, Medio ambiente"
19195;"CIC. Cuadernos de información y comunicación";"Servicio de publicaciones. Universidad Complutense";1;1;7190;España;1988-4001;1135-7991;;"Ciencias de la comunicación"
3919;"Ciclos en la historia, la economía y la sociedad";"Fundación de Investigaciones Históricas, Económicas y Sociales";1;1;1218;Argentina;1851-3735;0327-4063;0327-4063;"Ciencias sociales y humanidades, Economía, Historia"
3925;"Cidades, comunidades e território";"ISCTE - IUL. DINÂMIA-CET";1;1;1219;Portugal;2182-3030;1645-0639;1645-0639;"Ciencia política y administración pública, Ciencias de la comunicación, Ciencias sociales y humanidades, Multidisciplinarias, Planificación urbana"
25465;Ciencia;"Universidad de las Fuerzas Armadas";1;1;10565;Ecuador;2697-343X;;;"Agronomía, Tecnología, Ingeniería de materiales, Medio ambiente"
20367;"Ciencia & Desarrollo";"Universidad Nacional Jorge Basadre Grohmann";1;1;8020;Perú;2617-6033;2304-8891;2304-8891;"Biotecnología, Ingeniería, Multidisciplinarias"
25358;"Ciencia & Salud";"Universidad de Ciencias Médicas (UCIMED)";1;1;10536;"Costa Rica";2215-4949;2215-4949;;"Endocrinología y nutriología, Farmacia, Medicina, Microbiología, Terapéutica y rehabilitación"
29422;"CIENCIA & TURISMO.";"Editorial Ciencia Digital";1;1;11655;Ecuador;3028-8665;;;"Multidisciplinarias, Turismo"
27121;"Ciencia Agropecuaria";"Instituto de Innovación Agropecuaria de Panamá (IDIAP)";1;1;10993;Panamá;2414-3278;2414-3278;;"Agronomía, Ganadería, Pesca, Silvicultura, Veterinaria, Zootecnia"
23501;"Ciencia Digital";"Ciencia Digital";1;1;9850;Ecuador;2602-8085;2602-8085;;Multidisciplinarias
27303;"Ciencia e ingeniería";"Universidad de la Guajira";1;1;11988;Colombia;2389-9484;2389-9484;;Multidisciplinarias
3986;"Ciencia e Interculturalidad";"Universidad de la Regiones Autónoma de la Costa Caribe Nicaraguense (URACCAN) .Dirección de Investigación y Postgrado";1;1;1248;Nicaragua;2223-6260;1997-9231;1997-9231;"Ciencias sociales y humanidades, Demografía, Economía, Educación, Estudios locales, Estudios de género"
3988;"Ciencia e investigación";"Universidad Nacional Mayor de San Marcos, Facultad de Farmacia y Bioquímica";1;1;1249;Perú;1609-9044;1561-0861;1561-0861;"Bioquímica, Farmacia"
3989;"Ciencia e investigación agraria";"Pontificia Universidad Católica de Chile, Facultad de Agronomía e Ingeniería Forestal";1;1;1250;Chile;0718-3267;0304-5609;0304-5609;Agronomía
4008;"Ciencia ergo sum";"Universidad Autónoma del Estado de México, Programa Editorial Universitario";1;1;1258;México;2395-8782;1405-0269;1405-0269;Multidisciplinarias
13608;"Ciencia médica";"Universidad Mayor de San Simón, Facultad de Medicina ""Dr. Aurelio Melean"", Sociedad Científica de Estudiantes de Medicina";1;1;4830;Bolivia;2220-2234;1817-7433;1817-7433;"Infectología, Medicina, Salud pública"
25670;"Ciencia nor@ndina";"Universidad Nacional Autónoma de Chota";1;1;10622;Perú;2663-6360;2663-6360;;Multidisciplinarias
4039;"Ciencia UNEMI";"Universidad Estatal de Milagro";1;1;1272;Ecuador;2528-7737;1390-4272;1390-4272;Multidisciplinarias
19198;"Ciencia veterinaria";"Secretaría de Ciencia, Técnica y Posgrado. Facultad de Ciencias Veterinarias, Universidad Nacional de La Pampa";1;1;7191;Argentina;1853-8495;1515-1883;;Veterinaria
25118;"Ciencia y Actividad Física";"Universidad Central ""Marta Abreu"", Facultad de Cultura Física";1;1;10431;Cuba;2412-3226;2412-3226;;"Deportes, Educación superior"
23521;"Ciencia y Deporte";"Universidad de Camagüey ""Ignacio Agramonte  Loynaz"", Facultada de Cultura Física";1;1;9860;Cuba;2223-1773;2223-1773;;Deportes
4047;"Ciencia y Desarrollo";"Universidad Alas Peruanas";1;1;1276;Perú;2409-2045;1994-7224;1994-7224;Multidisciplinarias
28895;"Ciencia y Educación";Ecuatesis;1;1;11515;Ecuador;2790-8402;2790-8402;;"Multidisciplinarias, Tecnología"
25886;"Ciencia y educación";"Instituto Tecnológico de Santo Domingo (INTEC)";1;1;10710;"República Dominicana";2613-8808;;2613-8794;"Educación, Multidisciplinarias, Tecnología educativa, Educación media o secundaria, Educación superior"
29907;"Ciencia y psique";"Universidad Ricardo Palma. Instituto de Investigación en Salud Mental";1;1;11836;Perú;2961-2004;2961-2004;;Psiquiatría
24715;"Ciencia y Salud";"Instituto Tecnológico de Santo Domingo (INTEC)";1;1;10288;"República Dominicana";2613-8824;;2613-8816;"Epidemiología, Infectología, Multidisciplinarias, Salud pública"
4054;"Ciencia y sociedad";"Instituto Tecnológico de Santo Domingo (INTEC). Unidad de Publicaciones";1;1;1281;"República Dominicana";2613-8751;;0378-7680;"Ciencias sociales y humanidades"
4076;"Ciencia y Tecnología";"Universidad Nacional de Trujillo, Escuela de Posgrado";1;1;1289;Perú;2306-2002;1810-6781;1810-6781;Multidisciplinarias
4071;"Ciencia y Tecnología";"Universidad Técnica Estatal de Quevedo";1;1;1284;Ecuador;1390-4043;1390-4043;;"Agronomía, Ecología, Ganadería, Recursos naturales no renovables, Ciencia y Tecnología"
13726;"Ciencia y Tecnología Agropecuaria";"Corporación Colombiana de Investigación Agropecuaria";1;1;4896;Colombia;2500-5308;0122-8706;0122-8706;Agronomía
28814;"Ciencia y Tecnología Agropecuaria";"Universidad de Pamplona";1;1;11548;Colombia;1900-0863;1900-0863;;"Agronomía, Ganadería, Pesca, Silvicultura, Veterinaria, Zootecnia"
4084;"Ciencia yTecnología";"Universidad Nacional del Callao, Vicerrectorado de Investigación";1;1;1296;Perú;2709-3913;2070-089X;2070-089X;Multidisciplinarias
3974;"Ciencia, docencia y tecnología";"Universidad Nacional de Entre Ríos";1;1;1240;Argentina;1851-1716;0327-5566;0327-5566;"Multidisciplinarias, Sociología"
24759;"Ciencia, Economía y Negocios";"Instituto Tecnológico de Santo Domingo (INTEC)";1;1;10302;"República Dominicana";2613-8778;2613-876X;2613-876X;"Administración, Ciencia política y administración pública, Economía, Economía de la empresa, Economía internacional, Finanzas"
29064;"Ciencia, Humanidad y Cultura";"Editorial Unasa";1;1;11573;"El Salvador";2790-6167;2790-6167;;Multidisciplinarias
24762;"Ciencia, Ingenierías y Aplicaciones";"Instituto Tecnológico de Santo Domingo (INTEC). Unidad de publicaciones";1;1;10304;"República Dominicana";2636-2171;;2636-218X;"Ingeniería, Ingeniería civil"
24120;"Ciencia, tecnología y política";"Universidad Nacional de La Plata (UNLP)";1;1;10129;Argentina;2618-3188;2618-2483;;"Tecnología, Planeamiento científico y tecnológico, Estudios latinoamericanos, Ciencia y Tecnología"
21604;"Ciencia, tecnología y salud";"Universidad de San Carlos de Guatemala, Dirección General de Investigación, Unidad de Publicaciones";1;1;8700;Guatemala;2410-6356;2409-3459;2409-3459;"Multidisciplinarias, Ciencia y Tecnología"
23784;Cienciamatria;"Universidad Nacional Experimental Francisco de Miranda, Fondo Editorial de la UNEFM";1;1;9991;Venezuela;2610-802X;2542-3029;;"Educación, Filosofía, Literatura, Humanidades, Ciencia y Tecnología"
22016;"CienciAmérica: Revista de divulgación científica de la Universidad Tecnológica Indoamérica";"Universidad Tecnológica Indoamérica, UTI";1;1;8998;Ecuador;1390-9592;1390-9592;;"Administración, Multidisciplinarias, Psicología, Salud pública"
4096;"Ciencias administrativas";"Universidad Nacional de La Plata. Facultad de Ciencias Económicas.";1;1;1301;Argentina;2314-3738;0009-6784;0009-6784;Administración
20566;"Ciencias administrativas. Teoría y praxis";"Academia de Ciencias Administrativas, A.C.";1;1;8153;México;2683-1465;2683-1457;2683-1457;Administración
4107;"Ciencias de la actividad física";"Universidad Católica del Maule. Escuela de Educación Física";1;1;1302;Chile;0719-4013;0717-408X;0717-408X;"Ciencias sociales y humanidades, Educación"
14094;"Ciencias del Mar y Limnología";"Instituto Nacional de Pesca";1;1;5041;Ecuador;2661-6637;2661-6637;0255-4712;Oceanografía
4118;"Ciencias económicas";"Ediciones UNL";1;1;1308;Argentina;2362-552X;1666-8359;1666-8359;"Administración, Contabilidad, Economía, Educación"
9;"Ciencias espaciales";"Universidad Nacional Autónoma de Honduras. Facultad de Ciencias Espaciales";1;1;11531;Honduras;2521-5868;2521-5868;2225-5249;"Astronomía, Geofísica, Ciencia y Tecnología"
4125;"Ciencias Holguín";"Centro de Información y Gestión Técnológica Holguín";1;1;1311;Cuba;1027-2127;1027-2127;;"Ciencia, Ciencia y Tecnología"
4129;"Ciencias marinas";"Universidad Autónoma de Baja California, Instituto de Investigaciones Oceanológicas";1;1;1315;México;2395-9053;0185-3880;0185-3880;"Biología, Oceanografía"
4141;"Ciencias psicológicas";"Universidad Católica del Uruguay. Facultad de Psicología";1;1;1318;Uruguay;1688-4221;1688-4094;;Psicología
21605;"Ciencias sociales y humanidades";"Universidad de San Carlos de Guatemala, Dirección General de Investigación";1;1;8701;Guatemala;2410-6291;2409-3475;2409-3475;"Antropología, Ciencias sociales y humanidades, Educación, Historia, Psicología, Sociología"
4148;"Ciencias Sociales y Religión";"Universidade Estadual de Campinas (Unicamp)";1;1;1322;Brasil;1982-2650;1518-4463;1518-4463;"Ciencias sociales y humanidades, Religión"
19200;"Ciencias veterinarias.";"Universidad Nacional, Facultad de Ciencias de la Salud, Escuela de Medicina Veterinaria";1;1;7193;"Costa Rica";2215-4507;2215-4507;0250-5649;Veterinaria
29711;"Ciencias y Saberes (Saquisilí).";"Rimana Editorial";1;1;11770;Ecuador;2960-8430;;;"Administración, Ciencias sociales y humanidades, Educación"
13597;"CienciaUAT(En línea)";"Universidad Autónoma de Tamaulipas";1;1;4826;México;2007-7858;2007-7521;2007-7521;Multidisciplinarias
4155;Ciències;"Universidad Autònoma de Barcelona (UAB)";1;1;11014;España;1699-6712;;;Educación
4161;Científica;"Instituto Politécnico Nacional, Escuela Superior de Ingeniería Mecánica y Eléctrica, Unidad Zacatenco";1;1;1326;México;2594-2921;1665-0654;1665-0654;"Ingeniería eléctrica, Ingeniería mecánica"
21620;Cimexus;"Universidad Michoacana de San Nicolás de Hidalgo, Instituto de Investigaciones Económicas y Empresariales (ININEE)";1;1;8714;México;2007-9206;1870-6479;1870-6479;"Ciencia política y administración pública, Relaciones internacionales"
4186;"Cinta de moebio";"Universidad de Chile, Facultad de Ciencias Sociales";1;1;1336;Chile;0717-554X;0717-554X;;Filosofía
4190;"Circe de clásicos y modernos";"Instituto de Estudios Clásicos; Facultad de Ciencias Humanas; Universidad Nacional de La Pampa";1;1;1337;Argentina;1851-1724;1514-3333;1514-3333;"Arte, Literatura, Humanidades"
4213;"CIRIEC España. Revista jurídica de economía social y cooperativa";"Centro de Investigación e Información sobre Economía Pública Social y Cooperativa";1;1;1344;España;1989-7332;1577-4430;1577-4430;"Derecho y jurisprudencia"
4216;"Cirugía andaluza";"Sulime Diseño de Soluciones, S.L.U.";1;1;1345;España;2695-3811;1130-3212;1130-3212;"Cirugía, Medicina"
23580;"Cirugía del Uruguay";"Sociedad de Cirugía del Uruguay";1;1;9898;Uruguay;1688-1281;0009-7381;;Cirugía
28842;"CISTEI Revista Internacional de Salud y Tecnología";"EDP University of Puerto Rico, Inc.";1;1;11510;"Puerto Rico";2997-7061;2997-7061;;"Medicina, Salud pública, Tecnología, Tecnología educativa"
4234;"Citius, altius, fortius";"Centro de Estudios Olímpicos de la Universidad Autónoma de Madrid";1;1;1356;España;2340-9886;1888-6744;1888-6744;Deportes
4244;"Ciudad y territorio, estudios territoriales";"Centro de Publicaciones del Ministerio de Transportes, Movilidad y Agenda Urbana";1;1;1361;España;2659-3254;1133-4762;1133-4762;"Urbanismo, Planificación urbana"
27116;Ciudadanías.;Eduntref;1;1;10991;Argentina;2545-7977;2545-7969;;"Arte, Ciencias sociales y humanidades, Demografía, Multidisciplinarias, Sociología"
4248;Ciudades;"Universidad de Valladolid, Secretariado de Publicaciones";1;1;1363;España;2445-3943;1133-6579;1133-6579;Urbanismo
4251;Civilizar;"Universidad Sergio Arboleda";1;1;1364;Colombia;2619-189X;1657-8953;1657-8953;Multidisciplinarias
4256;"Civitas. Revista española de derecho financiero";"Aranzadi La Ley";1;1;11711;España;2695-7493;0210-8453;0210-8453;"Derecho y jurisprudencia, Finanzas"
26448;Clang;"Papel Cosido";1;1;10865;Argentina;2524-9215;;;Música
21622;Claridades;"Universidad de Málaga";1;1;8716;España;1989-3787;1989-3787;;Filosofía
13180;Claroscuro;"Universidad Nacional de Rosario; Facultad de Humanidades y Artes; Centro de Estudios Sobre Diversidad Cultural";1;1;4625;Argentina;2314-0542;1666-1842;;"Ciencias sociales y humanidades, Cultura, Educación, Historia, Sociología"
23310;Classica;"Sociedade Brasileira de Estudos Clássicos (SBEC)";1;1;9741;Brasil;2176-6436;0103-4316;0103-4316;"Antropología, Filosofía, Historia, Lingüística, Literatura, Filología"
22693;Claves;"Universidad de la República, Facultad de Humanidades y Ciencias de la Educación, Instituto de Ciencias Históricas, Departamento de Historia del Uruguay";1;1;9381;Uruguay;2393-6584;2393-6584;;Historia
4272;"CLEI Electronic Journal";"Centro Latinoamericano de Estudios en Informática";1;1;1373;"Organismos Internacionales";0717-5000;0717-5000;;Computación
22898;Clepsidra;"Instituto de Desarrollo Económico y Social. Núcleo de Estudios sobre la Memoria.";1;1;9518;Argentina;2362-2075;2362-2075;;Historia
4274;"Clepsydra. Revista de estudios del género y teoría feminista";"Universidad de La Laguna, Servicio de Publicaciones";1;1;1374;España;2530-8424;1579-7902;1579-7902;"Literatura, Sociología, Estudios de género"
26069;Clina;"Ediciones Universidad de Salamanca";1;1;10768;España;2444-1961;2444-1961;;"Ciencias de la comunicación, Lingüística, Multidisciplinarias"
20501;"Clínica Contemporánea";"Colegio Oficial de la Psicología de Madrid";1;1;8111;España;1989-9912;1989-9912;;Psicología
4294;"Clínica y salud";"Colegio Oficial de Psicólogos de Madrid";1;1;1384;España;2174-0550;1130-5274;1130-5274;Psicología
29346;"Clinical innovations in health research-HJM";"Publicaciones Permanyer";1;1;12023;México;2938-6586;2938-6586;;Medicina
4303;Clío;"Grupo de trabajo Clío";1;1;1388;España;1139-6237;1139-6237;;"Educación, Historia"
22816;Clio;"Universidade Federal de Pernambuco (UFPE)";1;1;9466;Brasil;2525-5649;0102-4736;0102-4736;Historia
4308;"Clio América";"Universidad del Magdalena";1;1;1392;Colombia;2389-7848;1909-941X;1909-941X;"Economía, Sociología"
23955;"Clío y asociados";"Ediciones UNL";1;1;10077;Argentina;2362-3063;0328-820X;;"Educación, Historia"
27543;Cliocanarias;"José Miguel Rodríguez Yanes";1;1;11350;España;2695-4494;2695-4494;;"Arqueología, Demografía, Geografía, Historia, Museología, Prehistoria"
22637;"Clivajes. Revista de Ciencias Sociales";"Universidad Veracruzana, Instituto de Investigaciones Histórico-Sociales";1;1;9341;México;2395-9495;2395-9495;;"Ciencias sociales y humanidades, Historia, Sociología"
24172;Clivatge;"Universitat de Barcelona";1;1;10159;España;2014-6590;2014-6590;;"Ciencia política y administración pública, Ciencias sociales y humanidades, Economía, Historia, Sociología"
4319;"Coaching and Sport Science Review";"International Tennis Federation";1;1;1395;"Organismos Internacionales";2225-4757;1812-2302;;Deportes
27435;"Código Científico Revista de Investigación";"Instituto Superior Tecnológico Los Andes de Santo Domingo";1;1;11076;Ecuador;2806-5697;;;Multidisciplinarias
26869;"Cogitare Enfermagem";"Universidade Federal do Paraná (UFPR), Departamento de Enfermagem";1;1;10948;Brasil;2176-9133;1414-8536;1414-8536;Enfermería
29424;"Cognopolis. Revista de educación y pedagogía.";"Instituto de Investigación Multidisciplinaria Perspectivas Globales (IIMPG)";1;1;11657;Ecuador;3073-1240;;;"Educación, Pedagogía"
4420;"Collectanea Botanica";"Consejo Superior de Investigaciones Científicas, Institut Botànic de Barcelona";1;1;1410;España;1989-1067;0010-0730;0010-0730;Botánica
4423;"Collectanea mathematica";Springer;1;1;1412;España;2038-4815;0010-0757;0010-0757;Matemáticas
23368;"Colloquia: Revista de pensamiento y cultura";"Universidad de los Hemisferios";1;1;9778;Ecuador;1390-8731;;;"Ciencias sociales y humanidades, Cultura, Educación, Filosofía, Historia"
4439;"Colombia forestal";"Universidad Distrital Francisco José de Caldas";1;1;1419;Colombia;2256-201X;0120-0739;0120-0739;Silvicultura
4440;"Colombia Internacional";"Universidad de los Andes";1;1;1420;Colombia;1900-6004;0121-5612;0121-5612;"Relaciones internacionales"
4441;"Colombia médica";"Universidad del Valle, Facultad de Salud";1;1;1421;Colombia;1657-9534;0120-8322;0120-8322;Medicina
4442;"Colombian Applied Linguistics Journal";"Universidad Distrital Francisco José de Caldas";1;1;1422;Colombia;2248-7085;0123-4641;0123-4641;Lingüística
20643;"Colonial Latin American review";"Taylor and Francis";1;1;8209;"Iberoamericanistas-América del Norte";1466-1802;1060-9164;1060-9164;"Historia, Estudios latinoamericanos"
25491;Comechingonia.;"Instituto de Estudios Históricos. IEH";1;1;10577;Argentina;2250-7728;0326-7911;;"Antropología, Arqueología, Ciencias sociales y humanidades, Estudios latinoamericanos"
4458;"Comentario Internacional";"Universidad Andina Simón Bolívar, Sede Ecuador";1;1;1426;Ecuador;2631-2549;1390-1532;1390-1532;"Ciencia política y administración pública, Ciencias sociales y humanidades, Derecho internacional, Economía internacional"
19205;"Comhumanitas: Revista Científica de Comunicación";"Universidad de Los Hemisferios";1;1;7195;Ecuador;1390-776X;;;"Ciencias de la comunicación, Ciencias sociales y humanidades"
23444;"Comillas journal of international relations";"Universidad Pontificia Comillas";1;1;9815;España;2386-5776;2386-5776;;"Ciencia política y administración pública, Relaciones internacionales"
20489;Commons;"Universidad de Cádiz, Grupo de Investigación";1;1;8104;España;2255-3401;2255-3401;;"Ciencias de la comunicación"
26150;Communiars;"Universidad de Sevilla";1;1;11085;España;2603-6681;2603-6681;;"Arte, Cultura, Educación"
21005;"Communication & Society";"Servicio de Publicaciones de la Universidad de Navarra";1;1;8421;España;2386-7876;2386-7876;;"Ciencias de la comunicación"
20287;"Communication Papers";"Universidad de Girona,  Grupo de Investigación Análisis de la Recepción de las Pantallas Audiovisuales (ARPA)";1;1;7962;España;2014-6752;2014-6752;;"Ciencias de la comunicación, Ciencias de la información"
28878;"Comparative Cultural Studies";"Servicio de Publicación Digital Universidad Pablo de Olavide";1;1;11735;España;2531-9884;2531-9884;;"Ciencias sociales y humanidades, Geografía, Historia, Religión, Sociología, Finanzas"
26635;"Compàs d'amalgama";"Publicacions i Edicions de la Universitat de Barcelona";1;1;11028;España;2696-1008;2696-0982;;Multidisciplinarias
4482;"Compendio de ciencias veterinarias";"Universidad Nacional de Asunción, Facultad de Ciencias Veterinarias, Dirección de Investigación Científica y Tecnológica";1;1;1435;Paraguay;2226-1761;2225-5214;2225-5214;"Ganadería, Veterinaria, Zootecnia"
4487;Compendium;"Universidad Centroccidental Lisandro Alvarado";1;1;1436;Venezuela;2477-9725;1317-6099;1317-6099;Economía
22682;"Compendium: Cuadernos de Economía y Administración";"Escuela Superior Politécnica del Litoral, Facultad de Ciencias Sociales y Humanísticas";1;1;9373;Ecuador;1390-9894;;;"Administración, Economía, Educación, Finanzas"
27739;"Compendium: Journal of Comparative Studies";"Centro de Estudos Comparatistas";1;1;11480;Portugal;2975-8025;2975-8025;;"Arte, Artes plásticas, Cultura, Historia del arte, Literatura, Humanidades"
21710;"Complutense journal of English studies";"Universidad Complutense de Madrid";1;1;8779;España;2386-6624;2386-6624;2386-3935;Filología
19207;Complutum;"Servicio de publicaciones. Universidad Complutense de Madrid";1;1;7197;España;1988-2327;;;"Arqueología, Prehistoria"
4497;Comprendre;"Universitat Ramon LLull";1;1;1440;España;2385-5002;1139-9759;1139-9759;Filosofía
25128;"Compromiso Social";"Universidad Nacional Autónoma de Nicaragua. Revista de Extensión Universitaria";1;1;11045;Nicaragua;2707-1138;;;"Derecho público, Educación, Sociología, Tecnología educativa"
4500;"Computación y sistemas";"Instituto Politécnico Nacional, Centro de Investigación en Computación; Universidad Nacional Autónoma de México, Dirección General de Servicios de Cómputo Académico";1;1;1441;México;2007-9737;1405-5546;1405-5546;Computación
19208;"Comunicação & Educação";"Universidade de São Paulo (USP)";1;1;7198;Brasil;2316-9125;0104-6829;1809-1512;"Ciencias de la comunicación"
4512;"Comunicação e Sociedade";"Centro de Estudos de Comunicação e Sociedade";1;1;1447;Portugal;2183-3575;1645-2089;1645-2089;"Ciencias de la comunicación"
4514;"Comunicação, Mídia e Consumo";"Escola Superior de Propaganda e Marketing";1;1;1448;Brasil;1983-7070;1806-4981;1806-4981;"Ciencias de la comunicación"
19210;Comunicació;"Societat Catalana de Comunicació";1;1;7200;España;2014-0444;2014-0444;;"Ciencias de la comunicación"
24050;Comunicación;"Universidad Pontificia Bolivariana";1;1;11115;Colombia;2390-0075;0120-1166;0120-1166;"Ciencias de la comunicación"
13703;Comunicación;"Instituto Tecnológico de Costa Rica";1;1;4883;"Costa Rica";1659-3820;0379-3974;0379-3974;"Arte, Literatura, Humanidades"
4519;Comunicación;"Universidad de Sevilla";1;1;1451;España;1989-600X;1695-6206;1695-6206;"Ciencias de la comunicación"
24940;"Comunicación y género";"Universidad Complutense de Madrid";1;1;10374;España;2605-1982;2605-1982;;"Ciencias de la comunicación, Ciencias de la información, Ciencias sociales y humanidades, Estudios de género"
4527;"Comunicación y hombre";"Universidad Francisco de Vitoria";1;1;1452;España;1885-9542;1885-365X;1885-365X;"Ciencias de la comunicación, Sociología, Humanidades"
4528;"Comunicación y medios";"Universidad de Chile. Instituto de la Comunicación e Imagen. Centro de Estudios de la Comunicación";1;1;1453;Chile;0719-1529;0716-3991;0716-3991;"Ciencias de la comunicación, Multidisciplinarias"
4530;"Comunicación y sociedad";"Universidad de Guadalajara, Departamento de Estudios de la Comunicación Social";1;1;1455;México;2448-9042;0188-252X;0188-252X;"Ciencias de la comunicación, Sociología"
4605;"Comunitania. Revista Internacional de Trabajo Social y Ciencias Sociales";"Universidad Nacional de Educación a Distancia . Dpto. de Trabajo Social";1;1;1467;España;2173-0520;2173-0512;2173-0512;"Trabajo social"
4607;"Con A de animación";"Universitat Politècnica de València";1;1;1469;España;2173-3511;2173-3511;;"Artes plásticas, Cine"
23311;"Con X";"Universidad Nacional de La Plata, Facultad de Periodismo y Comunicación Social";1;1;9742;Argentina;2469-0333;2469-0333;;"Estudios de género"
22970;"Conceptos históricos";"Universidad Nacional de San Martín. Escuela de Humanidades. Centro de Investigaciones en Historia Conceptual";1;1;11948;Argentina;2451-7925;2451-7925;;"Antropología, Derecho y jurisprudencia, Filosofía, Historia, Sociología, Humanidades"
25101;"Conciencia Digital";"Ciencia Digital Editorial";1;1;10426;Ecuador;2600-5859;;;Multidisciplinarias
23398;"ConCiencia EPG";"Universidad Nacional de Educación Enrique Guzman y Valle. Escuela de Posgrado";1;1;9792;Perú;2523-6687;2517-9896;2517-9896;Educación
24503;ConCienciaSocial;"Dirección de la Carrera de Licenciatura en Trabajo Social. Facultad de Ciencias Sociales. Universidad Nacional de Córdoba.";1;1;10233;Argentina;2591-5339;2591-5339;;"Trabajo social"
28845;Concordia;"Universidad Latinoamericana (ULAT)";1;1;12026;Bolivia;3006-9912;3006-9912;;"Administración, Educación, Economía de la empresa"
24606;"Conecta Libertad";"Instituto Tecnológico Superior Libertad";1;1;10257;Ecuador;2661-6904;;;"Salud pública"
27736;Conectividad;"Instituto Superior Tecnológico Rumiñahui";1;1;11159;Ecuador;2806-5875;2806-5875;;"Administración, Ingeniería, Tecnología"
22815;Conexión;"Pontificia Universidad Católica del Perú. Departamento de Comunicaciones de la PUCP";1;1;9465;Perú;2413-5437;2305-7467;2305-7467;"Ciencias de la comunicación"
4639;Conexões;"Instituto Federal de Educação, Ciência e Tecnologia do Ceará (IFCE)";1;1;1477;Brasil;2176-0144;1982-176X;1982-176X;"Multidisciplinarias, Ciencia y Tecnología"
24716;Confabulaciones;"Instituto Interdisciplinario de Literaturas Argentina y Comparadas (IILAC)";1;1;10289;Argentina;2545-8736;2545-8736;;"Arte, Cultura, Folklore, Literatura"
26679;"Conference Proceedings.";"Universidad Técnica de Machala";1;1;10909;Ecuador;2588-056X;;;Multidisciplinarias
4643;Confins;"CREDA, Centre National Recherche Scientifique; Universidade de São Paulo, Departamento de Geografia";1;1;1481;Iberoamericanistas-Europa;1958-9212;1958-9212;;Geografía
20024;"Conflicto social";"Universidad de Buenos Aires; Facultad de Ciencias Sociales; Instituto de Investigaciones Gino Germani; Programa de Investigaciones sobre Conflicto Social";1;1;7770;Argentina;1852-2262;1852-2262;;"Ciencias sociales y humanidades"
25960;"Confluencia de Saberes.";"Universidad Nacional del Comahue";1;1;11174;Argentina;2683-989X;2683-989X;;"Ciencias sociales y humanidades, Educación, Psicología"
4647;"Confluenze. Rivista di Studi Iberoamericani";"Universidad de Bologna, Departamento de Lenguas y Literaturas Extranjeras Modernas del Alma Mater Studiorum, Sección de Iberistica";1;1;1482;Iberoamericanistas-Europa;2036-0967;2036-0967;;"Ciencias sociales y humanidades"
24670;Conhecer;"Universidade Estadual do Ceará (UECE)";1;1;10270;Brasil;2238-0426;2238-0426;;"Ciencia política y administración pública, Ciencias sociales y humanidades, Sociología"
23491;"Conjeturas Sociológicas";"Universidad de El Salvador";1;1;9846;"El Salvador";2313-013X;2313-013X;;"Ciencias sociales y humanidades, Economía, Sociología, Finanzas"
4668;"Conjuntura Austral";"Universidade Federal do Rio Grande do Sul (UFRGS)";1;1;1489;Brasil;2178-8839;2178-8839;;"Relaciones internacionales"
4674;"Connotas. Revista de crítica y teoría literarias";"Universidad de Sonora, Departamento de Letras y Lingüística, Programa de literaturas hispánicas";1;1;1491;México;2448-6019;1870-6630;1870-6630;Literatura
4678;"Conocimiento para el desarrollo";"Universidad San Pedro";1;1;1494;Perú;2664-4665;2225-0794;2225-0794;Multidisciplinarias
28940;"Conocimiento, Investigación y Educación";"Universidad de Pamplona";1;1;11878;Colombia;2539-5289;2539-5289;;"Educación, Literatura, Psicología, Sociología, Trabajo social, Educación superior"
21754;Conrado;"Universo Sur";1;1;8811;Cuba;1990-8644;1990-8644;;"Educación, Pedagogía, Psicología, Educación preescolar, Educación superior"
4685;"Conservar Património";"Associação Profissional de Conservadores-Restauradores de Portugal (ARP)";1;1;1498;Portugal;2182-9942;1646-043X;1646-043X;"Arte, Artes plásticas, Bellas artes, Multidisciplinarias, Museología, Química"
21003;Constelaciones;"Fundación Universitaria San Pablo CEU";1;1;8419;España;2531-1360;2340-177X;2340-177X;Arquitectura
4688;"Constelaciones. Revista de Teoría Crítica";"Sociedad de Estudios de Teoría Crítica";1;1;1499;España;2172-9506;;;Filosofía
28341;"Constructos Criminológicos";"Universidad Autónoma de Nuevo León";1;1;11605;México;2954-5234;2954-5234;;Criminología
23707;"Consumer Behavior Review";"Universidade Federal de Pernambuco (UFPE)";1;1;9953;Brasil;2526-7884;2526-7884;;Administración
4713;"Contabilidad y auditoría";"Sección Investigaciones Contables";1;1;1506;Argentina;1852-446X;1515-2340;;Economía
28060;"Contabilidad y tributación, CEF";"Editorial Centro de Estudios Financieros";1;1;11255;España;2792-8306;2695-6896;2695-6896;"Contabilidad, Economía, Finanzas, Hacienda pública"
25835;"Contabilidade, Gestão e Governança";"Universidade de Brasília (UnB)";1;1;10680;Brasil;1984-3925;;;"Administración, Contabilidad"
4729;"Contaduría y administración";"Universidad Nacional Autónoma de México, Facultad de Contaduría y Administración";1;1;1513;México;2448-8410;0186-1042;0186-1042;"Administración, Contabilidad, Finanzas"
26655;Contemporánea;"Universidad de la República, Facultad de Humanidades y Ciencias de la Educación, Grupo de Estudios Interdisciplinarios sobre el Pasado Reciente";1;1;11365;Uruguay;1688-9746;1688-7638;;Historia
28623;"Contextes et didactiques";"Antoine Delcroix";1;1;11427;Iberoamericanistas-Europa;2551-6116;2551-6116;;"Educación, Pedagogía, Planificación educativa, Tecnología educativa"
4757;"Contextos Clínicos";"Universidade do Vale do Rio dos Sinos (Unisinos)";1;1;1524;Brasil;1983-3482;1983-3482;;Psicología
4758;"Contextos de educación";"Departamento de Ciencias de la Educación - Facultad de Ciencias Humanas - Universidad Nacional de Río Cuarto";1;1;1525;Argentina;2314-3932;1514-2655;1514-2655;Educación
4759;"Contextos educativos";"Universidad de La Rioja, Servicio de Publicaciones";1;1;1526;España;1695-5714;;1575-023X;Educación
4761;Contextus;"Universidade Federal do Ceará (UFC)";1;1;1527;Brasil;2178-9258;1678-2089;;"Administración, Contabilidad, Economía"
4780;"Contrastes. Revista internacional de Filosofía";"Servicio de Publicaciones y Divulgación Vicerrectorado de Investigación y Transparencia Universidad de Málaga";1;1;1534;España;2659-921X;1136-4076;1136-4076;Filosofía
4782;Contratexto;"Universidad de Lima, Facultad de Comunicación";1;1;1535;Perú;1993-4904;1025-9945;1025-9945;"Ciencias de la comunicación"
4804;"Contribuciones desde Coatepec";"Universidad Autónoma del Estado de México, Facultad de Humanidades";1;1;1537;México;3122-3877;1870-0365;1870-0365;"Ciencias sociales y humanidades"
4823;Convergencia;"Universidad Autónoma del Estado de México, Facultad de Ciencias Políticas y Sociales";1;1;1543;México;2448-5799;1405-1435;1405-1435;"Ciencia política y administración pública"
28790;"Convergência Lusíada";"Real Gabinete Português de Leitura";1;1;11509;Brasil;2316-6134;2316-6134;;"Arte, Cultura, Literatura, Humanidades, Poesía"
4825;"Convergências - Revista de investigação e ensino das artes";"Escola Superior de Artes Aplicadas do Instituto Politécnico de Castelo Branco";1;1;1544;Portugal;1646-9054;1646-9054;2184-0180;"Arte, Multidisciplinarias, Humanidades"
22766;"Conversas & Controvérsias";"Pontifí­cia Universidade Católica do Rio Grande do Sul (PUCRS)";1;1;9436;Brasil;2178-5694;2178-5694;;"Antropología, Ciencia política y administración pública, Ciencias sociales y humanidades, Relaciones internacionales, Sociología"
21495;"Cooperativismo y desarrollo";"Universidad de Pinar del Río ""Hermanos Saíz Montes de Oca""";1;1;8639;Cuba;2310-340X;0120-7180;;"Economía, Desarrollo económico"
23747;"Córima revista de investigación en gestión cultural";"Universidad de Guadalajara, Sistema de Universidad Virtual";1;1;9974;México;2448-7694;2448-7694;;"Cultura, Humanidades, Teatro"
28445;"Corpo Grafías Estudios críticos de y desde los cuerpos";"Universidad Distrital Francisco José de Caldas";1;1;11747;Colombia;2590-9398;2390-0288;2390-0288;"Arte, Cultura, Educación, Pedagogía, Humanidades"
4848;"Correo científico médico";"Centro Provincial de Información de Ciencias Médicas, Universidad de Holguín";1;1;1552;Cuba;2708-5481;2708-5481;;"Medicina, Salud pública, Enfermería"
4856;"Correspondencias & Análisis";"Universidad de San Martín de Porres. Escuela de Ciencias de la Comunicación. Instituto de Investigación";1;1;1553;Perú;2304-2265;2224-235X;2224-235X;"Ciencias de la comunicación"
23312;"Costos y gestión";"Instituto Argentino de Profesores Universitarios de Costos";1;1;9743;Argentina;2545-8329;0327-5345;;"Administración, Contabilidad, Economía de la empresa, Educación superior"
29602;"CPA Panamá";"Universidad de Panamá";1;1;11923;Panamá;2953-3147;2953-3147;;Contabilidad
4881;"CPU-e. Revista de Investigación Educativa";"Universidad Veracruzana, Instituto de Investigaciones en Educación";1;1;1559;México;1870-5308;1870-5308;;Educación
29380;"Creando Ingenios.";"Instituto Superior Tecnologico ISMAC";1;1;11644;Ecuador;3028-8924;;;Multidisciplinarias
21596;Creneida;"Departamento de Literatura Española de la Universidad de Córdoba";1;1;8695;España;2340-8960;2340-8960;;"Literatura, Filología"
4907;Crítica;"Universidad Nacional Autónoma de México, Instituto de Investigaciones Filosóficas";1;1;1568;México;1870-4905;0011-1503;0011-1503;Filosofía
23568;"Crítica y resistencias";"Fundación El llano";1;1;9890;Argentina;2525-0841;2525-0841;;"Ciencia política y administración pública, Ciencias sociales y humanidades"
21973;Criticón;"Presses Universitaires du Midi (PUM)";1;1;8968;Iberoamericanistas-Europa;2272-9852;0247-381X;;"Historia, Literatura"
18588;"Crónicas científicas";"Hospital Clínica Bíblica";1;1;6942;"Costa Rica";2215-5171;2215-4264;2215-4264;"Cirugía, Farmacia, Medicina, Odontología, Pediatría"
29427;"Cuaderno de enfermería. Revista científica.";"Instituto de Investigación Multidisciplinaria Perspectivas Globales (IIMPG)";1;1;11658;Ecuador;3073-1208;;;"Salud pública, Enfermería"
21689;"Cuaderno de notas";"Universidad Politécnica de Madrid, Departamento de Composición Arquitectónica";1;1;8764;España;2386-8376;1138-1590;1138-1590;"Arquitectura, Historia del arte"
29423;"Cuaderno de odontología. Revista científica.";"Instituto de Investigación Multidisciplinaria Perspectivas Globales (IIMPG)";1;1;11656;Ecuador;3073-1267;;;Odontología
4967;"Cuaderno de pedagogía universitaria";"Pontificia Universidad Católica Madre y Maestra. Centro de Desarrollo Académico";1;1;1587;"República Dominicana";1814-4152;1814-4144;1814-4144;"Pedagogía, Educación superior"
4971;"Cuaderno de trabajo social";"Universidad Tecnológica Metropolitana.  Facultad de Humanidades y Tecnologías de la Comunicación Social y Departamento de Trabajo Social";1;1;1589;Chile;0718-946X;0717-9391;0717-9391;"Trabajo social"
19220;"Cuaderno urbano";"Universidad Nacional del Nordeste. Facultad de Arquitectura.";1;1;7207;Argentina;1853-3655;1666-6186;;"Arquitectura, Urbanismo"
23628;"Cuadernos AISPI";"Cuadernos AISPI";1;1;9925;Iberoamericanistas-Europa;2283-981X;2283-981X;;"Cultura, Lingüística, Literatura"
22456;"Cuadernos CANELA";"Universidad Nanzan de Nagoya";1;1;9286;Iberoamericanistas-Asia;2189-9568;;1344-9109;"Filosofía, Lingüística, Literatura, Humanidades, Filología"
20597;"Cuadernos chilenos de historia de la educación";"Universidad de O'Higgins";1;1;11698;Chile;0719-3483;0719-3483;2810-627X;"Educación, Historia"
5011;"Cuadernos de administración";"Universidad Del Valle";1;1;1596;Colombia;2256-5078;0120-4645;0120-4645;Administración
28434;"Cuadernos de análisis y debate sobre músicas latinoamericanas contemporáneas";"Instituto Nacional de Musicología “Carlos Vega”, Pontificia Universidad Católica Argentina; Universidad Nacional de Cuyo";1;1;11403;Argentina;2618-4583;2618-4583;;Música
5018;"Cuadernos de Antropología";"Universidad de Costa Rica, Escuela de Antropología";1;1;1598;"Costa Rica";2215-356X;1409-3138;;Antropología
5019;"Cuadernos de antropología social";"Instituto de Antropología Social; Facultad de Filosofía y Letras; Universidad de Buenos Aires";1;1;1599;Argentina;1850-275X;0327-3776;0327-3776;Antropología
5023;"Cuadernos de Arqueologia de la Universidad de Navarra";"Universidad de Navarra, Servicio de Publicaciones";1;1;1600;España;2387-1814;;1133-1542;Arqueología
5032;"Cuadernos de arte de la Universidad de Granada";"Editorial Universidad de Granada";1;1;1603;España;2445-4567;0210-962X;0210-962X;"Bellas artes"
5037;"Cuadernos de bioética";"Asociación Española de Bioética y Etica Médica";1;1;1605;España;2386-3773;1132-1989;;"Biología, Etica, Medicina"
20652;"Cuadernos de Coyuntura";"Universidad de Panamá";1;1;12041;Panamá;2992-6564;;2308-7900;"Economía, Economía internacional, Estadística, Finanzas, Economía agrícola, Hacienda pública"
27252;"Cuadernos de Derecho Privado";"Bercal, S.A.";1;1;11486;España;2792-825X;2792-825X;;"Derecho y jurisprudencia, Derecho civil, Derecho internacional, Derecho mercantil"
5057;"Cuadernos de derecho transnacional";"Área de Derecho Internacional Privado de la Universidad Carlos III de Madrid";1;1;1610;España;1989-4570;;;"Derecho internacional"
5066;"Cuadernos de documentación multimedia";"Universidad Complutense de Madrid, Facultad de Ciencias de la Información, Servicio de Documentación Multimedia";1;1;1611;España;1575-9733;;1133-3030;"Bibliotecología, Ciencias de la información"
23170;"Cuadernos de economía crítica";"Sociedad de Economía Crítica de Argentina y Uruguay";1;1;9668;Argentina;2525-1538;2408-400X;;"Ciencias sociales y humanidades, Economía"
28307;"Cuadernos de educación.";"Centro de Investigaciones ""María Saleme de Burnichon"" (CIFFyH). Facultad de Filosofía y Humanidades";1;1;11359;Argentina;2344-9152;1515-3959;;"Educación, Estudios latinoamericanos"
5094;"Cuadernos de Estudios Gallegos";"Editorial CSIC";1;1;1618;España;1988-8333;0210-847X;0210-847X;"Historia, Multidisciplinarias"
5100;"Cuadernos de etnología y etnografía de Navarra";"Departamento de Cultura, Turismo y Relaciones Institucionales del Gobierno de Navarra";1;1;1621;España;2530-5840;0590-1871;0590-1871;"Antropología, Etnología, Folklore"
26699;"Cuadernos de extensión universitaria de la UNLPam.";EdUNLPam;1;1;10913;Argentina;2718-7500;2451-5930;;"Ciencias sociales y humanidades, Educación"
5106;"Cuadernos de filologìa clásica. Estudios griegos e indoeuropeos";"Universidad Complutense de Madrid, Servicio de publicaciones";1;1;1622;España;1988-2637;1131-9070;1131-9070;"Lingüística, Filología"
5107;"Cuadernos de filología clásica. Estudios latinos";"Servicio de publicaciones. Universidad Complutense de Madrid";1;1;1623;España;1988-2343;;1131-9062;"Lingüística, Filología"
5110;"Cuadernos de filología italiana";"Servicio de publicaciones. Universidad Complutense de Madrid";1;1;1625;España;1988-2394;;1133-9527;"Lingüística, Filología"
5125;"Cuadernos de geografía. Universidad de Valencia";"Universidad de Valencia, Departamento de Geografía";1;1;1632;España;2695-7965;0210-086X;0210-086X;Geografía
5129;"Cuadernos de gestión";"Universidad del País Vasco, Instituto de Economía Aplicada a la Empresa";1;1;1634;España;1988-2157;1131-6837;1131-6837;"Administración, Contabilidad, Economía, Economía de la empresa, Finanzas"
5131;"Cuadernos de gobierno y administración pública";"Universidad Complutense de Madrid";1;1;1636;España;2341-4839;2341-4839;1576-0529;"Ciencia política y administración pública"
5133;"Cuadernos de H ideas";"Universidad Nacional de La Plata;  Facultad de Periodismo y Comunicación Social";1;1;1637;Argentina;2313-9048;1851-8206;1851-8206;"Ciencias de la comunicación"
5134;"Cuadernos de herpetología";"Asociación Herpetológica Argentina";1;1;1638;Argentina;1852-5768;0326-551X;0326-551X;"Ecología, Paleontología, Zoología"
5136;"Cuadernos de historia";"Universidad de Chile. Facultad de Filosofía y Humanidades. Departamento de Ciencias Históricas";1;1;1639;Chile;0719-1243;0716-1832;0716-1832;Historia
5139;"Cuadernos de historia de España";"Instituto de Historia de España; Facultad de Filosofía y Letras; Universidad de Buenos Aires";1;1;1641;Argentina;1850-2717;0325-1195;0325-1195;Historia
24717;"Cuadernos de historia del arte";"Instituto de Historia del Arte; Facultad de Filosofía y Letras; Universidad Nacional de Cuyo";1;1;10290;Argentina;2618-5555;0070-1688;;"Arte, Historia, Historia del arte, Humanidades"
19227;"Cuadernos de historia del derecho";"Servicio de publicaciones. Universidad Complutense de Madrid";1;1;7210;España;1988-2521;1133-7613;;"Derecho y jurisprudencia, Historia"
19228;"Cuadernos de historia moderna";"Servicio de publicaciones. Universidad Complutense de Madrid";1;1;7211;España;1988-2475;0214-4018;;Historia
24795;"Cuadernos de historia. Serie Economía y Sociedad";"Centro de Investigaciones, Área de Historia";1;1;10323;Argentina;2422-7544;1514-5816;;Historia
27336;"Cuadernos de humanidades";"Editorial de la Universidad Nacional de Salta.";1;1;11043;Argentina;2683-782x;0327-8115;;"Antropología, Educación, Lingüística, Literatura, Sociología, Humanidades"
21014;"Cuadernos de ilustración y romanticismo";"Servicio de Publicaciones de la Universidad de Cádiz";1;1;8427;España;2173-0687;1132-8304;;"Lingüística, Literatura"
20395;"Cuadernos de Ingeniería";Eucasa;1;1;8036;Argentina;2545-7012;2545-692X;;"Ingeniería civil, Ingeniería de comunicaciones, electrónica y control, Ingeniería industrial, Inteligencia artificial-robótica, Ingeniería de materiales, Telecomunicaciones"
5173;"Cuadernos de investigación educativa";"Universidad ORT Uruguay, Instituto de Educación";1;1;1649;Uruguay;1688-9304;1510-2432;1510-2432;Educación
24905;"Cuadernos de investigación en juventud";"Consejo de la Juventud de Extremadura";1;1;10363;España;2530-0091;2530-0091;;"Ciencia política y administración pública, Derecho y jurisprudencia, Educación, Historia, Literatura, Sociología"
5175;"Cuadernos de investigación geográfica";"Universidad de La Rioja, Servicio de Publicaciones";1;1;1651;España;1697-9540;;0211-6820;Geografía
5177;"Cuadernos de investigación histórica. Seminario Cisneros";"Fundación Universitaria Española, Seminario Cisneros";1;1;1653;España;2660-5880;0210-6272;0210-6272;Historia
19229;"Cuadernos de Investigación UNED";"Universidad Estatal a Distancia Costa Rica";1;1;7212;"Costa Rica";1659-441X;1659-441X;1659-4266;Multidisciplinarias
5182;"Cuadernos de Investigación Urbanística";"Instituto Juan de Herrera";1;1;1655;España;2174-5099;1886-6654;1886-6654;Urbanismo
26503;"Cuadernos de investigación. Serie Administración.";"Servicios Informáticos de la Biblioteca Central ""Francisco P. Moreno"" de la Universidad Nacional del Comahue";1;1;11620;Argentina;2683-9652;2683-9652;;Administración
5199;"Cuadernos de la Facultad de Humanidades y Ciencias Sociales. Universidad Nacional de Jujuy";"Universidad Nacional de Jujuy; Facultad de Humanidades y Ciencias Sociales";1;1;1662;Argentina;1668-8104;0327-1471;0327-1471;"Ciencias sociales y humanidades"
20465;"Cuadernos de lingüística de El Colegio de México";"El Colegio de México";1;1;8084;México;2007-736X;2007-736X;;Lingüística
27259;"Cuadernos de Literatura.";"Instituto de Letras “Alfredo Veiravé”";1;1;11017;Argentina;2684-0499;0326-5102;0326-5102;"Lingüística, Literatura"
22074;"Cuadernos de Marte";"Universidad de Buenos Aires. Facultad de Ciencias Sociales. Instituto de Investigaciones Gino Germani.";1;1;9036;Argentina;1852-9879;1852-7879;;Sociología
5233;"Cuadernos de Música Iberoamericana";"Instituto Complutense de Ciencias Musicales y Universidad Complutense de Madrid";1;1;1672;España;2530-9900;1136-5536;1136-5536;Música
20772;"Cuadernos de pensamiento";"Fundación Universitaria Española";1;1;8285;España;2660-6070;0214-0284;0214-0284;"Educación, Filosofía, Psicología, Humanidades"
5250;"Cuadernos de política exterior Argentina";"Centro de Estudios en Relaciones Internacionales de Rosario";1;1;1677;Argentina;1852-7213;0326-7806;0326-7806;"Economía, Relaciones internacionales, Economía internacional"
5261;"Cuadernos de prehistoria y arqueología";"Universidad Autónoma de Madrid, Facultad de Filosofía y Letras, Departamento de Prehistoria y Arqueología";1;1;1680;España;2530-3589;0211-1608;0211-1608;"Arqueología, Prehistoria"
5260;"Cuadernos de prehistoria y arqueología de la Universidad de Granada";"Universidad de Granada";1;1;1679;España;2659-9295;2174-8063;2174-8063;"Arqueología, Prehistoria"
5264;"Cuadernos de proyectos arquitectónicos";"Escuela T.S. de Arquitectura de la Universidad Politécnica de Madrid.";1;1;1681;España;2174-1131;2171-956X;;Arquitectura
19232;"Cuadernos de psicología del deporte";"Universidad de Murcia";1;1;7214;España;1989-5879;1578-8423;;"Deportes, Psicología"
19233;"Cuadernos de relaciones laborales";"Servicio de publicaciones. Universidad Complutense de Madrid";1;1;7215;España;1988-2572;1131-8635;;"Sociología, Trabajo social"
29002;"Cuadernos de Sociología";"Universidad Nacional de Asunción, Facultad de Ciencias Sociales, Departamento de Sociología";1;1;12043;Paraguay;2790-6264;2790-6159;;"Economía, Educación, Geografía, Sociología, Trabajo social, Estudios de género"
26615;"Cuadernos de teología";"Universidad Católica del Norte";1;1;11279;Chile;0719-8175;0718-7068;;Religión
26024;"Cuadernos de trabajo de la redWATERLAT-GOBACIT";"Red WATERLAT-GOBACIT";1;1;10752;Iberoamericanistas-Europa;2056-4864;2056-4864;;"Ecología, Multidisciplinarias, Medio ambiente, Ciencias naturales"
19234;"Cuadernos de trabajo social";"Servicio de publicaciones. Universidad Complutense de Madrid";1;1;7216;España;1988-8295;0214-0314;;"Trabajo social"
5306;"Cuadernos de turismo";"Universidad de Murcia Escuela Universitaria de Turismo";1;1;1693;España;1989-4635;1139-7861;1139-7861;"Economía, Geografía, Turismo"
29136;"Cuadernos del audiovisual";"Consejo Audiovisual de Andalucía";1;1;11744;España;2952-6116;2952-6094;;"Ciencias de la comunicación, Ciencias sociales y humanidades, Televisión"
5319;"Cuadernos del CEMYR";"Servicio de Publicaciones. Universidad de La Laguna.";1;1;1697;España;2530-8378;1135-125X;1135-125X;"Arqueología, Filosofía, Historia, Historia del arte, Literatura, Humanidades"
5326;"Cuadernos del Centro de Estudios en Diseño y Comunicación. Ensayos";"Centro de Estudios en Diseño y Comunicación, Facultad de Diseño y Comunicación, Universidad de Palermo";1;1;1699;Argentina;1853-3523;1668-0227;1668-0227;"Diseño, Danza"
5333;"Cuadernos del CIESAL";"Centro Interdisciplinario de Estudios Sociales Argentinos y Latinoamericanos;  Facultad de Ciencia Política y Relaciones Internacionales;  Universidad Nacional de Rosario";1;1;1702;Argentina;1853-8827;0327-9634;0327-9634;"Ciencias sociales y humanidades, Sociología"
5335;"Cuadernos del CILHA";"Centro Interdisciplinario de Literatura Hispanoamericana, Facultad de Filosofía y Letras, Universidad Nacional de Cuyo";1;1;1703;Argentina;1852-9615;1515-6125;1515-6125;"Historia, Historia del arte, Sociología, Humanidades"
5336;"Cuadernos del CIMBAGE";"Universidad de Buenos Aires. Facultad de Ciencias Económicas. Instituto de Investigaciones en Estadística y Matemática. Centro de Investigación en Metodología Borrosa Aplicada a la Gestión y Economía";1;1;1704;Argentina;1669-1830;1666-5112;1666-5112;"Ciencias sociales y humanidades, Matemáticas, Multidisciplinarias"
5338;"Cuadernos del CLAEH";"Centro Latinoamericano de Economía Humana";1;1;1705;Uruguay;2393-5979;0797-6062;0797-6062;Economía
25086;"Cuadernos del CURIHAM";"Centro Universitario Rosario de Investigaciones Hidroambientales";1;1;10416;Argentina;2683-8168;1514-2906;;"Ingeniería, Ingeniería sanitaria, Ciencias de la tierra, Recursos naturales no renovables, Ingeniería hidráulica, Medio ambiente"
5355;"Cuadernos del Instituto Antonio de Nebrija de Estudios sobre la Universidad";"Universidad Carlos III de Madrid";1;1;1707;España;1988-8503;1139-6628;1139-6628;"Historia de la ciencia, Educación superior"
5363;"Cuadernos del Instituto Historia de la Lengua";"Centro Internacional de Investigación de la Lengua Española, Instituto Historia de la Lengua";1;1;1708;España;2340-5260;1889-0709;1889-0709;"Lingüística, Literatura, Filología"
26850;"Cuadernos del Instituto Nacional de Antropología y Pensamiento Latinoamericano.";"Instituto Nacional de Antropología y Pensamiento Latinoamericano";1;1;11026;Argentina;2422-7749;0570-8346;;"Antropología, Arqueología"
26970;"Cuadernos del Sur.  Historia";EDIUNS;1;1;10966;Argentina;2362-2997;1668-7604;1668-7604;"Antropología, Arqueología, Historia, Prehistoria, Ciencias y Técnicas historiográficas"
28420;"Cuadernos del sur. Filosofía.";EdiUNS;1;1;11360;Argentina;2362-2989;2362-2989;;"Filosofía, Humanidades"
26969;"Cuadernos del sur. Letras.";EDIUNS;1;1;10965;Argentina;2362-2970;1668-7426;;"Lingüística, Literatura, Poesía, Filología"
5387;"Cuadernos Dieciochistas";"Ediciones Universidad de Salamanca";1;1;1712;España;2341-1902;1576-7914;1576-7914;Historia
3531;"Cuadernos do Laboratorio Xeolóxico de Laxe";"Instituto Universitario de Xeoloxía, Seminario de Estudos Galegos";1;1;1103;España;2173-6936;0213-4497;0213-4497;Geología
5392;"Cuadernos económicos de ICE";"Ministerio de Economía, Comercio y Empresa. Secretaría de Estado de Comercio.";1;1;1713;España;2340-9037;0210-2633;0210-2633;Economía
5393;"Cuadernos electrónicos de filosofía del derecho";"Universitat de València";1;1;1714;España;1138-9877;1138-9877;;"Derecho y jurisprudencia, Filosofía, Derechos humanos"
5395;"Cuadernos europeos de Deusto";"Universidad de Deusto, Instituto de Estudios Europeos";1;1;1715;España;2445-3587;1130-8354;1130-8354;"Derecho y jurisprudencia, Derecho internacional"
5399;"Cuadernos geográficos";"Universidad de Granada, Servicio de Publicaciones";1;1;1717;España;2340-0129;0210-5462;0210-5462;Geografía
19237;"Cuadernos Inter.c.ambio sobre Centroamérica y el Caribe";"Universidad de Costa Rica";1;1;7217;"Costa Rica";1659-4940;1659-0139;;"Antropología, Cultura, Historia, Literatura, Estudios latinoamericanos"
22322;"Cuadernos jovellanistas";"Fundación Foro Jovellanos del Principado de Asturias";1;1;9198;España;2695-9739;2386-4443;2386-4443;"Economía, Filosofía, Geografía, Historia, Psicología, Humanidades"
19240;"Cuadernos LIRICO";"Red interuniversitaria de estudio de las literaturas contemporáneas del Río de la Plata en Francia (France)";1;1;7219;Iberoamericanistas-Europa;2262-8339;2262-8339;;Literatura
5417;"Cuadernos Literarios";"Universidad Católica Sedes Sapientiae";1;1;1727;Perú;2708-9983;1811-8283;1811-8283;Literatura
23306;"Cuadernos Medievales";"Universidad Nacional de Mar del Plata, Facultad de Humanidades; GIEM (Grupo de Investigación y Estudios Medievales)";1;1;9737;Argentina;2451-6821;2422-7471;;"Ciencias sociales y humanidades, Historia, Literatura, Filología"
26789;"Cuadernos Nacionales";"Universidad de Panamá, Instituto de Estudios Nacionales";1;1;10927;Panamá;2644-4054;2644-4054;;"Ciencias sociales y humanidades, Estudios locales, Estudios latinoamericanos, Estudios de género, Estudios regionales, Estudios sociales de la salud"
26634;"Cuadernos para la investigación de la literatura hispánica";"Fundación Universitaria Española";1;1;11211;España;2660-647X;0210-0061;;"Cultura, Literatura, Humanidades, Teatro, Poesía"
21025;"Cuadernos universitarios";EUCASA;1;1;8435;Argentina;2250-7132;2250-7124;2250-7124;"Educación, Multidisciplinarias, Educación superior"
19965;Cuadernos.info;"Pontificia Universidad Católica de Chile,";1;1;7726;Chile;0719-367X;0719-3661;0719-3661;"Ciencias de la comunicación, Ciencias de la información"
5458;"Cuaternario y geomorfología";"Sociedad Española de Geomorfología; Asociación Española para el Estudio del Cuaternario";1;1;1736;España;2695-8589;0214-1744;0214-1744;"Geografía, Geología"
5463;"Cuba@: Medio Ambiente y Desarrollo";"Agencia de Medio Ambiente";1;1;1740;Cuba;1683-8904;1683-8904;;"Recursos naturales no renovables, Ciencia, Ciencia y Tecnología, Medio ambiente"
5465;"Cuban Journal of Agricultural Science";"Instituto de Ciencia Animal";1;1;1741;Cuba;2079-3480;0864-0408;0864-0408;"Agronomía, Ganadería"
5468;Cubo;"Universidad de La Frontera. Facultad de Ciencias e Ingeniería. Departamento de Matemática y Estadística";1;1;1743;Chile;0719-0646;0716-7776;0716-7776;Matemáticas
25648;"Cuestión urbana.";"Centro de Estudios de Ciudad, Facultad de Ciencias Sociales, Universidad de Buenos Aires.";1;1;10612;Argentina;2545-6881;2545-6881;;Sociología
5479;"Cuestiones constitucionales";"Universidad Nacional Autónoma de México, Instituto de Investigaciones Jurídicas";1;1;1746;México;2448-4881;1405-9193;1405-9193;"Derecho y jurisprudencia"
5481;"Cuestiones de filosofía";"Universidad Pedagógica y Tecnológica de Colombia";1;1;1747;Colombia;2389-9441;0123-5095;0123-5095;Filosofía
5482;"Cuestiones de género: de la igualdad y la diferencia";"Universidad de León, Seminario Interdisciplinar de Estudios de las Mujeres";1;1;1748;España;2444-0221;1699-597X;1699-597X;"Sociología, Estudios de género"
5484;"Cuestiones de sociología";"Universidad Nacional de La Plata. Facultad de Humanidades y Ciencias de la Educación";1;1;1749;Argentina;2346-8904;1668-1584;1668-1584;"Ciencias sociales y humanidades, Sociología"
5485;"Cuestiones económicas";"Banco Central del Ecuador";1;1;1750;Ecuador;2697-3367;2477-9059;2477-9059;Economía
8040;"Cuestiones pedagógicas";"Editorial Universidad de Sevilla";1;1;2740;España;2253-8275;0213-1269;;Educación
5491;"Cuicuilco Revista de ciencias antropológicas";"Escuela Nacional de Antropología e Historia";1;1;1753;México;2448-8488;2448-8488;2448-9018;"Antropología, Historia"
24870;CuidArte;"Universidad Nacional Autónoma de México, Facultad de Estudios Superiores Iztacala";1;1;10347;México;2395-8979;2395-8979;;Enfermería
5499;"Cultura - hombre - sociedad";"Universidad Católica de Temuco. Facultad de Ciencias Sociales";1;1;1756;Chile;0719-2789;0716-1557;0716-1557;"Ciencias sociales y humanidades"
5505;"Cultura científica";"Fundación Universitaria Juan de Castellanos";1;1;1759;Colombia;2389-9638;1657-463X;1657-463X;Multidisciplinarias
24959;"Cultura de la República. Revista de Análisis Crítico";"Departamento de Filología Española, Universidad Autónoma de Madrid";1;1;10383;España;2530-8238;2530-8238;;"Historia, Sociología"
5510;"Cultura económica";"Centro de Estudios en Economía y Cultura, Facultad de Ciencias Socíales y Económicas. Universidad Católica Argentina";1;1;1763;Argentina;1852-5342;1852-0588;1852-0588;Economía
23114;"Cultura Viva Amazónica";"Universidad Privada de Pucallpa";1;1;9644;Perú;2664-8105;2517-9608;2517-9608;Multidisciplinarias
5517;"Cultura y religión";"Instituto de Estudios Internacionales, Universidad Arturo Prat";1;1;1765;Chile;0718-4727;0718-4727;0718-5472;"Antropología, Ciencias sociales y humanidades, Cultura, Religión, Sociología, Humanidades"
5518;"Cultura y representaciones sociales";"Universidad Nacional Autónoma de México, Instituto de Investigaciones Sociales";1;1;1766;México;2007-8110;2007-8110;;"Ciencias sociales y humanidades"
5519;"Cultura, Ciencia y Deporte";"Universidad Católica de San Antonio";1;1;1767;España;1989-7413;;1696-5043;"Deportes, Educación"
20655;"Cultura, Educación, Sociedad";"Universidad de la Costa";1;1;8217;Colombia;2389-7724;2145-9258;2145-9258;"Ciencias sociales y humanidades, Educación, Psicología"
5520;"Cultura, lenguaje y representación";"Universidad Jaume I, Servicio de Comunicación y Publicaciones";1;1;1768;España;2340-4981;1697-7750;1697-7750;"Lingüística, Sociología, Filología"
5524;Culturales;"Universidad Autónoma de Baja California, Instituto de Investigaciones Culturales-Museo";1;1;1771;México;2448-539X;1870-1191;1870-1191;Cultura
22326;Culturas;"Universitat Politècnica de València";1;1;9202;España;2386-7515;2386-7515;;Cultura
23941;Culturas;"Ediciones UNL";1;1;10071;Argentina;2362-5538;1515-3738;;"Ciencias de la comunicación, Cultura, Educación"
19246;"Culture & History Digital Journal";"Editorial CSIC";1;1;7224;España;2253-797X;;;"Ciencias sociales y humanidades, Multidisciplinarias"
5527;Cumbres;"Universidad Técnica de Machala";1;1;1772;Ecuador;1390-3365;;1390-9541;"Administración, Agronomía, Ciencias sociales y humanidades, Multidisciplinarias, Tecnología"
26307;Curae;"Universidad Señor de Sipán";1;1;10833;Perú;2709-0019;2709-0019;;Enfermería
5543;"Cuyo anuario de filosofía argentina y americana";"Instituto de Filosofía Argentina y Americana; Facultad de Filosofía y Letras; Universidad Nacional de Cuyo";1;1;1776;Argentina;1853-3175;1514-9935;1514-9935;Filosofía
25392;Cuyonomics;"Universidad Nacional de Cuyo, Facultad de Ciencias Económicas";1;1;10544;Argentina;2591-555X;2591-555X;;"Economía, Desarrollo económico, Econometría, Finanzas, Hacienda pública"
29848;D´Economía;"Universidad de Panamá";1;1;12010;Panamá;2710-7744;2710-7744;;"Economía, Economía internacional, Estadística, Estudios locales, Finanzas, Encuestas"
5556;"Daimon. Revista internacional de filosofía";EDITUM;1;1;1780;España;1989-4651;1130-0507;1130-0507;Filosofía
5558;Darwiniana;"Instituto de Botánica Darwinion";1;1;1781;Argentina;1850-1699;0011-6793;0011-6793;"Biología, Botánica"
27995;DATEH;"Universidad Técnica de Cotopaxi extensión La Maná";1;1;11228;Ecuador;2773-7527;2773-7527;;"Administración, Agronomía, Economía, Educación, Ingeniería, Tecnología"
24809;DATJournal;"Universidade Anhembi Morumbi";1;1;10328;Brasil;2526-1789;2526-1789;;"Arquitectura, Arte, Humanidades"
5570;DavarLogos;"Universidad Adventista del Plata, Facultad de Teología";1;1;11102;Argentina;1853-9106;1666-7832;1666-7832;Religión
24662;"Daya: Diseño, arte y arquitectura";"Universidad del Azuay";1;1;10267;Ecuador;2588-0667;2550-6609;;"Arte, Diseño"
5577;"De Arte. Revista de Historia del Arte";"Universidad de León. Área de Publicaciones";1;1;1789;España;2444-0256;1696-0319;1696-0319;"Bellas artes, Historia del arte"
5578;"De Computis";"Asociación Española de Contabilidad y Administración de Empresas";1;1;1790;España;1886-1881;;;Contabilidad
20518;"De medio aevo";"Universidad Complutense de Madrid, Departamento de Historia del Arte I (Medieval), Facultad de Geografía e Historia";1;1;8123;España;2255-5889;2255-5889;;"Cultura, Filosofía, Historia del arte, Literatura, Pintura"
22068;"De prácticas y discursos";"Universidad Nacional del Nordeste; Centro de Estudios Sociales";1;1;9033;Argentina;2250-6942;2250-6942;;"Ciencias sociales y humanidades"
5595;Dearq;"Universidad de los Andes";1;1;1797;Colombia;2215-969X;2011-3188;2011-3188;"Arquitectura, Arte, Urbanismo, Planificación urbana"
23570;"Debate feminista";"Universidad Nacional Autónoma de México, Centro de Investigaciones y Estudios de Género";1;1;9892;México;2594-066X;0188-9478;0188-9478;"Multidisciplinarias, Estudios de género"
28245;"Debate Jurídico Ecuador";"Universidad Regional Autónoma de los Andes";1;1;11314;Ecuador;2600-5549;2600-5549;;"Derecho y jurisprudencia"
11190;"Debates em Psiquiatria";"Associação Brasileira de Psiquiatria (ABP)";1;1;3861;Brasil;2763-9037;2236-918X;2236-918X;Psiquiatría
5611;"Debates en sociología";"Pontificia Universidad Católica del Perú";1;1;1800;Perú;2304-4284;0254-9220;0254-9220;Sociología
25409;"Debates por la historia";"Universidad Autónoma de Chihuahua";1;1;11321;México;2594-2956;2594-2956;;"Ciencias sociales y humanidades, Educación, Historia"
24024;Decumanus;"Universidad Autónoma de Ciudad Juárez, Instituto de Arquitectura, Diseño y Arte";1;1;10097;México;2448-900X;2448-900X;;"Arquitectura, Urbanismo"
22925;Dedica;"Editorial Universidad de Granada";1;1;9537;España;2182-018X;2182-0171;;"Ciencias sociales y humanidades, Educación"
27410;"DÉKAMU AGROPEC";"Universidad Nacional Intercultural Fabiola Salazar Leguía de Bagua";1;1;11121;Perú;2709-3190;2709-3190;2709-3182;"Agronomía, Biotecnología, Ingeniería, Zootecnia, Ciencia y Tecnología, Ciencias naturales"
28604;"Del español";"Servicio de Publicaciones de la Universidad de Huelva";1;1;11945;España;3020-2434;3020-2434;;"Lingüística, Filología"
24887;"Del prudente saber y el máximo posible de sabor";"Universidad Nacional de Entre Ríos, Facultad de Ciencias de la Educación";1;1;10354;Argentina;2618-4141;1515-3576;;"Antropología, Arte, Ciencias de la comunicación, Ciencias sociales y humanidades, Lingüística, Humanidades"
25963;Delectus;"Instituto Nacional de Investigación y Capacitación Continua";1;1;10739;Perú;2663-1148;2663-1148;;"Ciencias sociales y humanidades"
5635;"Delito y sociedad. Revista de Ciencias Sociales";"Universidad de Buenos Aires; Facultad de Ciencias Sociales; Carrera de Sociología; Cátedra Delito y Sociedad: Sociología del Sistema Penal;";1;1;1805;Argentina;2468-9963;0328-0101;0328-0101;"Ciencias sociales y humanidades, Derecho penal, Sociología"
22251;Democracias;"Instituto de la Democracia";1;1;9158;Ecuador;2737-6192;1390-826X;1390-826X;"Ciencia política y administración pública"
5645;Denarius;"Universidad Autónoma Metropolitana, Unidad Iztapalapa, Departamento de Economía";1;1;1809;México;2448-5403;2448-5403;1665-8221;"Administración, Economía"
26900;DeporVida;"Universidad de Holguín";1;1;10952;Cuba;1819-4028;1819-4028;;Deportes
21433;"DeRaíz diversa. Revista especializada en estudios latinoamericanos";"Universidad Nacional Autónoma de México, Programa de Posgrado en Estudios Latinoamericanos";1;1;8598;México;2448-7988;2448-7996;2448-7996;"Estudios latinoamericanos"
29066;"Derecho & Debates.";"Universidad Nacional de San Luis";1;1;11852;Argentina;3008-7511;3008-7511;;"Ciencia política y administración pública, Ciencias sociales y humanidades, Derecho y jurisprudencia, Etica, Filosofía, Derechos humanos"
21960;"Derecho & Sociedad";"Asociación Civil Derecho y Sociedad";1;1;8960;Perú;2521-599X;2079-3634;2079-3634;"Derecho penal, Derecho público"
23832;"Derecho animal";"Universitat Autònoma de Barcelona, Facultat de Dret";1;1;10016;España;2462-7518;2462-7518;;"Derecho y jurisprudencia, Derecho civil, Derecho comparado, Derecho internacional, Derecho penal, Derecho procesal"
29658;"Derecho Crítico: Revista Jurídica, Ciencias Sociales y Políticas.";"Universidad de Guayaquil, Facultad de Jurisprudencia, Ciencias Sociales y Políticas";1;1;11845;Ecuador;2953-6464;;;"Derecho y jurisprudencia, Derecho agrario, Derecho civil, Derecho penal, Derecho procesal"
23057;"Derecho global. Estudios sobre derecho y justicia";"Universidad de Guadalajara, División de Estudios Jurídicos";1;1;9619;México;2448-5136;2448-5128;2448-5128;"Derecho y jurisprudencia, Derecho civil, Derecho comparado, Derecho laboral, Derecho penal, Derechos humanos"
5663;"Derecho laboral: Revista de doctrina. jurisprudencia e informaciones sociales";"Fundación de Cultura Universitaria";1;1;1815;Uruguay;2730-4876;0797-2148;0797-2148;"Derecho y jurisprudencia, Derecho laboral, Estudios locales"
5667;"Derecho penal y criminología";"Universidad Externado de Colombia";1;1;1816;Colombia;2346-2108;0121-0483;0121-0483;"Derecho penal"
5670;"Derecho privado y constitución";"Centro de Estudios Constitucionales";1;1;1817;España;1989-5542;1133-8768;1133-8768;"Derecho y jurisprudencia"
5672;"Derecho PUCP";"Pontificia Universidad Católica del Perú, Facultad de Derecho";1;1;1818;Perú;2305-2546;0251-3420;0251-3420;"Derecho civil, Derecho laboral, Derecho penal, Derecho público, Derecho procesal, Derecho fiscal"
5675;"Derecho y ciencias sociales";"Instituto de Cultura Jurídica, Facultad de Ciencias Jurídicas y Sociales, Universidad Nacional de La Plata";1;1;1819;Argentina;1852-2971;1852-2971;;"Derecho y jurisprudencia, Derecho civil, Derecho penal"
5688;Dereito;"Universidad de Santiago de Compostela, Facultad de Derecho";1;1;1826;España;2174-0690;1132-9947;1132-9947;"Derecho y jurisprudencia"
5694;"Dermatología argentina";"Sociedad Argentina de Dermatología";1;1;1829;Argentina;1669-1636;1515-8411;1515-8411;Dermatología
5701;Desacatos;"Centro de Investigaciones y Estudios Superiores en Antropología Social";1;1;1833;México;2448-5144;1607-050X;1607-050X;Antropología
5705;Desafíos;"Universidad del Rosario";1;1;1835;Colombia;2145-5112;0124-4035;0124-4035;"Administración, Ciencia política y administración pública, Relaciones internacionales"
21955;Desafíos;"Universidad de Huánuco";1;1;8957;Perú;2706-9559;2307-6100;2307-6100;"Ciencias sociales y humanidades, Multidisciplinarias"
28564;"Desafíos del Desarrollo";EDUNO;1;1;11837;Argentina;2796-9967;;;"Administración, Economía, Historia de la ciencia, Humanidades, Estudios latinoamericanos, Planeación económica"
19254;"Desarrollo económico";"Instituto de Desarrollo Económico y Social";1;1;11073;Argentina;1853-8185;0046-001X;;"Economía, Sociología, Desarrollo económico"
24435;"Desarrollo Gerencial";"Universidad Simón Bolívar";1;1;11437;Colombia;2145-5147;2145-5147;;Administración
28617;"Desarrollo Regional (Encarnación)";"Facultad de Ciencias Económicas y Administrativas de la Universidad Nacional de Itapúa, Encarnación, Paraguay.";1;1;11896;Paraguay;3005-6187;;;"Administración, Contabilidad, Economía, Desarrollo económico, Econometría, Economía de la empresa"
27664;"Desarrollo, Estado y Espacio";"Ediciones UNL";1;1;11401;Argentina;2796-9606;2796-9606;;"Ciencia política y administración pública, Desarrollo económico"
24119;Descentrada;"Facultad de Humanidades y Ciencias de la Educación  Universidad Nacional de La Plata";1;1;10128;Argentina;2545-7284;2545-7284;;"Ciencias sociales y humanidades, Sociología, Estudios latinoamericanos, Estudios de género"
20780;"Desde el Sur";"Universidad Científica del Sur";1;1;8289;Perú;2415-0959;2076-2674;2076-2674;"Ciencias sociales y humanidades"
25088;"Desde la Patagonia";"Universidad Nacional del Comahue. Centro Regional Universitario Bariloche";1;1;10418;Argentina;2618-5385;1668-8848;;Multidisciplinarias
5737;"Desenvolvimento e meio ambiente";"Universidade Federal do Paraná (UFPR)";1;1;11323;Brasil;2176-9109;1518-952X;1518-952X;"Ecología, Filosofía, Medio ambiente"
23755;"Desenvolvimento e Sociedade. Revista Interdisciplinar em Ciências Sociais";"CICS.NOVA.UÉvora - Centro Interdisciplinar de Ciências Sociais da Universidade de Évora";1;1;9978;Portugal;2184-2647;2184-2647;;"Ciencia política y administración pública, Ciencias sociales y humanidades, Deportes, Multidisciplinarias, Humanidades"
20453;Desidades;"Universidade Federal do Rio de Janeiro (UFRJ)";1;1;8075;Brasil;2318-9282;2318-9282;;"Ciencias sociales y humanidades, Psicología"
23763;DeSigno;"Grupo de Investigaciones Socioculturales del Diseño en Venezuela (GISODIV - ULA)";1;1;9982;Venezuela;2542-3096;2542-3096;;"Arquitectura, Arte, Artes plásticas, Diseño, Historia del arte, Ingeniería industrial, Ingeniería textil, Humanidades"
25782;"Deusto journal of human rights";"Instituto de Derechos Humanos Pedro Arrupe";1;1;10656;España;2603-6002;2530-4275;;"Ciencia política y administración pública"
23345;Devenir;"Universidad Nacional de Ingeniería. Facultad de Arquitectura, Urbanismo y Artes";1;1;9763;Perú;2616-4949;2312-7562;2312-7562;"Antropología, Arqueología, Economía, Historia"
24152;"Devir Educação";"Universidade Federal de Lavras (UFLA)";1;1;10145;Brasil;2526-849X;2526-849X;;"Educación, Pedagogía, Humanidades"
22049;Diá-logos;"UniversidadUniversidad Don Bosco, Instituto de Investigación y Formación Pedagógica.";1;1;9021;"El Salvador";2958-9754;1996-1642;1996-1642;"Ciencia política y administración pública, Ciencias sociales y humanidades, Educación, Pedagogía, Tecnología educativa, Educación superior"
23839;"Diablotexto digital";"Universitat de València";1;1;10020;España;2530-2337;2530-2337;;"Cultura, Literatura, Humanidades, Teatro, Filología"
5775;Diagnóstico;"Fundación Instituto Hipólito Unanue";1;1;1851;Perú;2709-7951;1018-2888;;Medicina
23800;"Diagnóstico fácil empresarial finanzas auditoria contabilidad impuestos legal";"Universidad de Guadalajara, Centro Universitario de Ciencias Económico Administrativas, División de Contaduría";1;1;10001;México;2683-1481;2007-2147;2007-2147;"Contabilidad, Finanzas, Derecho fiscal, Hacienda pública"
25507;"Diagonal: An Ibero-American Music Review";"University of California, Riverside. Center for Iberian and Latin American Music";1;1;10582;"Iberoamericanistas-América del Norte";2470-4199;2470-4199;;Música
5791;"Diálogo andino";"Universidad de Tarapacá, Departamento de Ciencias Históricas y Geográficas";1;1;1861;Chile;0719-2681;0716-2278;0716-2278;"Ciencias sociales y humanidades, Historia"
24371;"Diálogo com a Economia Criativa";"Escola Superior de Propaganda e Marketing (ESPM)";1;1;10203;Brasil;2525-2828;2525-2828;;"Arte, Ciencias de la comunicación, Cine, Cultura, Diseño, Economía, Música"
5793;"Diálogo das Letras";"Universidade do Estado do Rio Grande do Norte (UERN)";1;1;1862;Brasil;2316-1795;2316-1795;;Lingüística
5809;Diálogos;"Universidad de Costa Rica";1;1;1867;"Costa Rica";1409-469X;2215-3292;2215-3292;Historia
5813;Diálogos;"Universidad de Puerto Rico";1;1;1868;"Puerto Rico";2693-9339;0012-2122;0012-2122;Filosofía
29187;Diálogos;"Universidade Nacional Timor Lorosa'e";1;1;11684;Iberoamericanistas-Asia;2789-2182;2789-2182;2520-5927;"Antropología, Ciencias sociales y humanidades, Filosofía, Historia, Psicología, Humanidades"
28357;"Diálogos de Campo";"Universidad Nacional Autónoma de México / Escuela Nacional de Estudios Superiores Unidad Morelia / Laboratorio Nacional de Materiales Orales";1;1;11384;México;2683-2763;2683-2763;;"Artes plásticas, Cultura, Folklore, Lingüística, Literatura, Humanidades"
23592;"Diálogos pedagógicos";"Editorial de la Universidad Católica de Córdoba";1;1;9907;Argentina;2524-9274;1667-2003;;"Educación, Pedagogía"
22991;"Diálogos sobre educación. Temas actuales en investigación educativa";"Universidad de Guadalajara, Centro Universitario de Ciencias Sociales y Humanidades, Departamento de Estudios en Educación";1;1;9584;México;2007-2171;2007-2171;;Educación
27345;Dialogus;"Universidad Metropolitana de Educación, Ciencia y Tecnología (UMECIT)";1;1;11336;Panamá;2644-3996;2644-3996;2519-0083;"Educación, Humanidades, Educación media o secundaria, Educación preescolar, Educación primaria, Educación superior"
5824;Diánoia;"Universidad Nacional Autónoma de México, Instituto de Investigaciones Filosóficas; Fondo de Cultura Económica";1;1;1874;México;1870-4913;0185-2450;0185-2450;Filosofía
23781;"Diarios del terruño. Reflexiones sobre migración y movilidad";"Universidad Autónoma Metropolitana, Unidad Cuajimalpa.";1;1;9990;México;2448-6876;2448-6876;;"Ciencias sociales y humanidades, Demografía, Economía, Sociología, Estudios de género"
19257;Dicenda;"Universidad Complutense de Madrid, Servicio de publicaciones";1;1;7229;España;1988-2556;0212-2952;0212-2952;"Lingüística, Filología"
27316;Dicere;"Universidad Michoacana de San Nicolás de Hidalgo, Coordinación de la Investigación Científica";1;1;11562;México;2954-369X;2954-369X;;"Arte, Ciencias sociales y humanidades, Multidisciplinarias, Humanidades"
30001;"DICERE Revista de Derecho y Estudios Internacionales";"Universidad del Azuay";1;1;12032;Ecuador;3028-886X;3028-886X;;"Derecho y jurisprudencia, Estudios regionales"
25504;DIDAC;"Universidad Iberoamericana, Dirección de Innovación Educativa";1;1;11606;México;2992-7358;0185-3872;0185-3872;"Educación, Educación media o secundaria, Educación superior, Estudios de género"
19258;Didáctica;"Servicio de publicaciones. Universidad Complutense de Madrid";1;1;7230;España;1988-2548;1130-0531;;"Educación, Lingüística, Literatura, Pedagogía"
5831;"Didáctica de las ciencias experimentales y sociales";"Universidad de Valencia, Departamento de Didáctica de las Ciencias Experimentales y Sociales";1;1;1878;España;2255-3835;0214-4379;0214-4379;Educación
5833;"Didáctica geográfica";"Asociación  Española de Geografía; Grupo de Didáctica de la Geografía";1;1;1879;España;2174-6451;0210-492X;0210-492X;"Educación, Geografía"
26469;"Didáctica y Educación";"Universidad de Las Tunas, Centro de Estudios Pedagógicos";1;1;11460;Cuba;2224-2643;2224-2643;;Multidisciplinarias
24295;Didacticae;"Revistes Científiques de la Universitat de Barcelona";1;1;10188;España;2462-2737;2462-2737;;"Educación, Educación media o secundaria, Educación preescolar, Educación primaria, Educación superior"
19259;"Didácticas específicas";"Departamento de Didácticas Específicas de la Universidad Autónoma de Madrid";1;1;7231;España;1989-5240;;;"Educación, Pedagogía"
23026;Diferencia(s);"Universidad de Buenos Aires. Facultad de Ciencias Sociales. Grupo de Estudios sobre Estructuralismo y Postestructuralismo, Instituto de Investigaciones Gino Germani";1;1;9602;Argentina;2469-1100;2469-1100;;"Ciencias sociales y humanidades"
24154;Diferents;"Vilafamés Castellón: Museo de Arte Contemporáneo Vicente Aguilera Cerni de Vilafamés";1;1;10147;España;2659-9252;2530-1330;2530-1330;"Arte, Artes plásticas, Bellas artes, Historia del arte, Museología, Pintura"
27945;Diffractions;"Universidade Católica Portuguesa";1;1;11820;Portugal;2183-2188;2183-2188;;Multidisciplinarias
21938;"Digital ciencia@uaqro";"Universidad Autónoma de Querétaro";1;1;11708;México;2395-8847;2395-8847;;Multidisciplinarias
5844;"Digital education review";"Digital Education Observatory; Research Group Education and Virtual Learning. UB";1;1;1884;España;2013-9144;;;Educación
22304;Dígitos;"Universidad de Valencia";1;1;9189;España;2444-0132;2444-0132;;"Ciencias de la comunicación"
27003;Dignitas;"Asociación Veritas para el Estudio de la Historia, el Derecho y las Instituciones";1;1;11419;España;2605-2172;2605-2172;;"Historia, Relaciones internacionales, Derechos humanos"
21942;"Díkê. Revista de la Facultad de derecho y ciencias sociales";"Universidad Autónoma de Puebla, México, Facultad de Derecho y Ciencias Sociales";1;1;8949;México;2594-0708;2594-0708;1870-6924;"Administración, Ciencias sociales y humanidades, Derecho y jurisprudencia"
5852;"Dilemas : Revista de Estudos de Conflito e Controle Social";"Universidade Federal do Rio de Janeiro (UFRJ)";1;1;1889;Brasil;2178-2792;1983-5922;1983-5922;"Antropología, Sociología"
20493;"Dilemas contemporáneos: educación, política y valores";"Asesorías y Tutorías para la Investigación Científica en la Educación Puig-Salabarría S.C.";1;1;8107;México;2007-7890;2007-7890;;Educación
26118;"Dimensiones turísticas";"Academia Mexicana de Investigación Turística A.C.";1;1;10777;México;2594-2069;2594-2069;;Turismo
24300;"Dios y el hombre";"Universidad Nacional de La Plata";1;1;10190;Argentina;2618-2858;2618-2858;;Religión
25768;"Dirāsāt Hispānicas";"Université de Tunis El Manar, Institut Supérieur des Sciences Humaines";1;1;11355;Iberoamericanistas-África;2286-5977;2286-5977;;"Historia, Lingüística, Literatura, Multidisciplinarias, Estudios latinoamericanos, Filología"
29692;"Direito & TI";"WB Educação";1;1;11812;Brasil;2447-1097;2447-1097;;"Derecho internacional, Criminología, Ciencia y Tecnología"
26868;"Direitos Democráticos & Estado Moderno";"Pontifícia Universidade Católica de São Paulo (PUC-SP)";1;1;11171;Brasil;2675-7648;2675-7648;;"Ciencias sociales y humanidades, Derecho y jurisprudencia, Derecho civil, Derecho internacional, Derecho público, Derechos humanos"
27074;Discursividades;"Universidade Estadual da Paraíba (UEPB)";1;1;11136;Brasil;2594-6269;2594-6269;;"Cultura, Lingüística, Literatura, Humanidades"
20112;"Discurso & sociedad";"Universidad de Alicante";1;1;7825;España;1887-4606;1887-4606;;Lingüística
25915;"Discursos del sur";"Universidad Nacional Mayor de San Marcos, Facultad de Ciencias Sociales. Unidad de Posgrado";1;1;10722;Perú;2617-2291;2617-2283;2617-2283;"Ciencias sociales y humanidades"
25738;Diseminaciones;"Universidad Autónoma de Querétaro, Facultad de Lenguas y Letras";1;1;11966;México;2683-3298;2683-3298;;"Ciencias sociales y humanidades, Filosofía, Lingüística, Literatura, Humanidades"
26082;Diseña;"Pontificia Universidad Católica de Chile. Escuela de Diseño";1;1;10772;Chile;2452-4298;0718-8447;0718-8447;"Diseño, Humanidades"
25328;Disparidades;"Editorial CSIC";1;1;10518;España;2659-6881;2659-6881;;Antropología
24968;"Dissertare. Revista de Investigación en Ciencias Sociales";"Universidad Centroccidental Lisandro Alvarado";1;1;10388;Venezuela;2542-3177;2542-3177;;"Administración, Contabilidad, Economía, Educación, Psicología, Sociología, Finanzas, Humanidades"
28970;"Distopía y sociedad";"Amigos de Erving: Asociación para el Fomento y la Difusión de la Investigación Social";1;1;11565;España;2792-2901;2792-2901;;"Antropología, Filosofía, Literatura, Sociología, Humanidades"
23360;"Diversitas Journal";"Universidade Estadual de Alagoas (UNEAL)";1;1;9770;Brasil;2525-5215;2525-5215;;Multidisciplinarias
23465;Diversitates;"Universidade Federal Fluminense (UFF)";1;1;9828;Brasil;1984-5073;1984-5073;;"Filosofía, Humanidades"
27185;Divulgatio.;"Universidad Nacional de Quilmes";1;1;11189;Argentina;2591-3530;2591-3530;;"Biotecnología, Ciencias sociales y humanidades, Economía, Ciencia"
5933;DIXIT;"Universidad Católica del Uruguay, Licenciatura en Comunicación Social";1;1;1920;Uruguay;0797-3691;1688-3497;1688-3497;"Ciencias de la comunicación"
5939;"Docencia e investigación";"Universidad de Castilla-La Mancha, Facultad de Educación de Toledo";1;1;1922;España;2340-2725;1133-9926;1133-9926;Educación
25366;Docere;"Universidad Autónoma de Aguascalientes, Departamento de Formación y Actualización Académica";1;1;10537;México;2683-2526;2007-6487;2007-6487;Educación
19261;"Documentación de las ciencias de la información";"Servicio de publicaciones. Universidad Complutense de Madrid";1;1;7233;España;1988-2890;0210-4210;;"Bibliotecología, Ciencias de la información"
22328;"Documentos de trabajo (Instituto Universitario de Investigación en Estudios Latinoamericanos (IELAT))";"IELAT, Universidad de Alcalá";1;1;9204;España;1989-8819;1989-8819;;"Estudios latinoamericanos"
6046;"Documents d'anàlisi geogràfica";"Servicio de Publicaciones";1;1;1934;España;2014-4512;0212-1573;0212-1573;Geografía
6055;"Domínios de Lingu@gem";"Universidade Federal de Uberlândia (UFU)";1;1;1937;Brasil;1980-5799;1980-5799;;Lingüística
23806;Dorsal;"CENALTES Ediciones";1;1;10004;Chile;0719-7519;0719-7519;;"Ciencias sociales y humanidades, Filosofía"
25862;"Dos Algarves. A Multidisciplinary E-journal";"Escola Superior de Gestão, Hotelaria e Turismo";1;1;10697;Portugal;2182-5580;0873-7347;0873-7347;Multidisciplinarias
6066;"Dossiers feministes";"Universidad Jaume I, Publicaciones de la Universidad Jaume I";1;1;1941;España;2340-4930;;1139-1219;"Sociología, Estudios de género"
6073;"Doxa Comunicación";"Universidad CEU San Pablo, Facultad  de Humanidades y Ciencias de la Comunicación";1;1;1943;España;2386-3978;;1696-019X;"Ciencias de la comunicación"
6074;"Doxa. Cuadernos de filosofía del derecho";"Universidad de Alicante";1;1;1944;España;2386-4702;0214-8676;0214-8676;"Derecho y jurisprudencia, Filosofía"
19268;Drassana;"Museu Marítim de Barcelona";1;1;7235;España;2385-3425;0214-2279;0214-2279;"Antropología, Historia"
6078;"DRd - Revista Desenvolvimento Regional em Debate";"Universidade do Contestado (UnC)";1;1;1945;Brasil;2237-9029;2237-9029;;"Ciencias sociales y humanidades, Estudios regionales"
6087;Duazary;"Universidad del Magdalena";1;1;1949;Colombia;2389-783X;1794-5992;1794-5992;"Medicina, Salud pública, Enfermería"
25408;DYCSVICTORIA;"Universidad Autónoma de Tamaulipas";1;1;11346;México;2683-1821;2683-1821;;"Ciencias sociales y humanidades, Derecho y jurisprudencia"
6096;Dyna;"Universidad Nacional de Colombia";1;1;12040;Colombia;2346-2183;0012-7353;0012-7353;"Ingeniería, Ingeniería civil, Ingeniería mecánica, Ingeniería minera, Tecnología, Ingeniería de materiales"
6095;Dyna;"Publicaciones DYNA SL";1;1;1953;España;1989-1490;0012-7361;0012-7361;"Ingeniería, Industria, Metalurgia"
22339;"Dyna management";"Publicaciones DYNA SL";1;1;9211;España;2340-6585;2340-6585;;"Economía de la empresa"
22356;"Dyna. Energía y sostenibilidad";"Publicaciones DYNA SL";1;1;9225;España;2254-2833;2254-2833;;"Ingeniería eléctrica, Energía"
22355;"Dyna. New technologies";"Publicaciones DYNA SL";1;1;9224;España;2386-8406;;;"Ingeniería eléctrica, Telecomunicaciones"
23561;e-Agronegocios;"Tecnológico de Costa Rica";1;1;9885;"Costa Rica";2215-3462;;;"Agronomía, Economía, Economía agrícola"
6120;"E-Ciencias de la Información";"Universidad de Costa Rica, Escuela de Bibliotecología y Ciencias de la Información";1;1;1966;"Costa Rica";1659-4142;1659-4142;;"Bibliotecología, Ciencias de la información"
6147;E-Compós;"Associação Nacional dos Programas de Pós-Graduação em Comunicação (COMPÓS)";1;1;1975;Brasil;1808-2599;;;"Ciencias de la comunicación"
24226;E-motion;"Servicio de publicaciones de la Universidad de Huelva";1;1;10176;España;2341-1473;2341-1473;;"Deportes, Educación, Pedagogía, Psicología, Tecnología educativa"
6862;e-pública;"Universidad de Zaragoza, Facultad de Ciencias Económicas y Empresariales";1;1;2243;España;1885-5628;;;"Economía, Educación superior"
23820;"e-Revista internacional de la protección social";"Universidad de Sevilla";1;1;10011;España;2445-3269;2445-3269;;"Ciencias sociales y humanidades, Derecho laboral"
6883;E-RPH;"Universidad de Granada";1;1;2255;España;1988-7213;;;"Bellas artes"
23727;e-RUA;"Universidad Veracruzana, Facultad de Arquitectura";1;1;11450;México;2954-4149;2954-4149;2007-3992;"Arquitectura, Arte, Artes plásticas, Diseño, Ingeniería civil, Urbanismo"
23836;E-TEALS;"CETAPS (The Centre for English, Translation and Anglo-Portuguese Studies)";1;1;10019;Portugal;1647-712X;1647-712X;;"Cultura, Lingüística, Literatura"
6104;E+E;"Secretaría de Extensión, Facultad de Filosofía y Humanidades, Universidad de Córdoba";1;1;11005;Argentina;1853-8088;1852-0278;1852-0278;"Ciencias sociales y humanidades"
22428;"e3 – Revista de Economia, Empresas e Empreendedores na CPLP";"Áurea Sandra Toledo de Sousa & Maria José Angélico Gonçalves";1;1;9268;Portugal;2183-7201;2183-380X;2183-380X;"Administración, Ciencias sociales y humanidades, Contabilidad, Economía, Economía de la empresa, Finanzas"
29178;"EASI: Ingeniería y Ciencias Aplicadas en la Industria.";"Universidad de Guayaquil";1;1;11593;Ecuador;2953-6634;;;Ingeniería
6114;"ECA Sinergia";"Universidad Técnica de Manabí, Facultad de Ciencias Administrativas y Económicas";1;1;1962;Ecuador;2528-7869;2528-7869;1390-6623;"Administración, Contabilidad, Economía"
6121;ECIPERÚ;"Centro de Preparación para la Ciencia y Tecnología";1;1;1967;Perú;1813-0194;1813-0194;;Multidisciplinarias
6123;"Eclética Química";"Universidade Estadual Paulista Júlio de Mesquita Filho (Unesp)";1;1;1968;Brasil;1678-4618;0100-4670;0100-4670;Química
10055;"Eco matemático";"Universidad Francisco de Paula Santander";1;1;11466;Colombia;2462-8794;1794-8231;1794-8231;"Computación, Física, Matemáticas, Estadística"
29924;"ECOAgropecuaria. Revista Científica Ecológica Agropecuaria.";"Facultades de Ciencias Agrarias y Medicina Veterinaria y Zootecnia de la Universidad de Guayaquil";1;1;11876;Ecuador;2953-6596;;;"Agronomía, Química"
20714;Ecofronteras;"El Colegio de la Frontera Sur";1;1;8256;México;2448-8577;2007-4549;2007-4549;Multidisciplinarias
6158;Economía;"Pontificia Universidad Católica del Perú, Departamento de Economía";1;1;1979;Perú;2304-4306;0254-4415;0254-4415;Economía
22982;"Economía agraría y recursos naturales";"Editorial UPV de la Universitat Politècnica de València";1;1;9579;España;2174-7350;1578-0732;;"Agronomía, Economía agrícola"
28625;"Economia Agro-alimentare";"Editor Jefe:  Maurizio Canavari, Ph.D.,  Department of Agricultural and Food Sciences , Alma Mater Studiorum-Università di Bologna,  viale Giuseppe Fanin, 50  40127 Bologna, Italia";1;1;11428;Iberoamericanistas-Europa;1972-4802;1126-1668;1126-1668;"Administración, Economía, Desarrollo económico, Economía de la empresa, Economía agrícola, Estudios regionales"
22381;"Economía creativa";"Centro de Investigación en Economía Creativa";1;1;9239;México;2395-8200;2395-8200;;Economía
6195;"Economía UNAM";"Universidad Nacional Autónoma de México, Facultad de Economía, Facultad de Estudios Superiores, Plantel Aragón, Plantel Acatlán; Instituto de Investigaciones Económicas";1;1;1994;México;2448-8143;1665-952X;1665-952X;Economía
14581;"Economía y Administración";"Universidad Nacional Autónoma de Honduras, Instituto de Investigaciones Económicas y Sociales";1;1;5283;Honduras;2222-2707;2219-6722;2219-6722;"Administración, Ciencia política y administración pública, Economía, Desarrollo económico"
26290;"Economía y negocios";"Universidad Nacional Jorge Basadre Grohmann. Escuela Profesional de Ingeniería Comercial";1;1;10827;Perú;2708-6062;2708-6062;;"Administración, Economía, Finanzas"
23591;"Economía y Negocios";"Universidad UTE";1;1;9906;Ecuador;2602-8050;2602-8050;;"Contabilidad, Economía, Finanzas"
19274;"Economía y sociedad";"Editorial de la Universidad Nacional";1;1;7239;"Costa Rica";2215-3403;1409-1070;1409-1070;Economía
6211;"Economía, sociedad y territorio";"El Colegio Mexiquense A.C.";1;1;2003;México;2448-6183;1405-8421;1405-8421;"Economía, Geografía, Sociología"
6194;"Economía: teoría y práctica";"Universidad Autónoma Metropolitana, Unidad Iztapalapa, Departamento de Economía";1;1;1993;México;2448-7481;0188-3380;0188-3380;Economía
20786;"Economic development and cultural change";"University of Chicago, Research Center in Economic Development and Cultural Change";1;1;8293;"Iberoamericanistas-América del Norte";1539-2988;0013-0079;0013-0079;"Economía, Desarrollo económico"
6220;Económica;"Universidad Nacional de La Plata, Facultad de Ciencias Económicas.";1;1;2007;Argentina;1852-1649;0013-0419;0013-0419;"Economía, Estudios latinoamericanos"
19275;"Economics and business letters";"Universidad de Oviedo";1;1;7240;España;2254-4380;;;"Economía de la empresa"
6227;EconoQuantum;"Universidad de Guadalajara, Centro Universitario de Ciencias Económico Administrativas, Departamento de Métodos Cualitativos";1;1;2008;México;2007-9869;1870-6622;1870-6622;"Economía, Econometría"
19276;Ecos;"Editora Universitaria UASD";1;1;7241;"República Dominicana";2676-0797;;2310-0680;"Ciencias sociales y humanidades, Historia"
28007;ECOS;"Asociación Uruguaya de Acústica. Universidad de la República, Facultad de Ingeniería";1;1;11662;Uruguay;2697-2913;2697-2913;;"Ingeniería, Ingeniería de comunicaciones, electrónica y control, Ingeniería de materiales, Ingeniería de instrumentos"
1060;"Ecos de la Academia";"Universidad Técnica del Norte";1;1;405;Ecuador;2550-6889;1390-969X;1390-969X;"Arte, Deportes, Educación, Psicología"
27701;Ecos.;"Universidad Nacional de La Plata";1;1;11217;Argentina;2718-6199;2718-6199;;Música
6238;Ecosistemas;"Asociación Española de Ecología Terrestre";1;1;2009;España;1697-2473;1697-2473;;Ecología
20704;"Ecosistemas y recursos agropecuarios";"Universidad Juárez Autónoma de Tabasco, Dirección de Investigación y Posgrado";1;1;8252;México;2007-901X;2007-901X;2007-9028;Multidisciplinarias
25167;"Ecuador es Calidad: Revista Científica Ecuatoriana";"Agencia de Regulación y Control Fito y Zoosanitario";1;1;10446;Ecuador;2528-7850;;;"Agronomía, Ganadería"
24946;"Ecuadorian Science Journal";"GDEON Editorial";1;1;10377;Ecuador;2602-8077;;;"Agronomía, Educación, Multidisciplinarias, Tecnología, Estudios sociales de la salud"
6248;"Edad de oro";"Universidad Autónoma de Madrid, Departamento de Filología";1;1;2012;España;2605-3314;0212-0429;0212-0429;Literatura
6249;"Edad Media";"Universidad de Valladolid, Secretariado de Publicaciones";1;1;2013;España;2530-6448;1138-9621;1138-9621;Historia
24822;"Edähi boletín científico de ciencias sociales y humanidades del ICSHU";"Universidad Autónoma del Estado de Hidalgo";1;1;11310;México;2007-4581;2007-4581;;"Ciencias sociales y humanidades"
6253;Edetania;"UCV ""San Vicente Mártir"". Vicerrectorado de Investigación, Desarrollo e innovación. Servicio de Publicaciones";1;1;2015;España;2603-5944;0214-8560;0214-8560;"Educación, Pedagogía"
19978;Edmetic;"Universidad de Córdoba";1;1;7736;España;2254-0059;2254-0059;;Educación
21304;Educa;"Universidade Federal de Rondônia (UNIR)";1;1;8511;Brasil;2359-2087;2359-2087;;"Ciencias sociales y humanidades, Educación, Multidisciplinarias, Pedagogía, Humanidades, Planificación educativa, Tecnología educativa, Educación media o secundaria, Educación preescolar, Educación primaria, Educación superior"
23873;Educa;"Fundação Manuel Leão";1;1;10036;Portugal;2183-5136;2183-4857;;"Arte, Cultura, Diseño, Educación, Etica, Filosofía, Lingüística, Literatura, Religión, Humanidades, Filología"
24341;"Educação & Formação";"Universidade Estadual do Ceará (UECE)";1;1;10198;Brasil;2448-3583;2448-3583;;"Educación, Educación media o secundaria, Educación preescolar, Educación primaria, Educación superior"
6268;"Educação & Realidade";"Universidade Federal do Rio Grande do Sul, Faculdade de Educação";1;1;2021;Brasil;2175-6236;0100-3143;0100-3143;Educación
6282;"Educação e Pesquisa";"Universidade de São Paulo (USP)";1;1;2027;Brasil;1678-4634;1517-9702;1517-9702;"Educación, Pedagogía, Psicología, Sociología, Educación media o secundaria, Educación primaria, Educación superior"
24405;"Educação em Análise";"Universidade Estadual de Londrina (UEL)";1;1;11902;Brasil;2448-0320;2448-0320;;"Educación, Planificación educativa, Tecnología educativa"
24632;"Educação Matemática Debate";"Universidade Estadual de Montes Claros (UNIMONTES)";1;1;10261;Brasil;2526-6136;2526-6136;;"Educación, Matemáticas, Pedagogía"
19278;"Educação Por Escrito";"Pontifícia Universidade Católica do Rio Grande do Sul (PUCRS)";1;1;7243;Brasil;2179-8435;2179-8435;;"Educación, Pedagogía, Tecnología educativa, Educación primaria, Educación superior, Estudios de género"
21930;"Educació i història";"Societat d'Història de l'Educació dels Països de Llengua Catalana";1;1;8940;España;2013-9632;1134-0258;;"Educación, Historia"
6310;Educación;"Pontificia Universidad Católica del Perú. Departamento de Educación";1;1;2040;Perú;2304-4322;1019-9403;1019-9403;Educación
6311;Educación;"Universidad Femenina del Sagrado Corazón";1;1;2041;Perú;2708-5074;1813-3363;1813-3363;Educación
214;"Educación artística";"Institut Universitari de Creativitat i Innovacions Educatives";1;1;79;España;2254-7592;1695-8403;1695-8403;"Ciencias sociales y humanidades, Educación"
24879;"Educación de adultos y proceso formativos";"Universidad de Playa Ancha de Ciencias de la Educación. Facultad de Ciencias de la Educación";1;1;10351;Chile;0719-6997;0719-6997;;"Educación, Educación superior"
23241;"Educación en ciencias biológicas";"Consejo de Formación en Educación, Departamento Académico de Ciencias Biológicas";1;1;9701;Uruguay;2393-6967;2393-6959;2393-6959;"Biología, Educación, Pedagogía, Educación superior"
6323;"Educación en la química";ADEQRA;1;1;11111;Argentina;2344-9683;0327-3504;0327-3504;"Educación, Química, Educación media o secundaria"
6326;"Educación física y ciencia";"Universidad Nacional de La Plata. Facultad de Humanidades y Ciencias de la Educación.";1;1;2044;Argentina;2314-2561;1514-0105;1514-0105;"Deportes, Educación"
19279;"Educación física, experiencias e investigaciones";"Departamento de Educación Física, Centro Regional Universitario Bariloche, Universidad Nacional del Comahue";1;1;7244;Argentina;1852-9372;1852-9372;;Educación
6328;"Educación matemática";"Sociedad Mexicana de Investigación y Divulgación de la Educación Matemática";1;1;2046;México;2448-8089;0187-8298;0187-8298;"Educación, Matemáticas"
6336;"Educación química";"Universidad Nacional Autónoma de México, Facultad de Química";1;1;2048;México;1870-8404;0187-893X;0187-893X;"Educación, Química"
22625;"Educación superior";"Ediciones UAPA";1;1;9332;"República Dominicana";2636-2163;2071-1271;2071-1271;"Educación, Educación superior"
6344;"Educación XX1";"Universidad Nacional de Educación a Distancia. Facultad de Educación";1;1;2051;España;2174-5374;1139-613X;1139-613X;Educación
6347;"Educación y ciencia";"Universidad Autónoma de Yucatán, Facultad de Educación";1;1;2052;México;2448-525X;0188-3364;0188-3364;Educación
21321;"Educación y Ciudad";"Instituto para la Investigación Educativa y el Desarrollo Pedagógico";1;1;8524;Colombia;2357-6286;0123-0425;0123-0425;"Educación, Pedagogía"
6358;"Educación y Humanismo";"Universidad Simón Bolívar";1;1;2057;Colombia;2665-2420;0124-2121;0124-2121;"Educación, Humanidades"
24321;"Educación y salud boletín científico Instituto de Ciencias de la Salud Universidad Autónoma del Estado de Hidalgo.";"Universidad Autónoma del Estado de Hidalgo";1;1;11386;México;2007-4573;2007-4573;;"Medicina, Estudios sociales de la salud"
23504;"Educación y Sociedad";"Universidad de Ciego de Ávila Máximo Gómez Báez";1;1;9852;Cuba;1811-9034;1811-9034;;"Educación, Pedagogía, Tecnología educativa, Educación media o secundaria, Educación preescolar, Educación primaria, Educación superior"
24985;"Educación y vínculos";"Facultad de Ciencias de la Educación";1;1;10394;Argentina;2591-6327;2591-6327;;"Ciencias de la comunicación, Cultura, Educación, Estudios de género, Derechos humanos"
22247;"EDUCACIÓN, ARTE Y COMUNICACIÓN: Revista académica, investigativa y cultural.";"Universidad Nacional de Loja";1;1;9154;Ecuador;2602-8174;2602-8174;1390-9029;"Arte, Ciencias de la comunicación, Educación, Humanidades"
6363;"Educación, lenguaje y sociedad";"Universidad Nacional de La Pampa; Facultad de Ciencias Humanas; Instituto para el Estudio de la Educación, el Lenguaje y la Sociedad";1;1;2059;Argentina;2545-7667;2545-7667;1668-4753;"Educación, Lingüística, Sociología"
28055;EducaMuseo;"Centro de Investigaciones y Estudios sobre Cultura y Sociedad;  Consejo Nacional de Investigaciones Científicas y Técnicas; Universidad Nacional de Córdoba";1;1;11741;Argentina;2953-4283;2953-4283;;"Educación, Sociología, Estudios de género"
23741;"Educando para educar";"Benemérita y Centenaria Escuela Normal del Estado de San Luis Potosí";1;1;9971;México;2683-1953;2007-1469;2007-1469;Educación
6372;Educar;"Universitat Autònoma de Barcelona, Servei de Publicacions";1;1;2062;España;2014-8801;0211-819X;0211-819X;Educación
6374;"Educar em Revista";"Universidade Federal do Paraná (UFPR)";1;1;2064;Brasil;1984-0411;0104-4060;0104-4060;Educación
6376;Educare;"Universidad Pedagógica Experimental Libertador, Instituto Pedagógico Luis Beltrán Prieto Figueroa, Subdirección de Investigación y Posgrado";1;1;2065;Venezuela;2244-7296;1316-6212;1316-6212;Educación
6378;Educare;"Universidad Nacional, Centro de Investigación y Docencia en Educación (CIDE)";1;1;2066;"Costa Rica";1409-4258;1409-4258;;Educación
24598;"Educare et comunicare";"Universidad Católica Santo Toribio Mogrovejo. Facultad de Humanidades";1;1;10255;Perú;2312-9018;2312-9018;;Humanidades
20538;Educateconciencia;"Universidad Tecnocientífica del Pacífico S.C.";1;1;8134;México;2683-2836;2007-6347;;Multidisciplinarias
6383;"Educatio siglo XXI";"Ediciones de la Universidad de Murcia (EDITUM). Servicio de Publicaciones";1;1;2069;España;1989-466X;1699-2105;1699-2105;Educación
23882;"Education in the knowledge society";"Ediciones Universidad de Salamanca";1;1;10039;España;2444-8729;2444-8729;;Educación
30025;"Education policy analysis archives";"Arizona State University";1;1;12057;"Iberoamericanistas-América del Norte";1068-2341;1068-2341;;"Educación, Planificación educativa"
29052;"Educationis Momentum";"Universidad Católica San Pablo";1;1;11611;Perú;2517-9853;2517-9853;;"Educación, Humanidades, Educación media o secundaria, Educación preescolar, Educación primaria, Educación superior"
24360;Educitec;"Instituto Federal de Educação, Ciência e Tecnologia do Amazonas (IFAM)";1;1;11166;Brasil;2446-774X;2446-774X;;"Educación, Tecnología educativa"
6390;Edumecentro;"Universidad de Ciencias Médicas de Villa Clara";1;1;2072;Cuba;2077-2874;2077-2874;;"Salud pública"
24000;Eduser;"Universidad César Vallejo. Facultad de Educación e Idiomas";1;1;10088;Perú;2412-2769;2412-2769;;Educación
6394;"Edutec. Revista electrónica de tecnología educativa";"Universidad de las Islas Baleares, Grupo de Tecnología Educativa, Departamento de Ciencias de la Educación";1;1;2075;España;1135-9250;;;Educación
21358;EGA;"Universitat Politècnica de València";1;1;8544;España;2254-6103;1133-6137;;"Arquitectura, Urbanismo"
27281;Egan;"Real Sociedad Bascongada de los Amigos del País";1;1;11047;España;2794-0454;0422-7328;0422-7328;"Literatura, Teatro, Poesía, Filología"
6406;"Egitania Sciencia";"Instituto Politécnico da Guarda";1;1;2079;Portugal;2975-9064;1646-8848;1646-8848;Multidisciplinarias
21780;Ehquidad;"Asociación Internacional de Ciencias Sociales y Trabajo Social (AICTS)";1;1;8826;España;2386-4915;2386-4915;;"Derecho público, Educación, Psicología, Sociología, Desarrollo económico, Trabajo social"
20950;EÍDOS;"Universidad UTE";1;1;8387;Ecuador;1390-5007;1390-5007;;"Arquitectura, Cultura, Multidisciplinarias, Urbanismo"
20514;"Eikón Imago";"Univ. Complutense de Madrid, Dep. Historia del Arte, Fac. Geografía e Historia";1;1;8119;España;2254-8718;2254-8718;;"Arte, Filosofía, Historia del arte, Literatura, Humanidades"
26230;"Eirene estudios de paz y conflictos";"Eirene, Estudios de Paz y Conflictos A.C.";1;1;10808;México;2594-2883;2594-2883;;"Ciencias sociales y humanidades, Multidisciplinarias, Sociología, Derechos humanos"
24286;"Ejes de economía y sociedad";"Facultad de Ciencias Económicas - Universidad Nacional de Entre Ríos";1;1;11511;Argentina;2591-4669;2591-4669;;"Ciencias sociales y humanidades, Economía, Educación, Historia, Psicología, Trabajo social"
6422;Ekonomiaz;"Ogasun eta Ekonomia Saila / Departamento de Hacienda y Economía Eusko Jaurlaritza/Gobierno Vasco";1;1;2087;España;2340-4051;0213-3865;0213-3865;Economía
29385;Ektenos;"Universidad Hosanna";1;1;12002;Panamá;2710-7477;2710-7477;;"Administración, Derecho y jurisprudencia, Literatura, Multidisciplinarias, Tecnología"
22765;"El Argonauta español";"UMR Telemme";1;1;9435;Iberoamericanistas-Europa;1765-2901;1765-2901;;"Ciencias de la comunicación, Historia"
26073;"El cálculo y su enseñanza";"Instituto Politécnico Nacional, Centro de Investigación y de Estudios Avanzados";1;1;11868;México;2007-4107;2007-4093;;"Educación, Matemáticas, Tecnología, Ciencia y Tecnología, Educación preescolar, Ciencias naturales"
24962;"El cardo";"Área Didáctica, Facultad de Ciencias de la Educación, Universidad Nacional de Entre Ríos";1;1;10385;Argentina;1851-1562;1514-7347;;"Educación, Psicología, Planificación educativa, Estudios de género"
28837;"El Faro.";"Universidad de Flores";1;1;11778;Argentina;3008-8437;3008-8437;;"Educación, Educación superior"
6477;"El Futuro del Pasado. Revista electrónica de Historia";"Ediciones Universidad de Salamanca";1;1;2100;España;1989-9289;1989-9289;;Historia
6485;"El Guiniguada";"Universidad de Las Palmas de Gran Canaria (ULPGC).  Servicio de Publicaciones y Difusión Científica (SPDC) y Facultad de Ciencias de la Educación";1;1;2103;España;2386-3374;0213-0610;0213-0610;"Ciencias sociales y humanidades, Educación, Psicología, Educación media o secundaria, Educación primaria, Educación superior"
23948;"El hilo de la fábula";"Ediciones UNL";1;1;10074;Argentina;2362-5651;1667-7900;;Literatura
6491;"El hornero";"Aves Argentinas / Asociación Ornitológica del Plata";1;1;2108;Argentina;1850-4884;0073-3407;0073-3407;"Biología, Zoología"
23610;"El jardín de los poetas";"Facultad de Humanidades";1;1;9918;Argentina;2469-2131;2469-2131;;"Arte, Literatura, Poesía"
28350;"El matadero";"Facultad de Filosofía y Letras, Universidad de Buenos Aires";1;1;11388;Argentina;2683-9687;2683-9687;;"Cultura, Literatura"
6507;"El Notario del siglo XXI";"Colegio Notarial de Madrid";1;1;2111;España;2444-4421;1885-009X;1885-009X;"Derecho y jurisprudencia, Derecho civil, Derecho internacional, Derecho mercantil, Derecho penal, Derecho fiscal"
19743;"El oído pensante";"Universidad de Buenos Aires; Facultad de Filosofía y Letras; Instituto de Ciencias Antropológicas";1;1;7563;Argentina;2250-7116;2250-7116;;Música
6510;"El ojo que piensa. Revista de cine iberoamericano";"Universidad de Guadalajara,  Centro Universitario de Ciencias Sociales y Humanidades,";1;1;2112;México;2007-4999;2007-4999;;Cine
19286;"El Ornitorrinco Tachado";"Universidad Autónoma del Estado de México, Facultad de Artes";1;1;7248;México;2448-6949;2448-6930;2448-6930;"Arte, Artes plásticas, Cultura, Filosofía, Historia del arte"
26982;"El palma de la Juventud";"Universidad Ricardo Palma";1;1;11022;Perú;2789-0813;2789-0813;;"Lingüística, Literatura, Poesía"
28902;"El Peldaño";"Departamento de Teatro, Facultad de Artes, Universidad Nacional del Centro de la Provincia de Buenos Aires";1;1;11628;Argentina;3008-7562;1666-9460;;"Arte, Cine, Historia del arte, Lingüística, Literatura, Teatro"
6514;"El periplo sustentable";"Universidad Autónoma del Estado de México, Facultad de Turismo y Gastronomía";1;1;2113;México;1870-9036;1870-9036;;Turismo
28380;"El Pez y la Flecha. Revista de Investigaciones Literarias";"Universidad Veracruzana, Instituto de Investigaciones Lingüístico-Literarias";1;1;11484;México;2954-3843;2954-3843;;Literatura
23867;"El taco en la brea";"Centro de Publicaciones de la Universidad Nacional del Litoral";1;1;10032;Argentina;2362-4191;2362-4191;;"Literatura, Humanidades"
6535;"El Trimestre económico";"Fondo de Cultura Económica";1;1;2118;México;2448-718X;0041-3011;0041-3011;Economía
6540;Elecciones;"Oficina Nacional de Procesos Electorales";1;1;2121;Perú;1995-6290;1994-5272;1994-5272;"Ciencia política y administración pública"
6554;"Electronic journal of research in educational psychology";"Editorial Universidad de Almería";1;1;2124;España;1696-2095;;;"Educación, Psicología"
28630;Élenkhos;"Sociedad filosófica del Uruguay";1;1;11435;Uruguay;2730-5236;2393-6819;;Filosofía
6565;"Eletrônica de Potência";"Sociedade Brasileira de Eletrônica de Potência";1;1;11599;Brasil;1984-557X;1414-8862;1414-8862;"Ingeniería de comunicaciones, electrónica y control, Ingeniería eléctrica"
6568;Elia;"Universidad Nacional de Educación a Distancia";1;1;2129;España;2253-8283;1576-5059;1576-5059;"Lingüística, Literatura"
22593;Elos;"Universidade de Santiago de Compostela";1;1;9310;España;2386-7620;2386-7620;;"Educación, Literatura"
6580;"Em Questão";"Universidade Federal do Rio Grande do Sul (UFRGS)";1;1;2136;Brasil;1808-5245;2447-5750;1807-8893;"Bibliotecología, Ciencias de la información, Museología"
21615;"Em Tese";"Universidade Federal de Santa Catarina (UFSC)";1;1;8709;Brasil;1806-5023;1806-5023;;"Ciencia política y administración pública, Ciencias sociales y humanidades, Sociología"
6586;Emancipação;"Universidade Estadual de Ponta Grossa (UEPG)";1;1;2137;Brasil;1982-7814;1519-7611;1519-7611;"Ciencias sociales y humanidades, Educación, Multidisciplinarias, Sociología, Trabajo social"
21690;Eme;"Universitat Politècnica de València";1;1;8765;España;2341-3018;2253-6337;2253-6337;"Artes plásticas, Bellas artes, Diseño, Humanidades"
26131;"Emerging Trends in Education";"Universidad Juárez Autónoma de Tabasco, Secretaría de Investigación Posgrado y Vinculación";1;1;10781;México;2594-2840;2594-2840;;"Ciencias sociales y humanidades, Educación"
6597;"Emerita. Revista de Lingüística y Filología Clásica";"Editorial CSIC";1;1;2141;España;1988-8384;0013-6662;0013-6662;"Lingüística, Filología"
6598;"Empiria. Revista de metodología de ciencias sociales";"Universidad Nacional de Educación a Distancia, Facultad de Ciencias Políticas y Sociología, Departamento de Sociología I, Teoría, Metodología y Cambio Social";1;1;2142;España;2174-0682;;1139-5737;Sociología
19290;"En la España medieval";"Universidad Complutense de Madrid, Servicio de publicaciones.";1;1;7251;España;1988-2971;0214-3038;;Historia
28043;"En la otra isla";"Instituto de Artes del Espectáculo, Facultad de Filosofía y Letras, Universidad de Buenos Aires";1;1;11260;Argentina;2796-9924;2796-9924;;"Arte, Cine, Cultura, Humanidades"
27400;"En las Fronteras del Derecho";"Universidad de La Frontera";1;1;11700;Chile;2735-7236;2735-7236;;"Ciencia política y administración pública, Ciencias sociales y humanidades, Derecho y jurisprudencia, Derecho civil, Derecho internacional, Derechos humanos"
24138;"En letra derecho penal";"En Letra. Derecho Penal";1;1;10140;Argentina;2469-0864;2469-0864;;"Derecho penal"
28831;"En líneas generales";"Universidad de Lima. Programa de Estudios Generales";1;1;11925;Perú;2616-6658;2616-6658;;Multidisciplinarias
6617;"En-claves del pensamiento";"Instituto Tecnológico y de Estudios Superiores de Monterrey, Escuela de Humanidades y Educación";1;1;2149;México;2594-1100;1870-879X;1870-879X;"Arte, Filosofía, Historia, Literatura, Psicología"
25556;Encartes;"Centro de Investigación y Estudios Superiores en Antropología Social; Instituto Tecnológico y de Estudios Superiores de Occidente; El Colegio de la Frontera Norte";1;1;10596;México;2594-2999;2594-2999;;"Antropología, Ciencias de la comunicación, Ciencias sociales y humanidades"
6622;"Encontros Bibli";"Universidade Federal de Santa Catarina (UFSC)";1;1;2151;Brasil;1518-2924;1518-2924;;"Bibliotecología, Ciencias de la información, Museología"
23620;"Encounters in theory and history of education";"Queen’s University, Faculty of Education";1;1;9922;"Iberoamericanistas-América del Norte";2560-8371;2560-8371;;Educación
6628;"Encrucijada. Revista electrónica del Centro de Estudios en Administración Pública";"Universidad Nacional Autónoma de México, Facultad de Ciencias Políticas y Sociales, Centro de Estudios en Administración Pública";1;1;2153;México;2007-1949;2007-1949;;"Ciencia política y administración pública"
27333;"Encuentro educativo";"Área de Revistas Científicas y Académicas, Instituto de Ciencias de la Educación, Facultad de Filosofía y Letras, Universidad Nacional de Cuyo";1;1;11405;Argentina;2718-8035;2718-8035;;"Educación, Planificación educativa"
23987;Encuentros;"Universidad Nacional Experimental Rafael María Baralt";1;1;10086;Venezuela;2610-8046;2343-6131;;"Ciencias sociales y humanidades"
6644;"Encuentros latinoamericanos";"Universidad de la República, Facultad de Humanidades y Ciencias de la Educación, Centro de Estudios Interdisciplinarios Latinoamericanos ""Profesora Lucía Sala""";1;1;2160;Uruguay;1688-437x;1688-437x;;"Ciencias sociales y humanidades, Estudios locales, Estudios latinoamericanos"
6647;"Encuentros uruguayos";"Universidad de la República, Facultad de Humanidades y Ciencias de la Educación, Centro de Estudios Interdisciplinarios uruguayos (CEIU)";1;1;11292;Uruguay;1688-5236;1688-5236;;"Antropología, Historia, Estudios locales"
6660;Endoxa;"Editorial UNED";1;1;2164;España;2174-5676;1133-5351;1133-5351;Filosofía
26911;"Energías Renovables y Medio Ambiente";ASADES;1;1;11098;Argentina;2684-0073;0328-932X;;"Ciencias sociales y humanidades, Recursos naturales no renovables, Ciencia, Energía, Ciencia y Tecnología, Medio ambiente"
25949;"ENERLAC. Revista de Energía de Latinoamérica y el Caribe";"ENERLAC. Revista de Energía de Latinoamérica y el Caribe.";1;1;10734;Ecuador;2631-2522;2602-8042;;"Ingeniería eléctrica"
19294;Enfermería;"Universidad Católica del Uruguay, Facultad de Enfermería y Tecnologías de la Salud";1;1;7253;Uruguay;2393-6606;1688-8375;1688-8375;Enfermería
6689;"Enfermería Actual en Costa Rica";"Universidad de Costa Rica";1;1;2175;"Costa Rica";1409-4568;1409-4568;;Enfermería
26159;"Enfermería cuidándote";"Colegio Oficial de Enfermería de Málaga";1;1;10785;España;2695-9364;2695-9364;;Enfermería
20148;"Enfermeria Dermatológica";"Asociación Nacional de Enfermería Dermatológica e Investigación del Deterioro de la Integridad Cutánea (ANEDIDIC)";1;1;7848;España;2386-4818;1888-3109;;"Dermatología, Enfermería"
23503;"Enfermería Investiga";"Universidad Técnica de Ambato";1;1;9851;Ecuador;2550-6692;;;"Salud pública, Enfermería"
20536;"Enfermería Nefrológica";"Sociedad Española de Enfermería Nefrológica (SEDEN)";1;1;8133;España;2255-3517;2254-2884;;Enfermería
6700;"Enfermería universitaria";"Universidad Nacional Autónoma de México, Escuela Nacional de Enfermería y Obstetricia";1;1;2183;México;2395-8421;1665-7063;1665-7063;Enfermería
6707;Enfoque;"Universidad de Panamá, Facultad de Enfermería.";1;1;2185;Panamá;2644-3759;1816-2398;1816-2398;"Salud pública, Enfermería"
19296;"Enfoque UTE";"Universidad UTE";1;1;7255;Ecuador;1390-6542;;;"Ingeniería industrial, Ingeniería mecánica, Ingeniería petrolera, Tecnología, Tecnología de alimentos, Inteligencia artificial-robótica"
25676;Enfoques;"Centro de Estudios Transdisciplinarios Bolivia (CET-Bolivia)";1;1;11674;Bolivia;2616-8219;2616-8219;;"Ciencia política y administración pública, Economía, Finanzas"
28981;"Enfoques Transdisciplinarios: Ciencia y Sociedad";"Centro de Investigación y Asistencia en Tecnología y Diseño del Estado de Jalisco, A. C.";1;1;11964;México;3061-709X;3061-709X;;"Agronomía, Biotecnología, Multidisciplinarias, Tecnología"
6711;Enfoques.;"Universidad Adventista del Plata";1;1;2187;Argentina;1669-2721;1514-6006;1514-6006;"Filosofía, Historia"
21252;"ENIAC Pesquisa";"Centro Universitário Eniac";1;1;8460;Brasil;2316-2341;2316-2341;;"Administración, Contabilidad, Relaciones internacionales, Finanzas, Hacienda pública, Planificación del desarrollo"
6755;"Enlightening tourism";"Universidad de Huelva";1;1;2199;España;2174-548X;2174-548X;;"Economía, Turismo"
6759;Enrahonar;"Servei de Publicacions de la UAB";1;1;2201;España;2014-881X;0211-402X;0211-402X;Filosofía
6765;Ensaio;"Fundação Cesgranrio";1;1;2203;Brasil;1809-4465;0104-4036;0104-4036;Educación
27324;"Ensaios de Geografia";"Universidade Federal Fluminense (UFF)";1;1;11221;Brasil;2316-8544;2316-8544;;"Cartografía, Educación, Geografía, Ciencias de la tierra"
24889;Ensambles;"Universidad Nacional de General Sarmiento";1;1;10356;Argentina;2422-5541;2422-5444;;"Antropología, Ciencias de la comunicación, Ciencias sociales y humanidades, Estudios latinoamericanos, Estudios de género"
29472;Ensayo;"Pontificia Universidad Católica del Perú";1;1;11671;Perú;2710-2947;2413-9726;;Arquitectura
6793;Ensayos;"Universidad de Castilla-La Mancha";1;1;2212;España;2171-9098;0214-4824;;Educación
22072;"Ensayos de política económica";"Universidad Católica Argentina. Facultad de Ciencias Económicas. Departamento de Investigación Francisco Valsecchi";1;1;9035;Argentina;2313-979X;2313-9781;;Economía
26327;"Ensayos económicos.";"Banco Central de la República Argentina";1;1;10839;Argentina;1850-6046;0325-3937;;Economía
19298;"Ensayos pedagógicos";"Editorial Universidad Nacional";1;1;7256;"Costa Rica";2215-3330;1659-0104;1659-0104;"Educación, Pedagogía"
6791;"Ensayos. Revista de economía";"Universidad Autónoma de Nuevo León,  Facultad de Economía, Centro de Investigaciones Económicas";1;1;2211;México;2448-8402;2448-8402;1870-221X;"Ciencias sociales y humanidades, Economía"
6796;"Enseñanza de las Ciencias Sociales";"Institut de Ciències de l'Educació. Universitat Autónoma de Barcelona; Institut de Ciències de l'Educació. Universitat de Barcelona";1;1;2215;España;2014-7694;1579-2617;1579-2617;Educación
6797;"Enseñanza de las Ciencias. Revista de Investigación y Experiencias Didácticas";"Universitat Autònoma de Barcelona";1;1;2216;España;2174-6486;0212-4521;0212-4521;Educación
22045;Entorno;"Universidad Tecnológica de El Salvador";1;1;9018;"El Salvador";2218-3345;2071-8748;;Multidisciplinarias
19300;"Entre ciencia e ingeniería";"Universidad Católica de Pereira";1;1;7258;Colombia;2539-4169;1909-8367;1909-8367;"Ingeniería industrial"
20250;Entre-Lugar;"Universidade Federal da Grande Dourados (UFGD)";1;1;7935;Brasil;2177-7829;2176-9559;;Geografía
19976;"Entreciencias: diálogos en la sociedad del conocimiento";"Universidad Nacional Autónoma de México, Escuela Nacional de Estudios Superiores Unidad León";1;1;7735;México;2007-8064;2007-8064;;Multidisciplinarias
27249;Entreculturas;"UMA Editorial";1;1;11122;España;1989-5097;1989-5097;;"Cultura, Lingüística, Humanidades, Filología"
21632;"Entrediversidades. Revista de ciencias sociales y humanidades";"Universidad Autónoma de Chiapas, Instituto de Estudios Indígenas";1;1;8725;México;2007-7610;2007-7602;2007-7602;"Ciencias sociales y humanidades"
28843;Entrelíneas;"Universidad Euroamericana";1;1;11908;Panamá;2953-3023;2953-3023;;Multidisciplinarias
6825;Entrepalavras;"Universidade Federal do Ceará (UFC)";1;1;2231;Brasil;2237-6321;2237-6321;;Lingüística
26879;Entretextos;"Universidad de La Guajira, Facultad de Educación";1;1;11994;Colombia;2805-6159;0123-9333;0123-9333;"Ciencias sociales y humanidades, Educación"
26880;Entretextos;"Universidad Iberoamericana León";1;1;11285;México;2007-5316;2007-1426;2007-1426;Multidisciplinarias
6830;Enunciación;"Universidad Distrital Francisco José de Caldas";1;1;2232;Colombia;2248-6798;0122-6339;0122-6339;Lingüística
24437;"Environmental Smoke";"Environmental Smoke";1;1;10217;Brasil;2595-5527;2595-5527;;"Ecología, Ciencia, Medio ambiente"
27138;Ephata;"Universidade Católica Editora";1;1;11600;Portugal;2795-4900;2184-5778;2184-5778;Religión
29040;"Episteme & Praxis";"Universidad Metropolitana, sede Machala";1;1;11667;Ecuador;2960-8341;;;Multidisciplinarias
20870;"Epísteme Koinonía";"Fundación Koinonía";1;1;8338;Venezuela;2665-0282;2665-0282;;"Arte, Bellas artes, Educación, Humanidades"
25928;Epistemia;"Universidad Señor de Sipán. Vicerrectorado de Investigación";1;1;10727;Perú;2708-9010;2708-9010;;Multidisciplinarias
22996;"Epistemología e historia de la ciencia";"Área de Filosofía, Centro de Investigaciones, Facultad de Filosofía y Humanidades, Escuela de Filosofía, Universidad Nacional de Córdoba";1;1;9587;Argentina;2525-1198;2525-1198;;Filosofía
6854;Epistemus;"Universidad de Sonora, División de Ingeniería, División de Ciencias Exactas y Naturales, División Ciencias Biológicas y de la Salud";1;1;2240;México;2007-8196;2007-4530;2007-4530;"Multidisciplinarias, Salud pública, Ciencia y Tecnología"
23300;Epistemus.;"Universidad Nacional de La Plata";1;1;9731;Argentina;1853-0494;1853-0494;;"Arte, Cultura, Música"
28917;Épocas;"Universidad del Salvador, Facultad de Filosofía, Historia, Letras y Estudios Orientales";1;1;11520;Argentina;2250-6292;1851-443X;;"Ciencias sociales y humanidades, Geografía, Historia, Estudios latinoamericanos"
6858;"Epos. Revista de filología";"Universidad Nacional de Educación a Distancia, Facultad de Filología";1;1;2241;España;2255-3495;0213-201X;0213-201X;Lingüística
26728;Equinoccio.;"Asociación Uruguaya de Psicoterapia Psicoanalítica (AUDEPP)";1;1;11079;Uruguay;2730-4957;2730-4957;;Psicología
21913;Erasmo;"Universidad de Valladolid";1;1;8929;España;2341-2380;2341-2380;;Humanidades
21488;Erebea;"Servicio de Publicaciones de la Universidad de Huelva";1;1;8634;España;2530-8254;0214-0691;;"Antropología, Ciencias sociales y humanidades, Historia, Historia del arte, Humanidades, Ciencias y Técnicas historiográficas"
29649;"Erevna Research Reports.";"Erevna Ciencia Ediciones";1;1;11748;Ecuador;3091-1540;;;"Administración, Ciencias sociales y humanidades, Contabilidad, Economía, Ingeniería, Tecnología"
6881;Eria;"Universidad de Oviedo, Servicio de Publicaciones";1;1;2253;España;2660-7018;0211-0563;0211-0563;Geografía
23914;"ES review";"Ediciones UVA";1;1;10053;España;2531-1654;2531-1646;;"Lingüística, Literatura, Filología"
6888;Esboços;"Universidade Federal de Santa Catarina (UFSC)";1;1;2258;Brasil;2175-7976;1414-722X;;"Historia, Humanidades"
6891;Escena;"Universidad de Costa Rica";1;1;2260;"Costa Rica";2215-4906;1409-2522;1409-2522;"Arte, Cultura, Teatro"
23245;"Escena uno";"Universidad Nacional del Centro de la Provincia de Buenos Aires; Facultad de Arte;  Instituto de Estudios Escenográficos en Artes Escénicas y Audiovisuales";1;1;9702;Argentina;2362-4000;2362-4000;;Teatro
26838;Escenarios.;"Universidad Nacional de La Plata, Facultad de Trabajo Social.";1;1;11395;Argentina;2683-7684;1666-3942;;"Ciencias sociales y humanidades, Trabajo social"
28198;"ESCPOGRA PNP";"Escuela de Posgrado de la Policía Nacional del Perú";1;1;11798;Perú;2961-2527;2961-2527;;"Ciencia política y administración pública, Ciencias sociales y humanidades, Sociología, Criminología, Educación superior"
6913;"Escritos contables y de administración";"Departamento de Ciencias de la Administración, Universidad Nacional del Sur";1;1;2268;Argentina;1853-2055;1853-2055;1853-2063;Economía
6914;"Escritos de psicología";"Universidad de Málaga, Facultad de Psicología";1;1;2269;España;1989-3809;1138-2635;;Psicología
6919;"Escritura y pensamiento";"Universidad nacional Mayor de San Marcos. Faculta de Letras y Ciencias Humanas, Unidad de Investigaciones";1;1;2270;Perú;1609-9109;1561-087X;1561-087X;"Ciencias sociales y humanidades, Humanidades"
6107;"Escuela abierta";"Fundación San Pablo Andalucía CEU";1;1;1957;España;2603-5928;1138-6908;1138-6908;Educación
21751;Esferas;"Universidade Católica de Brasília (UCB)";1;1;8809;Brasil;2446-6190;2316-7122;;"Ciencias de la comunicación"
27481;"Esferas (Quito - En línea)";"USFQ PRESS";1;1;11091;Ecuador;2697-3499;2631-2468;;"Ciencias sociales y humanidades, Humanidades"
6932;"ESIC Market";"Escuela Superior de Gestión Comercial y Marketing";1;1;2273;España;1989-3574;0212-1867;0212-1867;"Economía, Economía de la empresa"
25606;Espacialidades;"Universidade Federal do Rio Grande do Norte (UFRN)";1;1;10605;Brasil;1984-817X;1984-817X;;"Historia, Multidisciplinarias"
6935;"Espacialidades. Revista de temas contemporáneos sobre lugares, política y cultura";"Universidad Autónoma Metropolitana, Unidad Cuajimalpa, Departamento de Ciencias Sociales de la División de Ciencias Sociales y Humanidades";1;1;2275;México;2007-560X;2007-560X;;Multidisciplinarias
20451;"Espacio i+d. Innovación más desarrollo";"Universidad Autónoma de Chiapas";1;1;8073;México;2007-6703;2007-6703;;Multidisciplinarias
6944;"Espacio, tiempo y forma. Historia antigua";"Universidad Nacional de Educación a Distancia, Facultad de Geografía e Historia";1;1;2279;España;2340-1370;1130-1082;1130-1082;Historia
6945;"Espacio, tiempo y forma. Historia contemporánea";"Universidad Nacional de Educación a Distancia, Facultad de Geografía e Historia";1;1;2280;España;2340-1451;1130-0124;1130-0124;Historia
6946;"Espacio, tiempo y forma. Historia medieval";"Universidad Nacional de Educación a Distancia, Facultad de Geografía e Historia";1;1;2281;España;2340-1362;1130-1082;0214-9745;Historia
6947;"Espacio, tiempo y forma. Historia moderna";"Universidad Nacional de Educación a Distancia, Facultad de Geografía e Historia";1;1;2282;España;2340-1400;1131-768X;0214-4433;Historia
21523;"Espacio, tiempo y forma. Serie I, Prehistoria y arqueología";"Universidad Nacional de Educación a Distancia, Facultad de Geografía e Historia";1;1;8651;España;2340-1354;1131-7698;1131-7698;"Arqueología, Prehistoria"
6943;"Espacio, tiempo y forma. Serie VI, Geografía";"Universidad Nacional de Educación a Distancia";1;1;2278;España;2340-146X;1130-2968;1130-2968;Geografía
6949;"Espacio, tiempo y forma. Serie VII, Historia del arte";"Universidad Nacional de Educación a Distancia (UNED), Facultad de Geografía e Historia";1;1;2283;España;2340-1478;1130-4715;1130-4715;"Bellas artes, Historia del arte"
25224;"Espacios en blanco. Serie indagaciones";"Universidad Nacional del Centro de la Provincia de Buenos Aires; Facultad de Ciencias Humanas; Núcleo de Estudios Educacionales y Sociales";1;1;10454;Argentina;2313-9927;1515-9485;;"Educación, Pedagogía"
6960;"Espacios públicos";"Universidad Autónoma del Estado de México, Facultad de Ciencias Políticas y Sociales";1;1;2287;México;2954-4750;1665-8140;1665-8140;"Ciencia política y administración pública, Ciencias de la comunicación, Educación"
21957;Espergesia;"Universidad César Vallejo";1;1;11161;Perú;2410-4558;2410-4558;2312-6027;Cultura
29800;Espila;"ISAE Universidad";1;1;11824;Panamá;2710-7515;2710-7515;;Multidisciplinarias
26562;Espiral;"Universidad Nacional Mayor de San Marcos, Facultad de Ciencias Sociales";1;1;10887;Perú;2708-8464;2663-8134;;"Geografía, Historia"
6982;"Espiral estudios sobre estado y sociedad";"Universidad de Guadalajara, Centro Universitario de Ciencias Sociales y Humanidades";1;1;2299;México;2594-021X;1665-0565;1665-0565;"Ciencias sociales y humanidades, Sociología"
6984;"Espiral. Cuadernos del Profesorado";"Universidad de Almería";1;1;2300;España;1988-7701;1988-7701;;Educación
23482;"Espirales revista multidisciplinaria de investigación";"CRUPO COMPÁS";1;1;9839;Ecuador;2550-6862;;;Multidisciplinarias
23618;"Espíritu Emprendedor TES";"Instituto Tecnológico Superior Espíritu Santo";1;1;9920;Ecuador;2602-8093;;;Multidisciplinarias
29170;"ESPRINT INVESTIGACIÓN.";"Editorial Esprint";1;1;11589;Ecuador;2960-8317;;;"Administración, Ingeniería, Matemáticas, Industria, Ciencias naturales"
25165;"Estado & comunes";"Instituto de Altos Estudios Nacionales";1;1;10445;Ecuador;2477-9245;2477-9245;;"Ciencia política y administración pública, Economía, Relaciones internacionales, Derechos humanos"
26974;"Estado abierto.";"Instituto Nacional de la Administración Pública";1;1;11177;Argentina;2618-4362;2525-1805;;"Administración, Ciencia política y administración pública, Estudios locales, Estudios latinoamericanos"
7013;"Estado, gobierno, gestión pública";"Facultad de Gobierno";1;1;2310;Chile;0717-8980;0717-6759;0717-6759;"Ciencia política y administración pública"
7035;"Estilos da Clínica";"Universidade de São Paulo (USP)";1;1;2313;Brasil;1981-1624;1415-7128;1415-7128;"Pediatría, Psicología"
27765;Estrabão;"Casa de Hiram";1;1;11188;Brasil;2763-7824;2763-7824;;"Cartografía, Ciencias atmosféricas, Geografía, Ciencia y Tecnología, Educación media o secundaria, Ciencias naturales"
24965;Estrategas;"Universidad de las Américas";1;1;10387;Ecuador;2550-6870;;1390-9096;"Ciencias de la comunicación, Ciencias sociales y humanidades"
23508;"Estrategia y Gestión Universitaria";"Universidad de Ciego de Ávila Máximo Gómez Báez, Dirección de Información Científico Técnica (DICT)";1;1;11455;Cuba;2309-8333;2309-8333;;"Ciencias sociales y humanidades, Educación, Planificación educativa, Ciencia, Tecnología educativa"
7062;"Estudios Africanos";"Universidad Autónoma de Madrid (UAM) Servicio de publicaciones";1;1;2320;España;2695-5350;0214-2309;0214-2309;"Geografía, Historia, Multidisciplinarias, Estudios regionales"
23963;"Estudios artísticos";"Universidad Distrital Francisco José de Caldas";1;1;11746;Colombia;2500-9311;2500-6975;2500-6975;Arte
21704;"Estudios bizantinos";"Sociedad Española de Bizantinística; Universidad de Alcalá de Henares";1;1;8775;España;2014-9999;2014-9999;2952-1432;"Arqueología, Arte, Cultura, Historia, Lingüística"
7076;"Estudios constitucionales";"Universidad de Talca. Centro de Estudios Constitucionales";1;1;2328;Chile;0718-5200;0718-0195;0718-0195;"Derecho y jurisprudencia, Derecho internacional, Derecho procesal"
26980;"Estudios críticos del desarrollo";"Universidad Autónoma de Zacatecas «Francisco García Salinas»";1;1;11090;México;2594-0899;2448-5020;2448-5020;"Ciencias sociales y humanidades, Economía, Economía internacional, Estudios latinoamericanos, Educación superior"
26721;"Estudios curatoriales.";"Universidad Nacional de Tres de Febrero";1;1;11769;Argentina;2314-2022;2314-2022;;Arte
7085;"Estudios de Asia y Africa";"El Colegio de México";1;1;2332;México;2448-654X;0185-0164;0185-0164;"Ciencias sociales y humanidades, Relaciones internacionales"
7089;"Estudios de cultura maya";"Universidad Nacional Autónoma de México, Instituto de Investigaciones Filológicas";1;1;2333;México;2448-5179;0185-2574;0185-2574;"Antropología, Arqueología, Historia, Lingüística"
7090;"Estudios de cultura náhuatl";"Universidad Nacional Autónoma de México, Instituto de Investigaciones Históricas";1;1;2334;México;3061-8002;0071-1675;0071-1675;"Antropología, Historia, Tecnología"
7094;"Estudios de Deusto";"Universidad de Deusto, Departamento de Publicaciones";1;1;2337;España;2386-9062;0423-4847;0423-4847;"Ciencia política y administración pública, Derecho y jurisprudencia"
7096;"Estudios de economía";"Universidad de Chile. Facultad de Ciencias Económicas y Administrativas. Departamento de Economía";1;1;2339;Chile;0718-5286;0304-2758;0304-2758;Economía
7097;"Estudios de Economía Aplicada";"Asociación de Economía Aplicada";1;1;2340;España;1697-5731;;1133-3197;"Economía, Econometría"
7100;"Estudios de Filosofía";"Universidad de Antioquia";1;1;2341;Colombia;2256-358X;0121-3628;0121-3628;Filosofía
13;"Estudios de filosofía práctica e historia de las ideas";Qellqasqa;1;1;9;Argentina;1851-9490;1515-7180;1515-7180;"Ciencias sociales y humanidades, Etica, Filosofía, Historia de la ciencia, Historia del arte, Literatura, Humanidades"
20413;"Estudios de historia de España.";Selectus;1;1;8049;Argentina;2469-0961;0328-0284;;"Historia, Tecnología"
7105;"Estudios de historia moderna y contemporánea de México";"Universidad Nacional Autónoma de México, Instituto de Investigaciones Históricas";1;1;2344;México;2448-5004;0185-2620;0185-2620;Historia
7106;"Estudios de historia novohispana";"Universidad Nacional Autónoma de México, Instituto de Investigaciones Históricas";1;1;2345;México;2448-6922;0185-2523;0185-2523;Historia
25044;"Estudios de la Gestión";"Universidad Andina Simón Bolívar (Sede Ecuador)";1;1;10407;Ecuador;2661-6513;;;"Ciencia política y administración pública"
7113;"Estudios de lingüística";"Universidad de Alicante";1;1;2348;España;2171-6692;0212-7636;0212-7636;Lingüística
7117;"Estudios de literatura colombiana";"Universidad de Antioquia";1;1;11722;Colombia;2665-3273;0123-4412;0123-4412;Literatura
7125;"Estudios de Psicología";"Fundación Infancia y Aprendizaje";1;1;2354;España;1579-3699;;0210-9395;Psicología
22998;"Estudios de teoría literaria";"Universidad Nacional de Mar del Plata. Facultad de Humanidades. Grupo de Investigación Estudios de Teoría Literaria.";1;1;9588;Argentina;2313-9676;2313-9676;;"Arte, Lingüística, Literatura, Humanidades, Teatro"
19320;"Estudios de Traducción";"Instituto de Lenguas Modernas y Traductores. Facultad de Filología UCM";1;1;7269;España;2254-1756;2174-047X;;Filología
23125;"Estudios del hábitat";"Universidad Nacional de La Plata; Facultad de Arquitectura y Urbanismo";1;1;9650;Argentina;2422-6483;2422-6483;;Arquitectura
20715;"Estudios del ISHiR";"Investigaciones Socio-Históricas Regionales, CONICET";1;1;8257;Argentina;2250-4397;2250-4397;;"Ciencias sociales y humanidades, Historia, Humanidades"
24931;"Estudios del Trabajo";"Asociación Argentina de Especialistas en Estudios del Trabajo";1;1;10372;Argentina;2545-7756;0327-5744;;"Ciencias sociales y humanidades"
7134;"Estudios demográficos y urbanos";"El Colegio de México";1;1;2360;México;2448-6515;0186-7210;0186-7210;"Demografía, Urbanismo"
7135;"Estudios digital";"Universidad Nacional de Córdoba, Centro de Estudios Avanzados";1;1;11533;Argentina;1852-1568;0328-185X;;"Ciencias sociales y humanidades, Estudios latinoamericanos"
7137;"Estudios eclesiásticos";"Universidad Pontificia Comillas";1;1;2361;España;2605-5147;0210-1610;0210-1610;Religión
7139;"Estudios económicos";"El Colegio de México, Centro de Estudios Económicos";1;1;2363;México;0186-7202;0188-6916;0188-6916;Economía
22969;"Estudios económicos";"Editorial de la Universidad Nacional del Sur (EdiUNS)";1;1;9569;Argentina;2525-1295;0425-368X;;"Economía, Multidisciplinarias, Economía internacional"
22824;"Estudios en derecho a la información";"Universidad Nacional Autónoma de México, Instituto de Investigaciones Jurídicas";1;1;9468;México;2594-0082;2594-0082;2683-2083;"Derecho y jurisprudencia"
7146;"Estudios en Seguridad y Defensa";"Escuela Superior de Guerra";1;1;2367;Colombia;2744-8932;1900-8325;1900-8325;"Ciencia política y administración pública, Ciencias sociales y humanidades, Multidisciplinarias"
7158;"Estudios fronterizos";"Universidad Autónoma de Baja California";1;1;2373;México;2395-9134;0187-6961;0187-6961;"Ciencias sociales y humanidades, Sociología, Estudios locales"
7159;"Estudios Geográficos";"Editorial CSIC";1;1;2374;España;1988-8546;0014-1496;0014-1496;Geografía
7160;"Estudios geológicos";"Editorial CSIC";1;1;2375;España;1988-3250;0367-0449;0367-0449;Geología
7162;"Estudios hemisféricos y polares";"Centro de estudios hemisféricos y polares";1;1;2376;Chile;0718-9230;0718-9230;;"Antropología, Ciencias sociales y humanidades, Economía, Geografía, Historia"
7165;"Estudios Humanísticos. Filología";"Universidad de León, Facultad de Filosofía y Letras";1;1;2378;España;2444-023X;2444-023X;0213-1382;"Lingüística, Multidisciplinarias"
7169;"Estudios Internacionales";"Universidad de Chile. Instituto de Estudios Internacionales";1;1;2381;Chile;0719-3769;0716-0240;0716-0240;"Relaciones internacionales"
7193;"Estudios paraguayos";"Universidad católica ""Nuestra Señora de la Asunción"", Centro de Estudios Antropológicos";1;1;2390;Paraguay;2520-9914;0251-2483;0251-2483;"Ciencias sociales y humanidades"
7194;"Estudios pedagógicos";"Universidad Austral de Chile, Facultad de Filosofía y Humanidades";1;1;2391;Chile;0718-0705;0716-050X;0716-050X;"Educación, Pedagogía, Educación media o secundaria, Educación preescolar, Educación primaria, Educación superior"
7195;"Estudios penales y criminológicos";"Universidad de Santiago de Compostela, Servicio de Publicaciones e Intercambio Científico";1;1;2392;España;2340-0080;;1137-7550;"Derecho y jurisprudencia"
7199;"Estudios políticos";"Universidad Nacional Autónoma de México, Facultad de Ciencias Políticas y Sociales, Centro de Estudios Políticos";1;1;2394;México;2448-4903;0185-1616;0185-1616;"Ciencia política y administración pública"
7205;"Estudios románicos";"Universidad de Murcia, Servicio de Publicaciones";1;1;2396;España;1989-614X;0210-4911;0210-4911;"Lingüística, Literatura"
19323;"Estudios rurales";"Centro de Estudios de la  Argentina Rural; Universidad Nacional de Quilmes";1;1;7272;Argentina;2250-4001;2250-4001;;Agronomía
21685;"Estudios sobre Arte Actual";"José Luis Crespo Fajardo";1;1;8761;España;2340-6062;2340-6062;;"Bellas artes"
7210;"Estudios sobre educación";"Universidad de Navarra, Servicio de Publicaciones";1;1;2398;España;2386-6292;1578-7001;1578-7001;Educación
19324;"Estudios sobre el mensaje periodístico";"Servicio de publicaciones. Universidad Complutense de Madrid";1;1;7273;España;1988-2696;1134-1629;;"Ciencias de la comunicación"
7213;"Estudios sobre las culturas contemporáneas";"Universidad de Colima, Centro Universitario de Investigaciones Sociales";1;1;2400;México;3061-7537;1405-2210;1405-2210;"Ciencias sociales y humanidades, Cultura"
7216;"Estudios sociales";"Centro de Investigación en Alimentación y Desarrollo";1;1;2403;México;2395-9169;0188-4557;0188-4557;"Historia, Sociología"
8900;"Estudios sociales";"Universidad Nacional del Litoral,  Departamento de Extensión Universitaria, Área de Ciencias Sociales, Universidad Nacional del Litoral, Universidad Nacional de Rosario, Centro Interdisciplinario de Estudios Sociales Argentinos y Latinoamericanos, Universidad Nacional del Comahue, Grupo de Estudios de Historia Social";1;1;2986;Argentina;2250-6950;0327-4934;0327-4934;"Ciencias sociales y humanidades, Cultura, Filosofía, Humanidades"
25954;"Estudios Sociales Contemporáneos";"Instituto Multidisciplinario de Estudios Sociales Contemporáneos (IMESC)";1;1;10737;Argentina;2451-5965;1850-6747;1850-6747;"Ciencias sociales y humanidades, Multidisciplinarias"
23590;"Estudios sociales del estado";"Consejo Nacional de Investigaciones Científicas y Tecnicas ; Centro de Investigaciones Sociales";1;1;9905;Argentina;2422-7803;2422-7803;;"Ciencias sociales y humanidades"
7222;"Estudios sociales del NOA";"Universidad de Buenos Aires. Facultad de Filosofía y Letras. Instituto Interdiciplinario Tilcara";1;1;2408;Argentina;2362-2482;0329-8256;0329-8256;"Antropología, Ciencias sociales y humanidades, Sociología"
7224;"Estudios sociológicos";"El Colegio de México";1;1;2409;México;2448-6442;0185-4186;0185-4186;Sociología
19325;"Estudios socioterritoriales";"Universidad Nacional del Centro de la Provincia de Buenos Aires; Facultad de Ciencias Humanas; Centro de Investigaciones Geográficas";1;1;7274;Argentina;1853-4392;1515-6206;;Geografía
22631;"Estudios λambda. Teoría y práctica de la didáctica en lengua y literatura";"Universidad de Sonora";1;1;9335;México;2448-5942;2448-5942;;"Lingüística, Literatura, Humanidades"
27171;"Estudis d'història agrària";"Publicacions de la Universitat de Barcelona";1;1;11000;España;2385-359X;0210-4830;;"Antropología, Demografía, Derecho agrario, Economía, Historia"
7272;"Estudos de Lingüística Galega";"Servizo de publicacións de la Universidade de Santiago de Compostela";1;1;2422;España;1989-578X;;1889-2566;Lingüística
7316;"Estudos Semióticos";"Universidade de São Paulo (USP)";1;1;2443;Brasil;1980-4016;1980-4016;;Lingüística
25489;"Estudos Sociedade e Agricultura";"Universidade Federal Rural do Rio de Janeiro (UFRRJ)";1;1;10575;Brasil;2526-7752;1413-0580;1413-0580;Sociología
24504;Etcétera;"Universidad Nacional de Córdoba. Centro de Investigaciones de la Facultad de Filosofía y Humanidades";1;1;10234;Argentina;2618-4281;2618-4281;;"Ciencias sociales y humanidades"
29528;"Ethos Scientific Journal.";"Editorial Sphaera";1;1;11697;Ecuador;3091-1737;;;Multidisciplinarias
7339;Etic@net;"Universidad de Granada";1;1;2450;España;1695-324X;1695-324X;;"Ciencias de la comunicación, Educación, Etica"
7340;"Ética & cine";"Consejo Nacional de Investigaciones Científicas y Técnicas, Centro de Investigaciones y Estudios sobre la Cultura y la Sociedad; Universidad Nacional de Córdoba, Programa de Estudios Psicoanalíticos. Ética, Discurso y Subjetividad;";1;1;2451;Argentina;2250-5415;1853-6247;2250-5660;"Arte, Cine, Cultura, Fotografía"
26818;"Ética y discurso.";"Qellqasqa Editorial";1;1;11039;Argentina;2525-1090;2525-1090;;Filosofía
29116;Etiópicas;"Editorial Universidad de Huelva";1;1;11963;España;1698-689X;1698-689X;;"Cultura, Literatura, Filología"
22370;Etnobiología;"Asociación Etnobiológica Mexicana A.C.";1;1;9233;México;2448-8151;2448-8151;1665-2703;"Biología, Multidisciplinarias"
23001;"Etnografías contemporáneas";"UNSAM Edita";1;1;9590;Argentina;2451-8050;1669-2362;;Antropología
7358;"Etudes caribéennes";"Université des Antilles et de la Guyane";1;1;2458;Iberoamericanistas-Europa;1961-859X;1779-0980;1779-0980;"Ciencias sociales y humanidades"
7384;EU-topías;"Universitat de València, Departamento de Teoría de los Lenguajes y Ciencias de la Comunicación";1;1;2473;España;2340-115X;;2174-8454;"Ciencias de la comunicación"
28085;"EUNK Revista Científica de Abejas y Apicultores.";"Editorial EUNK";1;1;11566;Argentina;2953-3740;2953-3740;;Ciencia
19329;Eunomía;"Universidad Carlos III";1;1;7278;España;2253-6655;;;"Ciencias sociales y humanidades, Multidisciplinarias"
7362;EURE;"Pontificia Universidad Católica de Chile, Instituto de Estudios Urbanos y Territoriales";1;1;2460;Chile;0717-6236;0250-7161;0250-7161;"Ciencias sociales y humanidades, Urbanismo"
23357;"European accounting and management review";"Associació Catalana de Comptabilitat i Direcció";1;1;9768;España;2385-3921;2385-3921;;"Contabilidad, Economía, Economía de la empresa, Finanzas"
26269;"European journal of child development, education and psychopathology";"Universidad Autónoma de Chile";1;1;10822;Chile;2530-0776;2340-924X;;"Educación, Psicología"
7373;"European Journal of Education and Psychology";"Universidad Autónoma de Chile,";1;1;2464;Chile;1989-2209;1888-8992;;"Educación, Psicología"
24162;"European journal of family business";"UMA Editorial";1;1;10153;España;2444-8788;2444-877X;;"Economía de la empresa"
20203;"European Journal of Government and Economics";"Asociación Europa Grande";1;1;7894;España;2254-7088;2254-7088;;Economía
22595;"European journal of health research";"Universidad Autónoma de Chile";1;1;9311;Chile;2445-0308;2444-9067;2444-9067;"Educación, Psicología, Salud pública"
21931;"European journal of human movement";"Spanish Association of Sport Science";1;1;8941;España;2386-4095;2386-4095;;"Educación, Psicología"
7374;"European journal of Investigation in health, psychology and education";MDPI;1;1;2465;España;2254-9625;2174-8144;2174-8144;"Educación, Psicología"
22859;"European journal of podiatry";"Universidade da Coruña, Servizo de Publicacións";1;1;9487;España;2445-1835;2445-1835;;"Traumatología y ortopedia"
23490;"European public & social innovation review";"HISIN (Historia de los Sistemas Informativos)";1;1;9845;España;2529-9824;2529-9824;;"Ciencia política y administración pública, Sociología, Desarrollo económico, Trabajo social, Planeación económica, Planificación del desarrollo"
9239;"European research on management and business economics";Elsevier;1;1;3146;España;2444-8842;2444-8834;2444-8834;"Economía, Economía de la empresa"
7380;Euskera;"Euskaltzaindia - Real Academia de la Lengua Vasca";1;1;2470;España;2792-2278;0210-1564;0210-1564;"Lingüística, Filología"
7383;Eutopía;"Facultad Latinoamericana de Ciencias Sociales (FLACSO), Sede Ecuador";1;1;2472;Ecuador;2602-8239;1390-5708;1390-5708;"Economía, Sociología, Desarrollo económico"
23016;Evaluar;"Laboratorio de Evaluación Psicológica y Educativa. Facultad de Psicología. Universidad Nacional de Córdoba";1;1;9598;Argentina;1667-4545;1515-1867;;"Educación, Psicología, Estadística"
24088;Eviterna;"UmaEditorial, Universidad de Málaga";1;1;10121;España;2530-6014;2530-6014;;"Arte, Cultura"
14;"Ex Legibus";"Poder Judicial del Estado de México, Escuela Judicial del Estado de México";1;1;10;México;2954-4807;2594-2018;2594-2018;"Derecho y jurisprudencia, Derecho comparado, Derecho internacional, Derecho público, Derecho procesal, Derechos humanos"
7417;"Exemplaria Classica: Journal of Classical Philology";"Universidad de Huelva, Facultad de Humanidades, Departamento de Filologías Integradas";1;1;2489;España;2173-6839;1699-3225;1699-3225;"Lingüística, Literatura"
23793;Exlibris;"Universidad de Buenos Aires. Facultad de Filosofía y Letras. Departamento de Letras.";1;1;9996;Argentina;2314-3894;2314-3894;;"Arte, Lingüística, Literatura, Humanidades, Filología"
28846;Experior;"ADEN University";1;1;11731;Panamá;2953-3090;2953-3090;;Multidisciplinarias
24764;"Explorador Digital";"Ciencia Digital";1;1;10306;Ecuador;2661-6831;;;"Arte, Educación, Humanidades"
22993;"Extensión en red";"Universidad Nacional de La Plata. Facultad de Periodismo y Comunicación Social";1;1;9586;Argentina;1852-9569;1852-9569;;"Ciencias de la comunicación"
7455;"Extracta mathematicae";"Instituto de Matemáticas de la Universidad de Extremadura";1;1;2499;España;2605-5686;0213-8743;0213-8743;Matemáticas
28709;"FACE Revista de la Facultad de Ciencias Económias y Empresariales";"Universidad de Pamplona";1;1;11512;Colombia;2500-9338;1794-9920;;"Administración, Contabilidad, Economía, Desarrollo económico, Finanzas"
7467;Facena;"Universidad Nacional del Nordeste; Facultad de Ciencias Exactas y Naturales y Agrimensura";1;1;11863;Argentina;1851-507X;0325-4216;;Agronomía
7470;"FACES. Facultad de Ciencias Económicas y Sociales";"Facultad de Ciencias Económicas y Sociales, Universidad Nacional de Mar del Plata";1;1;2508;Argentina;1852-6535;0328-4050;;"Ciencias sociales y humanidades, Multidisciplinarias"
25092;FACSalud;"Universidad Estatal de Milagro";1;1;10422;Ecuador;2602-8360;;;"Biotecnología, Endocrinología y nutriología, Salud pública"
7494;"Farmacéuticos comunitarios";"Sociedad Española de Farmacia Familiar y Comunitaria";1;1;2512;España;2173-9218;2173-9218;1885-8619;"Farmacia, Farmacología"
7500;"Farmacia hospitalaria";"Elsevier España";1;1;2514;España;2171-8695;1130-6343;;"Farmacia, Farmacología"
7517;"FAVE. Sección Ciencias agrarias";"Universidad Nacional del Litoral, Facultad de Ciencias Agrarias";1;1;2518;Argentina;2346-9129;1666-7719;1666-7719;"Agronomía, Botánica, Ganadería, Silvicultura, Edafología, Economía agrícola"
24249;"FAVE. Sección Ciencias Veterinarias";"Universidad Nacional del Litoral (Ediciones UNL)";1;1;10180;Argentina;2362-5589;1666-938X;;"Ganadería, Salud pública, Veterinaria, Zoología, Zootecnia"
23697;Femeris;"Universidad Carlos III de Madrid";1;1;9947;España;2530-2442;2530-2442;;"Estudios de género"
7528;Feminismo/s;"Universidad de Alicante";1;1;2525;España;1989-9998;1696-8166;1696-8166;"Multidisciplinarias, Estudios de género"
27183;Fénix;"Biblioteca Nacional del Perú";1;1;11006;Perú;2709-5649;0015-0002;;"Bibliotecología, Ciencias de la información"
7532;Fermentario;"Universidad de la República, Facultad de Humanidades y Ciencias de la Educación, Departamento de Historia y Filosofía de la Educación";1;1;2528;Uruguay;1688-6151;1688-535X;;"Educación, Filosofía"
7546;FIGEMPA;"Universidad Central del Ecuador, Facultad de Geología, Minas, Petróleos y Ambiental";1;1;2532;Ecuador;2602-8484;1390-7042;1390-7042;"Geología, Ingeniería, Ingeniería minera, Ingeniería petrolera, Tecnología, Ciencias de la tierra, Recursos naturales no renovables, Energía, Ciencia y Tecnología, Ciencias naturales"
26435;"Figuras revista académica de investigación";"Universidad Nacional Autónoma de México, Facultad de Estudios Superiores-Acatlán";1;1;10863;México;2683-2917;2683-2917;;Multidisciplinarias
24092;Filanderas;"Universidad de Zaragoza";1;1;10122;España;2530-6022;2530-6022;;"Estudios de género"
24951;Filología;"Universidad de Buenos Aires, Facultad de Filosofía y Letras, Instituto de Filología y Literaturas Hispánicas ""Dr. Amado Alonso""";1;1;10380;Argentina;2422-6009;0071-495X;;"Lingüística, Literatura"
23719;"Finance, markets and valuation";"Asociación para la Formación y la Investigación en Ciencias Económicas y Sociales";1;1;9960;España;2530-3163;2530-3163;;"Economía, Desarrollo económico, Econometría, Finanzas, Hacienda pública, Planeación económica"
7568;Finisterra;"Universidade de Lisboa, Centro de Estudos Geográficos";1;1;2539;Portugal;2182-2905;0430-5027;0430-5027;Geografía
7570;Finlay;"Universidad de las Ciencias Médicas de Cienfuegos, Centro de información";1;1;2540;Cuba;2221-2434;;;"Medicina, Pediatría, Salud pública, Enfermería"
25844;FisiSenectus;"Universidade Comunitária da Região de Chapecó (UNOCHAPECÓ)";1;1;10685;Brasil;2318-3381;2318-3381;;"Terapéutica y rehabilitación"
23000;"Folia histórica del Nordeste";"Instituto de Investigaciones Geohistóricas, Consejo Nacional de Investigaciones Científicas y Técnicas,  Universidad Nacional del Nordeste";1;1;9589;Argentina;2525-1627;0325-8238;;"Ciencias sociales y humanidades, Demografía, Historia, Sociología, Estudios locales, Estudios latinoamericanos"
26494;Fonoaudiológica.;ASALFA;1;1;10873;Argentina;1668-9402;0326-7640;;"Terapéutica y rehabilitación"
7645;"Fontes linguae vasconum";"Gobierno de Navarra";1;1;2578;España;2530-5832;0046-435X;0046-435X;Lingüística
7648;"Food Science and Technology International";"SAGE Publications Ltd.";1;1;2580;España;1532-1738;1082-0132;;"Tecnología de alimentos"
7652;"Forest systems";"Consejo Superior de Investigaciones Científicas (CSIC)";1;1;2582;España;2171-9845;2171-5068;2171-5068;Silvicultura
21915;"Foro de educación";FahrenHouse;1;1;8931;España;1698-7802;1698-7799;;Educación
20296;"Foro de Profesores de E/LE";"Universitat de València, Foro de Profesores de E/LE";1;1;7966;España;1886-337X;1886-337X;;Lingüística
7676;"Foro educacional";"Universidad Católica Silva Henríquez, Facultad de Educación";1;1;2590;Chile;0718-0772;0717-2710;0717-2710;"Educación, Educación media o secundaria, Educación preescolar, Educación primaria, Educación superior"
7677;"Foro internacional";"El Colegio de México";1;1;2591;México;2448-6523;0185-013X;0185-013X;"Relaciones internacionales"
19345;"Foro interno";"Servicio de publicaciones. Universidad Complutense";1;1;7292;España;1988-2920;1578-4576;;"Ciencia política y administración pública"
7682;"Foro. Revista de Ciencias Jurídicas y Sociales.";"Ediciones Complutense";1;1;2593;España;2255-5285;1698-5583;1698-5583;"Derecho y jurisprudencia"
7668;"FORO. Revista de Derecho";"Universidad Andina Simón Bolívar";1;1;2588;Ecuador;2631-2484;;1390-2466;"Derecho y jurisprudencia"
7687;Fortvnatae;"Universidad de La Laguna, Servicio de Publicaciones";1;1;2594;España;2530-8343;1131-6810;1131-6810;Filología
7700;"Forum Empresarial";"Universidad de Puerto Rico, Facultad de Administración de Empresas";1;1;2598;"Puerto Rico";2475-8752;1541-8561;1541-8561;Administración
7708;Fotocinema;"Universidad de Málaga";1;1;2601;España;2172-0150;2172-0150;;Cine
7721;Fragmentum;"Universidade Federal de Santa Maria (UFSM)";1;1;2606;Brasil;2179-2194;1519-9894;;"Lingüística, Literatura"
28572;Fraseolex;"Universidad Autónoma de Barcelona";1;1;11909;España;2938-155X;2938-155X;;"Lingüística, Filología"
20251;Fronteiras;"Universidade Federal da Grande Dourados (UFGD)";1;1;7936;Brasil;2175-0742;1517-9265;;Historia
24651;Fronteiras;"Universidade Federal da Fronteira Sul (UFFS)";1;1;10264;Brasil;2238-9717;1415-8701;;Historia
7732;"Frontera norte";"El Colegio de la Frontera Norte";1;1;2612;México;2594-0260;0187-7372;0187-7372;"Demografía, Sociología, Estudios locales"
26812;Fuegia.;"Instituto de Cultura, Sociedad y Estado, Universidad Nacional de Tierra del Fuego";1;1;11400;Argentina;2618-2335;2618-2335;;"Ciencias de la comunicación, Ciencias sociales y humanidades, Multidisciplinarias, Humanidades"
7743;"Fuentes humanísticas";"Universidad Autónoma Metropolitana, Unidad Azcapotzalco, División de Ciencias Sociales y Humanidades, Departamento de Humanidades";1;1;2617;México;2007-5618;0188-8900;0188-8900;"Educación, Historia, Lingüística, Literatura, Humanidades"
25957;"Fuera de Campo";"Universidad de las Artes";1;1;10738;Ecuador;2661-6602;;;Cine
29063;Fundamentos.;"Facultad de Ciencias Económicas - Universidad Nacional de Río Cuarto";1;1;12044;Argentina;2545-6318;2545-6318;;"Administración, Economía, Desarrollo económico, Economía de la empresa, Economía internacional, Planificación del desarrollo"
25685;"Gaceta cientifica";"Universidad Nacional Hermilio Valdizan. Escuela de Posgrado";1;1;10629;Perú;2617-4332;2414-2832;;Multidisciplinarias
7812;"Gaceta Médica boliviana";"Universidad Mayor de San Simón, Facultad de Medicina";1;1;2636;Bolivia;2227-3662;1012-2966;1012-2966;Medicina
7813;"Gaceta Médica de Bilbao";"Academia de Ciencias Médicas de Bilbao";1;1;2637;España;2173-2302;0304-4858;;Medicina
26643;"Gaceta Médica Estudiantil";"Editorial Ciencias Médicas";1;1;11202;Cuba;2708-5546;2708-5546;;"Medicina, Salud pública"
7820;"Gaceta mexicana de oncología";"Permanyer México";1;1;2641;México;2565-005X;1665-9201;1665-9201;Oncología
7827;"Gaceta Técnica";"Universidad Centroccidental Lisandro Alvarado (UCLA), Decanato de Ingeniería Civil";1;1;2643;Venezuela;2477-9539;2477-9539;1856-9560;"Arquitectura, Ingeniería civil, Urbanismo, Ingeniería hidráulica"
27358;Gade;"Fundación Gade";1;1;11343;Colombia;2745-2891;2745-2891;;"Deportes, Multidisciplinarias"
7852;Gallaecia;"Universidad de Santiago de Compostela, Facultad de Geografía e Historia, Departamento de Historia I";1;1;2648;España;2445-3927;0211-8653;0211-8653;"Arqueología, Prehistoria"
26645;"Gastroenterología latinoamericana";"Sociedad Chilena de Gastroenterología";1;1;11961;Chile;0719-6822;0716-8594;;"Gastroenterología, Medicina"
27904;Gaudeamus;"Association of Young Researchers on Anglophone Studies";1;1;11905;España;2697-2166;2697-2166;;"Cultura, Lingüística, Literatura, Filología"
7881;Gayana;"Universidad de Concepción, Facultad de Ciencias Naturales y Oceanográficas";1;1;2658;Chile;0717-6538;0717-652X;0717-652X;"Oceanografía, Zoología"
7886;"Gazeta de antropología";"Universidad de Granada, Departamento de Filosofía II";1;1;2660;España;2340-2792;0214-7564;;"Antropología, Filosofía"
7892;Ge-conservación;"GEIIC - Grupo Español del IIC";1;1;2663;España;1989-8568;;;"Bellas artes"
20809;GECONTEC;"Universidad Pablo de Olavide";1;1;8304;España;2255-5684;2255-5684;;Bibliotecología
7901;GénEroos;"Universidad de Colima, Centro Universitario para la Igualdad y los Estudios de Género, Asociación Colimense de Universitarias";1;1;2668;México;2992-7862;2992-7862;1405-3098;"Educación, Sociología, Estudios de género"
29938;Gentryana;"Universidad Nacional Amazónica de Madre de Dios";1;1;11890;Perú;2961-2152;2961-2152;;"Biofísica, Bioquímica, Botánica, Ecología, Zoología"
7913;Geoacta.;"Universidad Nacional de La Plata";1;1;2673;Argentina;1852-7744;0326-7237;;Geología
7927;"Geofísica internacional";"Universidad Nacional Autónoma de México, Instituto de Geofísica";1;1;2678;México;2954-436X;0016-7169;0016-7169;"Ciencias atmosféricas, Geofísica, Ciencias de la tierra"
7928;Geofocus;"Asociación Española de Geografía";1;1;2679;España;1578-5157;;;Geografía
7930;Geografares;"Universidade Federal do Espírito Santo";1;1;2681;Brasil;2175-3709;1518-2002;1518-2002;Geografía
7940;"Geográfica digital";"Instituto de Geografía, Facultad de Humanidades, Universidad Nacional del Nordeste";1;1;2684;Argentina;1668-5180;1668-5180;;"Ciencias atmosféricas, Geofísica, Geografía"
7941;Geograficando;"Universidad Nacional de la Plata. Facultad de Humanidades y Ciencias de la Educación. Departamento de Geografía";1;1;2685;Argentina;2346-898X;1850-1885;1850-1885;Geografía
20810;"Geographical review";"American Geographical Society of New York";1;1;8305;"Iberoamericanistas-América del Norte";1931-0846;0016-7428;0016-7428;Geografía
21767;Geographicalia;"Departamento de Geografía y Ordenación del Territorio, Universidad de Zaragoza";1;1;8818;España;2386-3021;;;"Cartografía, Ciencias sociales y humanidades, Geografía, Turismo, Ciencias de la tierra, Medio ambiente"
7945;GeoGraphos;"Universidad de Alicante";1;1;2687;España;2173-1276;2173-1276;;Geografía
7951;"Geologica acta";"Revistes científiques de la Universitat de Barcelona (RCUB)";1;1;2691;España;1696-5728;1695-6133;1695-6133;"Geología, Ciencias de la tierra"
23769;Geopauta;"Universidade Estadual do Sudoeste da Bahia, Departamento de Geografia, Programa de Pós-graduação em Geografia, Edições UESB";1;1;11413;Brasil;2594-5033;2594-5033;;Geografía
19354;Geopolítica(s);"Servicio de publicaciones. Universidad Complutense de Madrid";1;1;7297;España;2172-7155;2172-7155;;"Ciencia política y administración pública, Geografía"
7971;GeoTextos;"Universidade Federal da Bahia (UFBA)";1;1;2702;Brasil;1984-5537;1809-189X;1809-189X;Geografía
26930;GeoUECE;"Universidade Estadual do Ceará (UECE)";1;1;11035;Brasil;2317-028X;2317-028X;;Geografía
22131;"Geriatrics, Gerontology and Aging";"Sociedade Brasileira de Geriatria e Gerontologia";1;1;9066;Brasil;2447-2123;2447-2115;2447-2115;"Geriatría, Medicina, Odontología, Salud pública, Enfermería"
8004;"Gestão e sociedade";"Universidade Federal de Minas Gerais (UFMG)";1;1;2721;Brasil;1980-5756;1980-5756;;Administración
26399;"Gestio et Productio. Revista Electrónica de Ciencias Gerenciales";"Instituto de Investigación y Estudios Avanzados Koinonía";1;1;11393;Venezuela;2739-0039;;;"Administración, Contabilidad, Economía de la empresa"
8019;"Gestión en el tercer milenio";"Universidad Nacional Mayor de San Marcos, Facultad de Ciencias Administrativas";1;1;2728;Perú;1728-2969;1560-9081;1560-9081;Administración
23984;"Gestión I+D";"Postgrado en Gestión de Investigación y Desarrollo";1;1;10085;Venezuela;2542-3142;2542-3142;;Multidisciplinarias
8022;"Gestión Joven";"Asociación Española de Contabilidad y Administración de Empresas (AECA)";1;1;2730;España;1988-9011;;;"Economía de la empresa"
8032;"Gestión y análisis de políticas públicas";"Instituto Nacional de Administración Pública – INAP";1;1;2734;España;1989-8991;1134-6035;1134-6035;"Ciencia política y administración pública"
8036;"Gestión y política pública";"Centro de Investigación y Docencia Económicas, División de Administración Pública";1;1;2737;México;2448-9182;1405-1079;1405-1079;"Ciencia política y administración pública"
24529;GESTO-Debate;"Universidade Federal do Mato Grosso do Sul (UFMS)";1;1;10242;Brasil;2595-3109;2595-3109;;"Educación, Filosofía, Historia"
25040;"GIS - Gesto, Imagem e Som - Revista de Antropologia";"Universidade de São Paulo (USP)";1;1;10404;Brasil;2525-3123;2525-3123;;"Antropología, Arte"
26725;Giuristi;"Universidad ESAN";1;1;11569;Perú;2708-9894;2708-9894;;"Derecho y jurisprudencia"
8052;Gladius;"Editorial CSIC";1;1;2743;España;1988-4168;0436-029X;0326-6117;"Arqueología, Historia, Religión"
25085;"Global business administration journal";"Universidad Ricardo Palma. Facultad de Ciencias Económicas y Empresariales";1;1;10415;Perú;2520-9019;2520-9019;;Administración
19363;"Global media journal México";"Universidad Autónoma de Nuevo León, Facultad de Ciencias de la Comunicación";1;1;7304;México;2007-2031;2007-2031;;"Ciencias de la comunicación"
27428;"Global Rheumatology";"Panamerican League of Associations of Rheumatology (PANLAR)";1;1;11071;"Iberoamericanistas-América del Norte";2709-5533;2709-5533;;Reumatología
21397;Glossae;"Valencia: Instituto de Estudios Sociales, Políticos y Jurídicos";1;1;8571;España;2255-2707;0214-669X;;"Derecho y jurisprudencia"
28426;"Gobierno y administración pública";"Universidad de Concepción";1;1;11609;Chile;2735-7074;;;"Ciencia política y administración pública"
26997;"Grado Cero.";EditUCES;1;1;10975;Argentina;2683-9784;2683-9784;;"Ciencias de la comunicación"
8072;Graellsia;"Editorial CSIC";1;1;2752;España;1989-953X;0367-5041;0367-5041;Zoología
21395;Grafica;"Universidad Autónoma de Barcelona";1;1;8569;España;2014-9298;2014-9298;;"Ciencias de la comunicación, Diseño"
19364;Gramma;"Escuela de Letras; Facultad de Filosofía, Historia y Letras; Universidad del Salvador";1;1;7305;Argentina;1850-0161;1850-0153;;"Lingüística, Literatura"
8082;"Gran Tour";"Escuela Universitaria de Turismo de Murcia";1;1;2757;España;2172-8690;2172-8690;;Turismo
8086;"Grasas y aceites";"Editorial CSIC";1;1;2760;España;1988-4214;0017-3495;;"Ingeniería química, Tecnología de alimentos"
25904;"Green World Journal";CaMeRa;1;1;10716;Ecuador;2737-6109;;;"Ingeniería, Ciencia"
20814;Gremium;"Editorial Restauro Compás y Canto";1;1;8306;México;2007-8773;2007-8773;;"Arquitectura, Multidisciplinarias, Urbanismo, Planificación urbana"
25717;Grifos;"Universidade Comunitária da Região de Chapecó (Unochapecó)";1;1;10638;Brasil;2175-0157;1414-0268;1414-0268;Multidisciplinarias
24224;"Guerra colonial";"Miguel Madueño Álvarez";1;1;10175;España;2603-6096;2603-6096;;Historia
19368;"Habitat y Sociedad";"Universidad de Sevilla";1;1;7307;España;2173-125X;;;Urbanismo
25935;Hacedor;"Universidad Señor de Sipán";1;1;10731;Perú;2520-0747;2520-0747;;Educación
25570;Hachetetepé;"Editorial Universidad de Cádiz";1;1;10599;España;2172-7929;2172-7910;;"Ciencias de la comunicación, Ciencias de la información, Educación, Educación primaria, Educación superior"
23019;Haidé;"Biblioteca de Catalunya";1;1;9600;España;2014-3818;2014-3818;;Literatura
25343;Hamut'ay;"Universidad Alas Peruana, Dirección Universitaria de Educación a Distancia";1;1;10530;Perú;2313-7878;2313-7878;;"Tecnología educativa"
8152;"Hansenologia Internationalis";"Instituto Lauro de Souza Lima";1;1;2772;Brasil;1982-5161;0100-3283;0100-3283;"Biología, Dermatología, Historia, Medicina, Salud pública, Enfermería"
27870;HArtes;"Universidad Autónoma de Querétaro, Facultad de Artes";1;1;11781;México;2954-470X;2954-470X;;"Arte, Fotografía, Música, Humanidades, Teatro, Danza"
22276;"Harvard Deusto business research";"EAE Business School / OBS Online Business School";1;1;9173;España;2254-6235;2254-6235;;"Administración, Ciencia política y administración pública, Economía, Economía de la empresa, Economía internacional, Finanzas"
26842;"Health care & global health";"Universidad de Ciencias y Humanidades";1;1;10942;Perú;2522-7270;2522-7270;;"Salud pública"
26140;"Health Residencies Journal";"Escola de Saúde Pública do Distrito Federal";1;1;12035;Brasil;2675-2913;2675-2913;;"Farmacología, Medicina, Odontología, Salud pública"
19372;Hekademos;"AFOE. Asociación para la Formación,el Ocio y el Empleo";1;1;7311;España;1989-3558;1989-3558;;Educación
21193;Hematología;"Sociedad Argentina de Hematología";1;1;8440;Argentina;2250-8309;0329-0379;;Medicina
26210;"Hemisferio. Revista del Colegio Interamericano de Defensa";"Colegio Interamericano de Defensa";1;1;10801;"Iberoamericanistas-América del Norte";2412-0715;2412-0707;;"Defensa y seguridad"
27614;Hepatología;"Asociación Colombiana de Hepatología";1;1;11730;Colombia;2711-2322;2711-2330;2711-2330;Gastroenterología
24786;"Herança - Revista de História, Património e Cultura";Ponteditora;1;1;10320;Portugal;2184-3090;2184-3090;;"Cultura, Historia, Historia del arte"
8185;Herencia;"Universidad de Costa Rica";1;1;2782;"Costa Rica";2215-6356;1659-0066;1659-0066;"Antropología, Arte, Cultura"
22793;"Heridas y cicatrización";"Sociedad Española de Heridas";1;1;9452;España;2530-9218;2171-8644;2171-8644;Medicina
8188;Hermeneus;"Universidad de Valladolid, Facultad de Traducción e Interpretación de Soria";1;1;2784;España;2530-609X;1139-7489;1139-7489;Lingüística
8189;"Hermenéutica intercultural";"Universidad Católica Silva Henríquez. Facultad de Filosofía";1;1;2785;Chile;0719-6504;0718-4980;0718-4980;Filosofía
25775;Herreriana;"Universidad Autónoma del Estado de Hidalgo";1;1;11070;México;2683-2135;2683-2135;;"Biología, Historia de la ciencia, Ciencia, Ciencias naturales"
16746;"Herri-arduralaritzazko euskal aldizkaria = Revista vasca de administración pública";"Instituto Vasco de Administración Pública";1;1;6261;España;2695-5407;0211-9560;0211-9560;"Administración, Ciencia política y administración pública, Derecho y jurisprudencia, Derecho público"
8196;"Hesperia. Anuario de Filología Hispánica";"Universidade de Vigo, Servicio de Publicaciones";1;1;2787;España;2952-3990;;1139-3181;"Lingüística, Literatura, Filología"
26941;Heterocronías.;"Cátedra B de Problemas Epistemológicos de la Psicología, Facultad de Psicología, Universidad Nacional de Córdoba";1;1;12052;Argentina;2684-0502;2684-0502;;"Arte, Ciencias sociales y humanidades, Filosofía, Historia del arte, Lingüística, Literatura"
26007;Heterotopías;"Escuela de Letras. Facultad de Filosofía y Humanidades. Universidad Nacional de Córdoba";1;1;10748;Argentina;2618-2726;2618-2726;;"Ciencias sociales y humanidades, Cultura, Lingüística, Literatura, Estudios de género, Estudios regionales"
8205;Hidrobiológica;"Universidad Autónoma Metropolitana, Unidad Iztapalapa, División de Ciencias Biológicas y de la Salud, Departamento de Hidrobiología";1;1;2792;México;2448-7333;0188-8897;0188-8897;Biología
8213;Hikma;"Universidad de Córdoba, Servicio de Publicaciones";1;1;2794;España;2445-4559;1579-9794;1579-9794;"Lingüística, Literatura"
8219;Hipertext.net;"Universitat Pompeu Fabra, Departamento de Comunicación";1;1;2797;España;1695-5498;;;"Bibliotecología, Ciencias de la información"
23453;Hipertextos;"Universidad Maimónides, Editorial Científica y Literaria";1;1;9820;Argentina;2314-3924;2314-3916;;"Ciencias sociales y humanidades, Economía, Sociología"
21472;Hipogrifo;"Instituto de Estudios Auriseculares (IDEA)";1;1;8624;"Iberoamericanistas-América del Norte";2328-1308;2328-1308;;"Filosofía, Historia del arte, Lingüística, Literatura, Humanidades"
8225;Hispania;"Editorial CSIC";1;1;2799;España;1988-8368;0018-2141;0018-2141;Historia
8230;"Hispania Sacra";"Editorial CSIC";1;1;2802;España;1988-4265;0018-215X;0018-215X;"Historia, Religión"
22740;"Hispanic research journal";"Taylor & Francis";1;1;9419;Iberoamericanistas-Europa;1745-820X;1468-2737;1468-2737;"Cultura, Lingüística, Literatura, Filología"
8242;"Historia (Santiago)";"Pontificia Universidad Católica de Chile. Instituto de Historia";1;1;2809;Chile;0717-7194;0073-2435;0073-2435;Historia
27140;"Historia & Guerra.";"Facultad de Filosofía y Letras de la Universidad de Buenos Aires";1;1;11300;Argentina;2796-8650;2796-8650;;"Ciencias sociales y humanidades, Historia"
8246;"Historia Actual Online";"Asociación de Historia Actual";1;1;2811;España;1696-2060;1696-2060;;Historia
8247;"Historia Agraria";"Universidad de Murcia, Facultad de Economía y Empresa, Departamento de Economía Aplicada";1;1;2812;España;2340-3659;1139-1472;1139-1472;"Agronomía, Economía, Historia"
27475;"Historia agraria de América Latina";"Centro de Estudios de Historia Agraria de América Latina";1;1;11193;Chile;2452-5162;2452-5162;;"Antropología, Arqueología, Ciencia política y administración pública, Economía, Historia, Sociología"
8251;"Historia contemporánea";"Universidad del País Vasco, Servicio Editorial";1;1;2815;España;2340-0277;1130-2402;1130-2402;Historia
8252;"Historia crítica";"Universidad de los Andes";1;1;2816;Colombia;1900-6152;0121-1617;0121-1617;"Ciencias sociales y humanidades, Historia"
8256;"História da Historiografia";"Universidade Federal de Ouro Preto (UFOP)";1;1;2820;Brasil;1983-9928;1983-9928;;Historia
8257;"Historia de la Educación";"Ediciones Universidad de Salamanca";1;1;2821;España;2386-3846;0212-0267;0212-0267;Educación
19635;"Historia de la educación anuario.";SAIEHE;1;1;7476;Argentina;2313-9277;1669-8568;;Educación
8259;"Historia del presente";"Universidad Nacional de Educación a Distancia (UNED) España. Asociación de Historiadores del Presente";1;1;2823;España;3020-6715;1579-8135;1579-8135;Historia
26664;"História Econômica & História de Empresas";"Associação Brasileira de Pesquisadores em História Econômica (ABPHE)";1;1;10906;Brasil;2525-8184;1519-3314;1519-3314;"Economía, Historia"
8265;"Historia mexicana El colegio de México";"El Colegio de México, Centro de Estudios Históricos";1;1;2826;México;2448-6531;0185-0172;0185-0172;Historia
8274;"Historia regional";"Superior del Profesorado Nro. 3 Eduardo Lafferrière; Centro de Investigaciones; Sección Historia";1;1;2829;Argentina;2469-0732;0329-8213;0329-8213;Historia
29888;"Historia y Cultura";"Ministerio de Cultura del Perú. Museo Nacional de Arqueología, Antropología e Historia del Perú";1;1;11897;Perú;2961-2713;0073-2486;0073-2486;"Antropología, Ciencias sociales y humanidades, Cultura, Historia, Historia del arte, Humanidades"
29009;"Historia y Cultura (San Miguel de Tucumán)";"Centro Cultural Alberto Rougés";1;1;11873;Argentina;2953-4615;2953-4615;;"Arte, Filosofía, Folklore, Literatura, Música, Humanidades"
8285;"Historia y grafía";"Universidad Iberoamericana, Departamento de Historia";1;1;2836;México;2448-783X;1405-0927;1405-0927;Historia
19381;"Historia y memoria";"Universidad Pedagógica y Tecnológica de Colombia";1;1;7315;Colombia;2322-777X;2027-5137;2027-5137;Pedagogía
22633;"Historia y memoria de la educación";"UNED (Universidad Nacional de Educación a Distancia)";1;1;9337;España;2444-0043;2444-0043;;"Educación, Historia"
8295;"Historia. Instituciones. Documentos";"Universidad de Sevilla, Secretariado de Publicaciones.";1;1;2842;España;2253-8291;0210-7716;0210-7716;Historia
20820;"Historias Fingidas";"Dipartimento di Lingue e Letterature Straniere - Università degli Studi di Verona";1;1;8308;Iberoamericanistas-Europa;2284-2667;2284-2667;;"Arte, Cultura, Literatura, Humanidades, Filología"
8304;Histórica;"Pontificia Universidad Católica del Perú. Departamento de Humanidades";1;1;2846;Perú;2223-375X;0252-8894;0252-8894;Historia
8309;Historiografías;"Universidad de Zaragoza. Departamento de Historia Moderna y Contemporánea";1;1;2849;España;2174-4289;2174-4289;;Historia
8310;"Hitos de ciencias económico administrativas";"Universidad Juárez Autónoma de Tabasco, División Académica de Ciencias Económico Administrativas";1;1;2850;México;2448-4733;1405-4574;1405-4574;"Administración, Ciencia política y administración pública, Contabilidad, Economía, Economía de la empresa, Planeación económica"
8329;Hologramática;"Universidad Nacional de Lomas de Zamora, Facultad de Ciencias Sociales";1;1;2852;Argentina;1668-5024;1668-5024;;"Ciencias de la comunicación"
28296;Holopraxis;"Universidad Regional Autónoma de los Andes, Ecuador";1;1;11334;Ecuador;2588-0942;2588-0942;;"Administración, Ciencias de la comunicación, Ciencias sociales y humanidades, Computación, Educación, Turismo"
24331;"Homa Publica";"Universidade Federal de Juiz de Fora (UFJF)";1;1;10197;Brasil;2526-0774;2526-0774;;"Ciencias sociales y humanidades, Derecho y jurisprudencia, Relaciones internacionales, Sociología, Economía internacional"
29518;"Horizon International Journal.";"Editorial Sphaera";1;1;11691;Ecuador;3091-1753;;;Multidisciplinarias
29428;"Horizon Nexus Journal.";"Editorial Científica Doso";1;1;11659;Ecuador;3073-1275;;;"Ciencias sociales y humanidades, Educación, Ingeniería, Multidisciplinarias, Ciencia, Medio ambiente"
20822;"Horizonte de la Ciencia";"Universidad Nacional del Centro del Perú. Facultad de Educación. Unidad de Posgrado";1;1;8310;Perú;2413-936X;2304-4330;2304-4330;"Educación, Humanidades"
8347;"Horizonte médico";"Universidad de San Martín de Porres, Facultad de Medicina";1;1;2860;Perú;2227-3530;1727-558X;;Medicina
28666;"Horizonte Pedagógico";"Dirección Provincial de Educación";1;1;11505;Cuba;2310-3647;2310-3647;;"Educación, Pedagogía"
8349;"Horizonte sanitario";"Universidad Juárez Autónoma de Tabasco, División Académica de Ciencias de la Salud";1;1;2861;México;2007-7459;1665-3262;1665-3262;"Salud pública"
20252;Horizontes;"Universidade Federal da Grande Dourados (UFGD)";1;1;7937;Brasil;2318-1540;2318-1540;;Educación
25665;Horizontes;"Centro de Estudios Transdisciplinarios Bolivia (CET-Bolivia)";1;1;10619;Bolivia;2616-7964;2616-7964;;"Geografía, Historia, Pedagogía, Educación primaria, Educación superior"
20399;"Horizontes de Enfermería";"Universidad Politécnica Estatal del Carchi";1;1;8040;Ecuador;2631-293X;1390-6984;1390-6984;"Salud pública"
27018;"Horizontes territoriales";"Universidad Autónoma de Chiapas, Facultad de Ciencias Sociales, Maestría en Desarrollo Local";1;1;11938;México;2683-2895;2683-2895;;"Ciencias sociales y humanidades, Economía, Geografía, Historia, Relaciones internacionales, Sociología"
8359;"Hormigón y acero";"CINTER Divulgación Técnica";1;1;2867;España;2605-1729;0439-5689;0439-5689;"Ingeniería civil"
8360;"Horticultura argentina";"Asociación Argentina de Horticultura";1;1;2868;Argentina;1851-9342;0327-3431;0327-3431;Agronomía
24038;"Hospital a domicilio";"Centro Internacional Virtual de Investigación en Nutrición (CIVIN)-Sociedad Española de Hospitalización a Domicilio (SEHAD)";1;1;10103;España;2530-5115;2530-5115;;Medicina
29550;"Hospital medicine and clinical management";"Publicaciones Permanyer";1;1;11706;México;2604-0018;2604-000X;;"Medicina, Salud pública, Medicina legal"
13584;HSJ;"Hospital de Clínicas de Itajubá (HCI)";1;1;4819;Brasil;2966-0408;2966-0408;;"Epidemiología, Medicina, Salud pública, Enfermería"
8378;"Huarte de San Juan. Geografía e Historia";"Universidad Pública de Navarra";1;1;2875;España;2341-0809;1134-8259;1134-8259;"Geografía, Historia"
27094;"Huella de la palabra";"Universidad La Salle Pachuca";1;1;11412;México;2954-3975;2448-881X;2448-881X;Multidisciplinarias
22093;Huellas;"Universidad Nacional de La Pampa,  Facultad de Ciencias Humanas, Instituto de Geografía";1;1;9042;Argentina;2362-5643;0329-0573;0329-0573;"Ciencias sociales y humanidades, Geografía"
25378;"Huellas de la migración";"Universidad Autónoma del Estado de México";1;1;10540;México;2594-2832;2448-7155;2448-7155;Demografía
8386;"Huitzil. Revista mexicana de ornitología";"Sociedad para el Estudio y Conservación de las Aves en México, A.C. (CIPAMEX)";1;1;2877;México;1870-7459;1870-7459;;"Biología, Ecología, Zoología"
8399;Humanidades;"Universidad de Montevideo. Facultad de Humanidades";1;1;2882;Uruguay;2301-1629;1510-5024;1510-5024;"Arte, Filosofía, Historia, Literatura"
21328;humanidades;"Editorial de la Universidad de Costa Rica";1;1;8527;"Costa Rica";2215-3934;2215-2253;;Humanidades
28654;Humanitas;"Universidad Católica de Costa Rica";1;1;12004;"Costa Rica";2215-6844;1659-1852;1659-1852;"Administración, Ciencias sociales y humanidades, Educación, Psicología, Religión, Humanidades"
27119;Hybrida;"Universitat de València (España)";1;1;11146;España;2660-6259;2660-6259;;"Ciencias sociales y humanidades"
26479;Hyperborea;"Universidad Nacional de Río Negro, Laboratorio Texto, Imagen y Sociedad";1;1;11482;Argentina;2618-4397;2618-4397;;"Arte, Cine, Cultura, Literatura, Humanidades, Poesía"
21364;"I + diseño";"Universidad de Málaga, UMA Editora";1;1;8549;España;2794-0284;1889-433X;;Diseño
8429;I/C;"Universidad de Sevilla, Servicio de Publicaciones";1;1;2888;España;2173-1071;;1696-2508;"Ciencias de la comunicación, Ciencias de la información"
24007;"I+D revista de investigaciones";"Universidad de Investigación y Desarrollo";1;1;11114;Colombia;2539-519X;2256-1676;2256-1676;"Ciencias sociales y humanidades, Ciencia y Tecnología"
22274;"Iberian journal of the history of economic thought";"Revistas Científicas Complutenses";1;1;9172;España;2386-5768;2386-5768;;Economía
27714;"Ibero-American Journal of Education & Society Research";"Sapienza Grupo Editorial";1;1;11490;Brasil;2764-6254;2764-6254;;"Educación, Pedagogía, Psicología, Humanidades, Educación primaria"
28797;"Ibero-American Journal of Health Science Research";"Sapienza Grupo Editorial";1;1;11614;Brasil;2764-6165;2764-6165;;"Farmacología, Medicina, Salud pública, Enfermería"
24132;"Iberoamerican Business Journal";"Escuela de Postgrado Neumann S.A.C";1;1;10137;Perú;2521-5817;2521-5817;;Administración
26354;"Iberoamerican Journal of Medicine";"Hospital San Pedro, Emergency Department; Iberoamerican journal of medicine, Editorial Board";1;1;10847;España;2695-5075;;;Medicina
28738;"Iberoamerican Journal of Psychology and Public Policy “IJP&PP”";"Universidad de La Frontera";1;1;11990;Chile;2810-6598;2810-6598;;"Ciencia política y administración pública, Ciencias sociales y humanidades, Psicología, Sociología, Trabajo social, Criminología"
22814;Iberoamericana;"Stockholm University Press";1;1;9464;Iberoamericanistas-Europa;2002-4509;0046-8444;0046-8444;"Ciencia política y administración pública, Sociología, Estudios latinoamericanos"
22673;Iberoamericana;"Instituto Ibero-Americano de Berlin";1;1;9367;Iberoamericanistas-Europa;2255-520X;1577-3388;;"Historia, Literatura, Estudios latinoamericanos, Filología"
28322;"Iberoamerikanskie tetradi";"Ministerio de Asuntos Exteriores de Rusia, Instituto Estatal de Relaciones Internacionales de Moscú (Universidad)";1;1;11424;Iberoamericanistas-Eurasia;2658-5219;2409-3416;2409-3416;"Arte, Cultura, Lingüística, Literatura, Estudios latinoamericanos, Filología"
22272;Ibersid;"Ibersid : Prensas Universitarias de Zaragoza";1;1;9171;España;2174-081X;1888-0967;1888-0967;"Bibliotecología, Ciencias de la información"
24900;"IBN sina";"Universidad Autónoma de Zacatecas";1;1;10361;México;2594-0430;2594-0430;;"Salud pública"
8463;"Icono 14";"ICONO 14 Asociación Científica";1;1;2905;España;1697-8293;;;"Ciencias de la comunicación"
8467;Íconos;"Facultad Latinoamericana de Ciencias Sociales, Sede Ecuador";1;1;2909;Ecuador;1390-8065;1390-2466;1390-1249;"Antropología, Ciencia política y administración pública, Ciencias sociales y humanidades, Ecología, Economía, Filosofía"
19389;"ID on line. Revista de Psicologia";"Instituto Persona de Educação";1;1;7322;Brasil;1981-1179;1981-1179;;Psicología
22561;Ideas;"Universidad del Salvador. Instituto de Investigaciones en Lenguas Modernas";1;1;9288;Argentina;2469-0899;2469-0899;2469-1178;Lingüística
20017;IdeAs;"Institut des Amériques";1;1;7766;Iberoamericanistas-Europa;1950-5701;1950-5701;;"Estudios latinoamericanos"
23154;Ideas;"Red Argentina de Grupos de Investigación en Filosofía";1;1;9659;Argentina;2451-6910;2451-6910;;Filosofía
28430;"Ideas en ciencias de la ingeniería";"Universidad Autónoma del Estado de México, Facultad de Ingeniería";1;1;11556;México;2992-7447;2992-7447;;Ingeniería
27630;Identidad;"Universidad Nacional Hermilio Valdizán. Facultad de Ciencias de la Educación";1;1;11141;Perú;2707-5419;2306-4072;;"Ciencias sociales y humanidades, Educación"
25390;"Identidad Bolivariana";"Instituto Superior Tecnológico Bolivariano de Tecnología";1;1;10543;Ecuador;2550-6749;;;Multidisciplinarias
8505;"IDP. Revista de Internet, derecho y política";"Universitat Oberta de Catalunya, Gabinet de Comunicació, Publicacions a Internet";1;1;2919;España;1699-8154;1699-8154;;"Ciencias de la comunicación, Ciencias sociales y humanidades, Derecho y jurisprudencia"
25751;"IDYM- Investigaciones en danza y movimiento.";"Departamento de Artes del Movimiento (Universidad Nacional de las Artes)";1;1;11068;Argentina;2683-9318;2683-9318;;"Arte, Cultura, Folklore, Humanidades, Danza"
22975;"IE Revista de investigación educativa de la REDIECH";"Red de Investigadores Educativos Chihuahua, A.C.";1;1;9573;México;2448-8550;2007-4336;2007-4336;Educación
25926;Igobernanza;"Instituto Internacional de Gobierno";1;1;10725;Perú;2617-619X;2617-619X;;Multidisciplinarias
26185;Ihering;"Fundación Universitaria Española";1;1;10791;España;2660-552X;2605-4876;2605-4876;"Derecho y jurisprudencia, Historia"
8527;"Ilha do Desterro";"Universidade Federal de Santa Catarina (UFSC)";1;1;2929;Brasil;2175-8026;0101-4846;;Literatura
19392;Illapa;"Universidad Ricardo Palma. Instituto de Investigaciones Museológicas y Artísticas";1;1;7323;Perú;2519-5034;1810-7524;1813-8195;"Arte, Museología"
8532;Imafronte;"Servicio de Publicaciones de la Universidad de Murcia";1;1;2932;España;1989-4562;0213-392X;0213-392X;"Arte, Bellas artes"
26642;"Imaginario Social";"REDICME (reg-red-18-0061) Red de Investigación Científica Multidisciplinaria en Educación.";1;1;10902;Ecuador;2737-6362;2737-6362;;"Ciencias sociales y humanidades"
20622;Imago;"Sociedad Española de Emblemática";1;1;8196;España;2254-9633;2171-0147;2171-0147;"Arte, Artes plásticas, Cine, Cultura, Historia del arte, Literatura"
8546;Imagofagia;"Asociación Argentina de Estudios de Cine y Audiovisual";1;1;2936;Argentina;1852-9550;1852-9550;;"Cine, Cultura"
22560;IMex;"Universidad Heinrich Heine de Düsseldorf";1;1;9287;Iberoamericanistas-Europa;2193-9756;2193-9756;;"Arte, Cine, Cultura, Filosofía, Lingüística, Literatura, Humanidades, Teatro, Filología"
29534;"Impact Research Journal.";"Editorial Sphaera";1;1;11699;Ecuador;3091-1745;;;Multidisciplinarias
29214;Impacto;"Universidad Nacional de Itapúa";1;1;11601;Paraguay;2789-861X;2789-861X;;"Biotecnología, Ingeniería de comunicaciones, electrónica y control, Tecnología de alimentos, Ciencia y Tecnología, Ciencias exactas, Ciencias naturales"
19394;Ímpetus;"Universidad de Los Llanos - Unillanos";1;1;7325;Colombia;2981-3948;2011-4680;2011-4680;"Deportes, Educación, Turismo"
19396;Impossibilia;"Asociación cultural Impossibilia";1;1;7326;España;2174-2464;2174-2464;;Literatura
23412;"Improntas de la historia y la comunicación";"Universidad Nacional de La Plata, Facultad de Periodismo y Comunicación Social";1;1;9802;Argentina;2469-0457;2469-0457;;"Ciencias de la comunicación, Historia"
28492;Impulso;"Universidad Privada Domingo Savio";1;1;12021;Bolivia;2959-9040;2959-9040;;"Administración, Contabilidad, Finanzas"
20581;InCantare;"Universidade Estadual do Paraná (UNESPAR)";1;1;8163;Brasil;2317-417X;2317-417X;;"Arte, Música, Humanidades"
26135;Inceptum;"Universidad Michoacana de San Nicolás de Hidalgo, Instituto de Investigaciones Económicas y Empresariales";1;1;11135;México;2007-9494;1870-526X;1870-526X;"Administración, Contabilidad"
28585;Incipit;"Instituto de Investigaciones Bibliográficas y Critica Textual (IIBICRIT)";1;1;11411;Argentina;2683-9199;0326-0941;;"Lingüística, Literatura, Humanidades, Filología"
19399;"Independent Journal of Management & Production";"Publicação independente";1;1;7328;Brasil;2236-269X;2236-269X;;"Administración, Contabilidad, Economía, Ingeniería industrial, Tecnología, Ingeniería de transportes"
19400;Index.comunicación;"Universidad Rey Juan Carlos, Departamento de Ciencias de la Comunicación";1;1;7329;España;2174-1859;2174-1859;;"Ciencias de la comunicación, Ciencias sociales y humanidades, Cine"
8580;Indiana;"Ibero-Amerikanisches Institut Preussischer Kulturbesitz";1;1;2952;Iberoamericanistas-Europa;2365-2225;2365-2225;0341-8642;"Antropología, Etnología, Estudios latinoamericanos"
8626;"Industrial data";"Universidad Nacional Mayor de San Marcos, Instituto de Investigación de Ingeniería Industrial";1;1;2961;Perú;1810-9993;1560-9146;1560-9146;"Ingeniería, Ingeniería industrial, Tecnología"
8632;INFAD;"Asociación Internacional de Psicología Evolutiva y Educativa de la Infancia y de la Adolescencia, Mayores y Discapacidad (INFAD)";1;1;2962;España;2603-5987;0214-9877;0214-9877;"Educación, Psicología"
8636;"Infancia y aprendizaje";"Taylor & Francis";1;1;2963;España;1578-4126;0210-3702;0210-3702;Psicología
24196;Infarma;"Conselho Federal de Farmácia (CFF)";1;1;10165;Brasil;2318-9312;0104-0219;;"Agronomía, Antropología, Biología, Bioquímica, Botánica, Ecología, Epidemiología, Farmacia, Farmacología, Medicina, Microbiología, Parasitología, Química, Salud pública, Toxicología"
24070;InfoAnalítica;"Centro de Publicaciones PUCE";1;1;10115;Ecuador;2602-8344;;;"Ingeniería química"
10903;Infodir;"Editorial de Ciencias Médicas";1;1;3775;Cuba;1996-3521;1996-3521;;Administración
8668;INFOMIN;"Centro de Investigaciones para la Industria Minero Metalúrgica (CIPIMM)";1;1;2969;Cuba;1992-4194;1992-4194;;Metalurgia
23463;"Informação em Pauta";"Universidade Federal do Ceará (UFC)";1;1;9827;Brasil;2525-3468;2525-3468;;"Ciencias de la información, Ciencias sociales y humanidades, Humanidades"
8679;"Informació psicológica";"Colegio Oficial de Psicólogos de la Comunidad Valenciana";1;1;2972;España;1989-9076;;0214-347X;Psicología
8691;"Información comercial española";"Ministerio de Economía, Comercio y Empresa. Secretaría de Estado de Comercio.";1;1;2974;España;2340-8790;0019-977X;0019-977X;"Economía, Economía internacional"
8723;"Información, cultura y sociedad";"Universidad de Buenos Aires, Facultad de Filosofía y Letras,  Instituto de Investigaciones Bibliotecológicas (INIBI)";1;1;2977;Argentina;1851-1740;1514-8327;1514-8327;"Bibliotecología, Ciencias de la información"
26207;"Informática y Sistemas";"Universidad Técnica de Manabí";1;1;10798;Ecuador;2550-6730;;;"Computación, Ingeniería de comunicaciones, electrónica y control"
15471;Informatio;"Universidad de la República, Facultad de Información y Comunicación. Instituto de Información y Comunicación";1;1;5604;Uruguay;2301-1378;2301-1378;;"Bibliotecología, Ciencias de la información"
8911;"Informes de la construcción";"Editorial CSIC";1;1;2987;España;1988-3234;0020-0883;0020-0883;"Arquitectura, Ingeniería civil"
20404;"Infraestructura vial";"Universidad de Costa Rica";1;1;8045;"Costa Rica";2215-3705;2215-3705;;"Ingeniería de materiales, Ingeniería de transportes"
15884;"Inge Cuc";"Universidad de la Costa";1;1;5866;Colombia;2382-4700;0122-6517;0122-6517;"Ingeniería, Inteligencia artificial-robótica, Telecomunicaciones"
8931;"Ingeniare. Revista chilena de ingeniería";"Universidad de Tarapacá.  Escuela Universitaria de Ingeniería Eléctrica-Electrónica.";1;1;2994;Chile;0718-3305;0718-3291;0718-3291;"Ingeniería de comunicaciones, electrónica y control, Ingeniería eléctrica, Ingeniería industrial"
7979;Ingeniería;"Universidad Distrital Francisco José de Caldas";1;1;2706;Colombia;2344-8393;0121-750X;0121-750X;"Ingeniería, Ciencia"
8934;Ingeniería;"Universidad Autónoma de Yucatán, Facultad de Ingeniería";1;1;2995;México;2448-8364;2448-8364;1665-529X;"Ingeniería, Ingeniería civil"
20931;"Ingeniería Agrícola";"Instituto de Investigaciones de Ingeniería agrícola";1;1;11417;Cuba;2227-8761;2227-8761;2306-1545;Agronomía
8937;"Ingeniería agrícola y biosistemas";"Universidad Autónoma Chapingo";1;1;2997;México;2007-4026;2007-3925;2007-3925;"Agronomía, Biotecnología, Edafología, Ciencias de la tierra"
8947;"Ingeniería del agua";"Editorial de la Universitat Politèctica de València";1;1;3002;España;1886-4996;1134-2196;1134-2196;"Ciencias de la tierra, Ingeniería hidráulica"
8949;"Ingeniería e Investigación";"Universidad Nacional de Colombia Facultad de Ingeniería";1;1;11129;Colombia;2248-8723;0120-5609;0120-5609;"Ingeniería eléctrica, Ingeniería industrial, Ingeniería mecánica, Ingeniería química"
8950;"Ingeniería electrónica automática y comunicaciones";"Universidad Tecnológica de La Habana  José Antonio Echeverría, Facultad Ingeniería Automática y Biomédica";1;1;3003;Cuba;1815-5928;0258-5944;0258-5944;"Ingeniería, Ingeniería de comunicaciones, electrónica y control"
8952;"Ingeniería Energética";"Universidad Tecnológica de La Habana ""José Antonio Echeverría"", Facultad de Ingeniería Eléctrica";1;1;3004;Cuba;1815-5901;0253-5645;0253-5645;"Ingeniería, Ingeniería eléctrica"
8961;"Ingeniería Industrial";"Instituto Superior Politécnico ""José Antonio Echeverría"", Facultad de Ingeniería Industrial";1;1;3010;Cuba;1815-5936;0258-5960;;"Ingeniería industrial"
8963;"Ingeniería industrial";"Universidad de Lima. Facultad de Ingeniería industrial";1;1;3012;Perú;2523-6326;1025-9929;1025-9929;"Ingeniería industrial"
26846;"Ingeniería investiga";"Universidad Privada de Tacna";1;1;11008;Perú;2708-3039;2708-3039;;Ingeniería
28705;"Ingeniería Química y Desarrollo";"Universidad de Guayaquil";1;1;11462;Ecuador;3028-8533;3028-8533;;"Ingeniería química, Medio ambiente"
8978;"Ingeniería sísmica";"Sociedad Mexicana de Ingeniería Sísmica A.C.";1;1;3021;México;2395-8251;0185-092X;0185-092X;"Ingeniería civil, Ingeniería de materiales"
8982;"Ingeniería y Competitividad Revista Científica y Tecnológica";"Programa Editorial Universidad del Valle";1;1;3023;Colombia;2027-8284;0123-3033;0123-3033;Ingeniería
8989;"Ingeniería, investigación y tecnología";"Universidad Nacional Autónoma de México, Facultad de Ingeniería";1;1;3029;México;2594-0732;1405-7753;1405-7743;"Ingeniería, Tecnología"
20400;"Ingeniería: Revista de la Universidad de Costa Rica";"Universidad de Costa Rica";1;1;8041;"Costa Rica";2215-2652;1409-2441;1409-2441;"Arquitectura, Ingeniería"
27109;"Ingenio (En línea)";"Universidad Central del Ecuador";1;1;10989;Ecuador;2697-3243;;;"Ingeniería, Ingeniería civil, Ingeniería de comunicaciones, electrónica y control, Ingeniería industrial, Ingeniería mecánica"
25888;"InGenio Journal";"Universidad Técnica Estatal de Quevedo";1;1;10711;Ecuador;2697-3642;;;"Ingeniería de comunicaciones, electrónica y control, Ingeniería eléctrica, Ingeniería industrial, Ingeniería mecánica, Industria"
26121;"Ingenio tecnológico.";"Universidad Tecnológica Nacional. Facultad Regional La Plata.";1;1;10779;Argentina;2618-4931;2618-4931;;"Ingeniería, Tecnología, Metalurgia"
25920;"Ingenio y conciencia boletín científico de la Escuela Superior de Ciudad Sahagún";"Universidad Autónoma del Estado de Hidalgo, Escuela Superior de Ciudad Sahagún";1;1;11024;México;2007-784X;2007-784X;;"Administración, Economía, Ingeniería, Tecnología"
25443;"Ingenium et Potentia. Revista Electrónica Multidisciplinaria de Ciencias Básicas, Ingeniería y Arquitectura";"Fundación Koinonía";1;1;10563;Venezuela;2665-0304;2665-0304;;"Arquitectura, Ingeniería, Ciencia"
23314;"Ingenius. Revista de Ciencia y Tecnología";"Universidad Politécnica Salesiana";1;1;9745;Ecuador;1390-860X;;;"Computación, Física, Ingeniería de comunicaciones, electrónica y control, Ingeniería eléctrica, Ingeniería mecánica, Ciencia y Tecnología"
9007;Inguruak;"Asociación Vasca de Sociología y Ciencia Política/ Euskal Soziologia eta Zientzia Politikoaren Elkartea";1;1;3039;España;2444-1317;0214-7912;0214-7912;"Ciencia política y administración pública, Ciencias sociales y humanidades, Sociología"
23943;Inmaterial;"Bau, Centro Universitario de Artes y Diseño de Barcelona";1;1;10072;España;2462-5892;2462-5884;;"Arte, Bellas artes, Diseño, Tecnología, Estudios de género"
9018;"Inmediaciones de la comunicación";"Universidad ORT Uruguay";1;1;3043;Uruguay;1688-8626;1510-5091;1510-5091;"Ciencias de la comunicación"
28064;INMEDSUR;"Universidad de Ciencias Médicas de Cienfuegos , Centro Provincial de Información de Ciencias Médicas de Cienfuegos";1;1;11320;Cuba;2708-8456;2708-8456;;"Medicina, Salud pública"
29326;InnDev.;"Instituto Tecnológico Superior Compu Sur, ITECSUR";1;1;11629;Ecuador;2773-7640;;;Educación
22318;Innoeduca;"Universidad de Málaga";1;1;9194;España;2444-2925;2444-2925;;"Educación, Tecnología educativa, Educación superior"
9021;Innotec;"Laboratorio Tecnológico del Uruguay";1;1;3045;Uruguay;1688-6593;1688-3691;1688-3691;"Biotecnología, Tecnología de alimentos, Ciencia y Tecnología"
22685;"Innova Research Journal";"Universidad Internacional del Ecuador";1;1;9376;Ecuador;2477-9024;;;"Ciencias de la comunicación, Ciencias sociales y humanidades, Educación, Relaciones internacionales"
29562;"Innova Science Journal.";"OM Editorial";1;1;11712;Ecuador;3091-1680;;;"Ciencias sociales y humanidades, Ingeniería, Multidisciplinarias, Tecnología"
25428;"INNOVA UNTREF.";"Universidad de Tres de Febrero (UNTREF)";1;1;11205;Argentina;2618-1894;2618-1894;;Multidisciplinarias
29028;"Innovación & Saber";"Instituto Superior Universitario Policía Nacional (ISUPOL)";1;1;11761;Ecuador;2773-7470;;;Multidisciplinarias
9029;"Innovación educativa";"Universidad de Santiago de Compostela, Servizo de Publicacións e Intercambio Científico";1;1;3048;España;2340-0056;1130-8656;1130-8656;Educación
9030;"Innovación educativa";"Instituto Politécnico Nacional, Coordinación Editorial.";1;1;3049;México;2594-0392;1665-2673;1665-2673;"Ciencias sociales y humanidades"
27803;"Innovación empresarial";"Universidad de Huánuco";1;1;11918;Perú;2810-8507;2810-8507;;"Administración, Contabilidad, Economía, Desarrollo económico, Economía de la empresa, Finanzas"
27216;"Innovación y software";"Universidad La Salle";1;1;11019;Perú;2708-0935;2708-0935;2708-0927;Computación
19418;"Innovaciones de Negocios";"Universidad Autónoma de Nuevo León, Facultad de Contaduría Pública y Administración, Secretaría de Investigación";1;1;7335;México;3061-743X;2007-1191;2007-1191;"Administración, Contabilidad, Economía, Economía de la empresa, Economía internacional, Finanzas"
9034;"Innovaciones Educativas";"Universidad Estatal a Distancia, Escuela Ciencias de la Educación";1;1;3051;"Costa Rica";2215-4132;1022-9825;1022-9825;Educación
21514;"Innovare: revista de ciencia y tecnología";"Universidad Tecnológica Centroamericana";1;1;8647;Honduras;2310-290X;2310-290X;;Multidisciplinarias
28057;"Innovation & Development in Engeneering and Applied Science.";"Universidad Técnica del Norte";1;1;11253;Ecuador;2600-5573;2600-5573;;"Agronomía, Biotecnología, Ingeniería eléctrica, Ingeniería industrial, Ingeniería mecánica, Ingeniería textil"
23981;"Inquietud empresarial";"Universidad Pedagógica y Tecnológica de Colombia";1;1;11422;Colombia;2422-3220;0121-1048;0121-1048;"Administración, Ciencias de la información, Contabilidad, Finanzas"
24810;INSPILIP;"Instituto Nacional de Investigación en Salud Pública (INSPI)";1;1;10329;Ecuador;2588-0551;;;"Anatomía, Epidemiología, Infectología, Microbiología, Salud pública, Toxicología"
26249;"Insta Magazine";"Instituto Superior Tecnológico ""DE TECNOLOGÍAS APROPIADAS"" – INSTA";1;1;10813;Ecuador;2697-3308;2697-3308;;"Ingeniería, Ingeniería de comunicaciones, electrónica y control, Ingeniería eléctrica, Ingeniería mecánica, Tecnología, Telecomunicaciones"
24276;Insurgência;"Universidade de Brasília";1;1;11864;Brasil;2447-6684;2447-6684;;"Ciencia política y administración pública, Ciencias sociales y humanidades, Multidisciplinarias, Estudios latinoamericanos, Derechos humanos"
9059;"Intangible Capital";"Intangible capital";1;1;3057;España;1697-9818;;;"Administración, Economía de la empresa"
29577;Integración;"Universidad Andina del Cusco";1;1;11833;Perú;2790-2145;2618-1207;;"Administración, Contabilidad"
21980;"Integración y conocimiento";"Núcleo de Estudios e Investigaciones en Educación Superior del MERCOSUR";1;1;8972;Argentina;2347-0658;2313-9080;;"Educación, Educación superior"
26654;"Integralidad sobre ruedas.";"Universidad de la República, Facultad de Humanidades y Ciencias de la Educación, Unidad de Extensión";1;1;11061;Uruguay;2697-3197;2301-0614;;"Educación, Educación superior"
9072;"Inteligencia artificial";"Sociedad Iberoamericana de Inteligencia Artificial";1;1;3061;España;1988-3064;1137-3601;;"Inteligencia artificial-robótica"
19969;"Inter disciplina";"Universidad Nacional Autónoma de México, Centro de Investigaciones Interdisciplinarias en Ciencias y Humanidades";1;1;7728;México;2448-5705;2395-969X;2395-969X;"Ciencias sociales y humanidades, Multidisciplinarias"
28218;"Inter litteras";"Facultad de Filosofía y Letras, Universidad de Buenos Aires";1;1;11369;Argentina;2683-9695;2683-9695;;"Literatura, Poesía"
22663;Interacciones;"Instituto Peruano de Orientación Psicológica";1;1;9360;Perú;2413-4465;2411-5940;2411-5940;Psicología
28308;"Intercambio psicoanalítico";"FLAPPSIP  - Federación Latinoamericana de Asociaciones de Psicoanálisis y Psicoterapia Psicoanalítica";1;1;11811;Uruguay;2815-6994;2815-6994;;Psiquiatría
19968;InterCambios;"Universidad de la República, Comisión sectorial de enseñanza; Administración Nacional de Educación Pública";1;1;7727;Uruguay;2301-0126;2301-0118;2301-0118;"Educación, Educación superior"
23710;"Interconectando saberes";"Universidad Veracruzana, Instituto de Investigaciones y Estudios Superiores Económicos y Sociales";1;1;9955;México;2448-8704;2448-8704;;"Ciencias sociales y humanidades, Multidisciplinarias, Ciencia y Tecnología"
9108;Interdisciplinaria;"Centro Interamericano de Investigaciones Psicológicas y Ciencias Afines;  Centro Argentino de Información Científica y Tecnológica";1;1;3079;Argentina;1668-7027;0325-8203;0325-8203;Psicología
29213;"Interdisciplinary Journal of Didactics";"Universidad de Alicante";1;1;12048;España;3045-5413;3045-5413;;Educación
20364;"Interdisciplinary journal of Portuguese diaspora studies";"Anderson University";1;1;8018;"Iberoamericanistas-América del Norte";2165-2694;2165-2694;;"Ciencias sociales y humanidades, Multidisciplinarias"
20161;Interfaces;"Universidade Federal de Minas Gerais (UFMG)";1;1;7857;Brasil;2318-2326;2318-0218;;Multidisciplinarias
22403;Interfases;"Universidad de Lima";1;1;9247;Perú;1993-4912;1993-4912;;"Ingeniería de comunicaciones, electrónica y control, Inteligencia artificial-robótica"
23540;InterNaciones;"Universidad de Guadalajara, Centro Universitario de Ciencias Sociales y Humanidades";1;1;9874;México;2007-9834;2007-9680;2007-9680;"Relaciones internacionales"
25528;"International journal of agriculture and natural resources";"Pontificia Universidad Católica de Chile, Facultad de Agronomía e Ingeniería Forestal";1;1;10588;Chile;2452-5731;2452-5731;;"Agronomía, Silvicultura, Recursos naturales no renovables"
27131;"International Journal of Cardiovascular Sciences";"Sociedade Brasileira de Cardiologia";1;1;11020;Brasil;2359-5647;2359-4802;;"Cardiología, Medicina"
9122;"International Journal of Clinical and Health Psychology";"Elsevier Doyma";1;1;3089;España;2174-0852;1697-2600;1697-2600;"Psicología, Salud pública"
9123;"International Journal of Combinatorial Optimization Problems and Informatics";"EDITADA (Editorial Academica Dragon Azteca, S. de R.L. de C.V.)";1;1;3090;México;2007-1558;2007-1558;;Computación
26148;"International Journal of Digital Law";"Pontifícia Universidade Católica do Paraná (PUCPR)";1;1;11617;Brasil;2675-7087;2675-7087;;"Ciencia política y administración pública, Ciencias de la información, Economía, Derechos humanos"
22427;"International Journal of Educational Excellence";"Universidad Metropolitana (UMET)";1;1;9267;"Puerto Rico";2373-5929;2373-5929;;"Ciencias sociales y humanidades, Educación, Pedagogía, Educación superior"
21500;"International journal of educational psychology";"Hipatia Press";1;1;8642;España;2014-3591;2014-3591;;Psicología
21501;"International journal of educational research and innovation";"Universidad Pablo de Olavide";1;1;8643;España;2386-4303;2386-4303;;Educación
9127;"International Journal of English Studies";"Universidad de Murcia, Servicio de Publicaciones";1;1;3091;España;1989-6131;1578-7044;1578-7044;"Lingüística, Literatura, Filología"
9129;"International journal of interactive multimedia and artificial intelligence";"Universidad Internacional de La Rioja (UNIR)";1;1;3093;España;1989-1660;;;"Inteligencia artificial-robótica"
21758;"International journal of medical and surgical sciences";"Facultad de Ciencias de la Salud";1;1;8812;Chile;0719-532X;0719-3904;;Medicina
9130;"International Journal of Morphology";"Sociedad Chilena de Anatomía";1;1;3094;Chile;0717-9502;0717-9367;0717-9367;Anatomía
24043;"International journal of new education";"Universidad de Málaga.  Grupo de Investigación de Innovación y Desarrollo Educativo Inclusivo (IDEI), HUM-1009";1;1;11105;España;2605-1931;;;Educación
9132;"International journal of odontostomatology";"Universidad de La Frontera. Facultad de Medicina";1;1;3095;Chile;0718-381X;0718-3801;0718-3801;"Medicina, Odontología"
20835;"International Journal of Production Management and Engineering";"Universitat Politècnica de València";1;1;8319;España;2340-4876;2340-5317;;"Ingeniería industrial"
26564;"International Journal of Racket Sports Science";"Universidad de Granada, Universidad de Jaén";1;1;10889;España;2695-4508;2695-4508;;Deportes
19429;"International journal of sociology of education";"Hipatia Press";1;1;7340;España;2014-3575;;;"Educación, Sociología"
19430;"International microbiology";"Springer International Publishing";1;1;7341;España;1618-1905;1139-6709;;Microbiología
25096;"International Review of Communication and Marketing Mix";"Editorial Universidad de Sevilla";1;1;10425;España;2605-0447;2605-0447;;"Ciencias de la comunicación, Ciencias de la información, Economía, Televisión"
26377;"International Review of Economic Policy – Revista Internacional de Política Económica";"Universidad de Valencia";1;1;10851;España;2695-7035;2695-7035;;"Ciencia política y administración pública, Economía, Planeación económica, Planificación del desarrollo"
22575;"Interpretatio. Revista de hermenéutica";"Universidad Nacional Autónoma de México, Instituto de Investigaciones Filológicas";1;1;9298;México;2448-864X;2448-864X;2683-1406;"Ciencias sociales y humanidades, Lingüística, Literatura"
9147;"Intersecciones en antropología";"Universidad Nacional del Centro de la Provincia de Buenos Aires, Facultad de Ciencias Sociales";1;1;3100;Argentina;1850-373X;1666-2105;1666-2105;Antropología
9145;"Intersecciones en comunicación";"Universidad Nacional del Centro de la Provincia de Buenos Aires. Facultad de Ciencias Sociales";1;1;3099;Argentina;2250-4184;1515-2332;1515-2332;"Ciencias de la comunicación"
19433;"InterSedes: Revista de las Sedes Regionales";"Universidad de Costa Rica";1;1;7344;"Costa Rica";2215-2458;1409-4746;;Multidisciplinarias
22091;Intersticios;"Universidad Nacional de Córdoba. Facultad de Filosofía y Humanidades. Cátedra de Filosofía Argentina y Latinoamericana.";1;1;9040;Argentina;2250-6543;2250-6543;;"Ciencias sociales y humanidades, Filosofía, Multidisciplinarias"
21713;"Intersticios sociales";"El Colegio de Jalisco, A.C.";1;1;8782;México;2007-4964;2007-4964;;"Ciencias sociales y humanidades"
9156;INTERthesis;"Universidade Federal de Santa Catarina (UFSC)";1;1;3108;Brasil;1807-1384;1807-1384;;"Ciencias sociales y humanidades, Humanidades, Estudios de género"
9159;Intervención;"Instituto Nacional de Antropología e Historia, Escuela Nacional de Conservación, Restauración y Museografía";1;1;3110;México;2448-5934;2007-249X;2007-249X;"Arqueología, Cultura, Historia, Museología"
26549;Intervención;"Universidad Alberto Hurtado";1;1;11067;Chile;2452-4751;0719-1057;;"Trabajo social"
12327;"Intervención psicosocial";"Colegio Oficial de Psicólogos de Madrid";1;1;4348;España;2173-4712;1132-0559;1132-0559;Psicología
9160;Intexto;"Universidade Federal do Rio Grande do Sul (UFRGS)";1;1;3111;Brasil;1807-8583;1807-8583;;"Ciencias de la comunicación"
21717;"Intus-Legere Historia";"Universidad Adolfo Ibáñez, Departamento de Historia, Facultad de Artes Liberales";1;1;8786;Chile;0719-8949;0718-5456;0718-5456;Historia
27000;"INVESTIGA +.";"Universidad Provincial de Córdoba";1;1;10976;Argentina;2618-4370;2618-4370;;"Educación, Multidisciplinarias, Pedagogía, Sociología, Humanidades"
9176;Investiga.tec;"Instituto Tecnológico de Costa Rica";1;1;12006;"Costa Rica";2953-7754;2953-7754;1659-3383;Multidisciplinarias
24021;"Investigación & desarrollo";"Universidad Privada Boliviana";1;1;10096;Bolivia;2518-4431;1814-6333;1814-6333;Multidisciplinarias
23902;"Investigación & negocios";"Universidad Mayor Real y Pontificia de San Francisco Xavier de Chuquisaca, Facultad de Ciencias Económicas y Empresariales";1;1;10050;Bolivia;;2521-2737;2521-2737;"Administración, Ciencia política y administración pública, Contabilidad, Economía, Desarrollo económico, Finanzas"
9189;"Investigación administrativa";"Instituto Politécnico Nacional, Escuela Superior de Comercio y Administración, Unidad Santo Tomás, Sección de Estudios de Posgrado e Investigación";1;1;3122;México;2448-7678;1870-6614;1870-6614;Administración
20838;"Investigación agraria";"Universidad Nacional de Asunción, Facultad de Ciencias Agrarias";1;1;8320;Paraguay;2305-0683;1684-9086;1684-9086;Agronomía
9199;"Investigación Aplicada e Innovación";TECSUP;1;1;3128;Perú;2707-9368;1996-7551;1996-7551;Multidisciplinarias
9200;"Investigación bibliotecológica: archivonomía, bibliotecología e información";"Universidad Nacional Autónoma de México, Instituto de Investigaciones Bibliotecológicas y de la Información";1;1;3129;México;2448-8321;0187-358X;0187-358X;"Bibliotecología, Ciencias de la información"
27464;"Investigación e innovación";"Universidad Nacional Jorge Basadre Grohmann";1;1;11362;Perú;2790-5543;2790-5543;;"Farmacología, Geriatría, Medicina, Pediatría, Salud pública, Enfermería"
28236;"Investigación e Innovación Clínica y Quirúrgica Pediátrica";"Instituto Nacional de Salud del Niño San Borja";1;1;11797;Perú;2961-2543;2961-2543;;"Cirugía, Epidemiología, Medicina, Pediatría, Salud pública, Ingeniería biomédica"
24046;"Investigación e innovación en ingenierías";"Universidad Simón Bolívar";1;1;10106;Colombia;2344-8652;2344-8652;;Ingeniería
25472;"Investigación e innovación en matemática educativa";"Red de Centros de Investigación en Matemática Educativa A.C.";1;1;10566;México;2594-1046;2594-1046;;Educación
9209;"Investigación económica";"Universidad Nacional Autónoma de México, Facultad de Economía";1;1;3133;México;2594-2360;0185-1667;0185-1667;Economía
19970;"Investigación en educación médica";"Universidad Nacional Autónoma de México, Facultad de Medicina";1;1;7729;México;2007-5057;2007-5057;2007-865X;"Medicina, Estudios sociales de la salud"
9215;"Investigación en la escuela";"Universidad de Sevilla";1;1;3136;España;2443-9991;0213-7771;0213-7771;"Educación, Pedagogía"
22385;"Investigación teatral";"Universidad Veracruzana, Centro de Estudios, Creación y Documentación de las Artes";1;1;9241;México;2594-0953;1665-8728;1665-8728;Teatro
19435;"Investigación Tecnología e Innovación";"Universidad de Guayaquil";1;1;7345;Ecuador;2661-6548;1390-5147;1390-5147;"Agronomía, Ciencias sociales y humanidades, Educación, Ingeniería, Multidisciplinarias, Ciencias naturales"
9224;"Investigación universitaria";"Universidad Nacional de Ucayali";1;1;3141;Perú;2664-8423;1992-5166;1992-5166;Multidisciplinarias
9225;"Investigación Valdizana";"Universidad Nacional Hermilio Valdizán";1;1;3142;Perú;1995-445X;1994-1420;1994-1420;"Ciencias sociales y humanidades, Multidisciplinarias"
9228;"Investigación y Ciencia de la Universidad Autónoma de Aguascalientes";"Universidad Autónoma de Aguascalientes, Dirección General de Investigación y Posgrado";1;1;3143;México;2521-9758;1665-4412;1665-4412;"Ciencias sociales y humanidades, Multidisciplinarias, Ciencias de la tierra, Ciencia"
27682;"Investigación y Desarrollo";"Universidad Técnica de Ambato";1;1;11143;Ecuador;2631-2557;1390-5546;;"Ciencias sociales y humanidades, Ciencias naturales"
24019;"Investigación y Formación Pedagógica";"Universidad Pedagógica Experimental Libertador";1;1;10095;Venezuela;2477-9342;2477-9342;;"Educación, Educación media o secundaria, Educación preescolar, Educación primaria, Educación superior"
25105;"Investigación y Pensamiento Crítico";"Universidad Santa María La Antigua (USMA), Dirección de Investigación y Desarrollo";1;1;10427;Panamá;2644-4119;1812-3864;;Multidisciplinarias
19456;"Investigación y Postgrado";"Universidad Pedagógica Experimental Libertador";1;1;7354;Venezuela;2244-7474;1316-0087;1316-0087;Educación
26349;"Investigación, ciencia y universidad.";"Editorial UMaza (Editorial de la universidad Juan Agustín Maza)";1;1;11439;Argentina;2525-1783;2525-1783;;Multidisciplinarias
29020;"Investigaciones básicas y aplicadas en alimentos.";"Universidad Nacional de La Plata, Facultad de Ciencias Exactas";1;1;12054;Argentina;3008-9336;3008-9336;;"Tecnología de alimentos"
9240;"Investigaciones feministas";"Instituto de Investigaciones Feministas";1;1;3147;España;2171-6080;2171-6080;;"Sociología, Estudios de género"
19450;"Investigaciones fenomenológicas";"Universidad Nacional de Educación a Distancia";1;1;7351;España;1885-1088;;;Filosofía
9241;"Investigaciones geográficas";"Universidad de Alicante";1;1;3148;España;1989-9890;0213-4691;0213-4691;Geografía
9242;"Investigaciones geográficas";"Universidad Nacional Autónoma de México, Instituto de Geografía";1;1;3149;México;2448-7279;0188-4611;0188-4611;Geografía
9244;"Investigaciones históricas";"Universidad de Valladolid, Secretariado de Publicaciones e Intercambio Editorial";1;1;3151;España;2530-6472;0210-9425;0210-9425;Historia
9251;"Investigaciones regionales";"MARCIAL PONS S. L";1;1;3154;España;2340-2717;1695-7253;1695-7253;"Economía, Econometría, Economía de la empresa, Economía internacional, Finanzas, Hacienda pública"
21722;"Investigaciones sobre Lectura";"Asociación Española de Comprensión Lectora y Universidad de Málaga";1;1;8789;España;2340-8685;2340-8685;;"Educación, Humanidades, Filología"
20843;"Investigaciones sociales";"Universidad Nacional Mayor de San Marcos. Facultad de Ciencias Sociales. Instituto de Investigaciones Historico-Sociales";1;1;8322;Perú;1818-4758;1560-9073;1560-9073;"Antropología, Arqueología, Geografía, Historia, Sociología, Trabajo social"
9253;"Investigaciones Turísticas";"Universidad de Alicante";1;1;3155;España;2174-5609;2174-5609;;"Economía, Turismo"
28083;"Investigaciones y ensayos.";"Academia Nacional de la Historia";1;1;11261;Argentina;2545-7055;0539-242X;;Historia
26147;"Investigaciones y Estudios-UNA";"Universidad Nacional de Asunción";1;1;11025;Paraguay;2709-0817;2070-0415;;Multidisciplinarias
9258;Investigações;"Universidade Federal de Pernambuco (UFPE)";1;1;3158;Brasil;2175-294X;0104-1320;;"Lingüística, Literatura"
25529;"Investigando en Psicología.";"Facultad de Psicología. Universidad Nacional de Tucumán.";1;1;11012;Argentina;2796-9002;1515-2138;;Psicología
23696;"Investigatio Research Review";"Universidad Espíritu Santo";1;1;9946;Ecuador;2602-8336;1390-6399;;"Agronomía, Medicina, Multidisciplinarias"
25005;iQual;"Editum. Ediciones de la Universidad de Murcia";1;1;10398;España;2603-851X;2603-851X;;"Estudios de género"
9279;Isegoría;"Editorial CSIC";1;1;3167;España;1988-8376;1130-2097;1130-2097;Filosofía
24153;Isidorianum;"Facultad de Teología San Isidoro de Sevilla";1;1;10146;España;2660-7743;1131-7027;1131-7027;"Filosofía, Multidisciplinarias, Religión, Humanidades"
20389;Isimu;"Universidad Autónoma de Madrid";1;1;8033;España;2659-9090;1575-3492;1575-3492;Humanidades
9284;Islas;"Universidad Central «Marta Abreu» de Las Villas";1;1;11249;Cuba;1997-6720;0047-1542;0047-1542;"Folklore, Lingüística, Literatura, Humanidades"
20844;Isonomía;"Instituto Tecnológico Autónomo de México";1;1;8323;México;2683-2593;1405-0218;1405-0218;"Derecho y jurisprudencia"
29582;"ISTE Scientist.";"Instituto Tecnológico Superior Universitario España";1;1;11726;Ecuador;2953-6618;;;"Administración, Contabilidad, Economía, Finanzas"
22788;Istmica.;"Editorial Universidad Nacional";1;1;9447;"Costa Rica";2215-471X;1023-0890;1023-0890;"Cultura, Filosofía, Literatura, Música, Humanidades"
8187;Ítaca;"Universidad de Alicante";1;1;2783;España;2386-4753;2172-5500;2172-5500;"Lingüística, Literatura, Filología"
21652;Itamar;"Universitat de València";1;1;8737;España;2386-8260;1889-1713;;Música
23489;Itinerantes;"Editorial UNSTA";1;1;9844;Argentina;2525-2178;2250-5377;;Humanidades
22451;Itinerarios;"Instituto de Estudios Ibéricos e Iberoamericanos, Universidad de Varsovia";1;1;9282;Iberoamericanistas-Europa;1507-7241;1507-7241;;"Antropología, Lingüística, Literatura"
23940;"Itinerarios educativos";"Ediciones UNL";1;1;10070;Argentina;2362-5554;1850-3853;;Educación
23364;"Iuris Dictio";"Universidad San Francisco de Quito";1;1;9774;Ecuador;2528-7834;1390-6402;;"Derecho y jurisprudencia"
9325;"Iuris Tantum";"Universidad Anáhuac México";1;1;11449;México;2594-1879;2007-0500;2007-0500;"Derecho y jurisprudencia"
9329;"Ius canonicum";"Universidad de Navarra";1;1;3185;España;2254-6219;0021-325X;0021-325X;"Derecho y jurisprudencia"
24102;"Ius comitiãlis";"Universidad Autónoma del Estado de México, Facultad de Derecho";1;1;10125;México;2594-1356;2594-1356;;"Derecho y jurisprudencia, Derecho internacional, Derecho público"
9330;"IUS Doctrina";"Universidad de Costa Rica, Facultad de Derecho, Instituto de Investigaciones Jurídicas";1;1;3186;"Costa Rica";1659-3707;1659-3685;1659-3685;"Derecho y jurisprudencia"
9331;"Ius et Praxis";"Ed. Abeledo Perrot/Legal Publishing";1;1;3187;Chile;0718-0012;0717-2877;0717-2877;"Derecho y jurisprudencia, Derecho civil, Derecho público, Derecho procesal"
19459;"IUS ET VERITAS";"Asociación Civil IUS ET VERITAS";1;1;7357;Perú;2411-8834;1995-2929;1995-2929;"Derecho y jurisprudencia, Derecho agrario, Derecho civil, Derecho comparado, Derecho internacional, Derecho laboral, Derecho marítimo, Derecho mercantil, Derecho penal, Derecho público, Derecho procesal, Derecho fiscal"
19460;"Ius Humani: Revista de Derecho";"Universidad de los Hemisferios";1;1;7358;Ecuador;1390-7794;1390-7794;;"Derecho y jurisprudencia"
21456;"IUS Inkarri";"Universidad Ricardo Palma. Faculta de Derecho u Ciencia Política";1;1;8609;Perú;2519-7274;2410-5937;2410-5937;"Ciencia política y administración pública, Derecho y jurisprudencia"
27146;"Ius vocatio";"Corte Superior de Justicia de Huánuco";1;1;10996;Perú;2810-8043;2616-9126;;"Derecho y jurisprudencia"
21502;IUSLabor;"Universitat Pompeu Fabra (Barcelona)";1;1;8644;España;1699-2938;1699-2938;;"Derecho comparado, Derecho laboral"
23786;"Iustitia Socialis";"Fundación Koinonía";1;1;9993;Venezuela;2542-3371;2542-3371;;"Derecho y jurisprudencia, Criminología"
9339;Izquierdas;"Ariadna Ediciones";1;1;3190;Chile;0718-5049;0718-5049;;Historia
9340;Iztapalapa;"Universidad Autónoma Metropolitana, Unidad Iztapalapa, Consejo Editorial de Ciencias Sociales y Humanidades";1;1;3191;México;2007-9176;0185-4259;0185-4259;"Ciencias sociales y humanidades"
27409;"Jahrbuch für Geschichte Lateinamerikas";"Universität zu Köln, Historisches Institut";1;1;11065;Iberoamericanistas-Europa;2194-3680;1438-4752;;"Economía, Historia, Sociología"
29107;"JAIIO, Jornadas Argentinas de Informática.";"Sociedad Argentina de Informática (SADIO)";1;1;12039;Argentina;2451-7496;2451-7496;;"Ingeniería de comunicaciones, electrónica y control, Tecnología, Inteligencia artificial-robótica, Telecomunicaciones"
20090;"Jangwa Pana";"Universidad del Magdalena";1;1;7812;Colombia;2389-7872;1657-4923;1657-4923;"Antropología, Ciencias de la comunicación, Filosofía, Sociología, Humanidades"
9352;"Janus.net, e-journal of International Relations";"OBSERVARE, Observatório de Relações Exteriores. Universidade Autónoma de Lisboa";1;1;3193;Portugal;1647-7251;1647-7251;;"Relaciones internacionales"
27651;"JCom América Latina";"Sissa Medialab";1;1;11234;Iberoamericanistas-Europa;2611-9986;2611-9986;;"Ciencias de la comunicación, Ciencias sociales y humanidades, Museología, Estudios latinoamericanos"
28319;Jetypeka;"Facultad de Ciencias, Tecnologías y Artes. Universidad Nacional de Pilar";1;1;11895;Paraguay;2617-7374;2617-7374;;"Administración, Educación, Multidisciplinarias, Turismo, Criminología"
9439;"Journal boliviano de ciencias";"Universidad Privada del Valle";1;1;3207;Bolivia;2075-8944;2075-8936;2075-8936;"Ingeniería, Ciencia y Tecnología"
27672;"Journal Business Science";"Universidad Laica Eloy Alfaro de Manabí";1;1;11137;Ecuador;2737-615X;2737-615X;;"Administración, Economía, Finanzas"
21224;"Journal de ciencias sociales";"Universidad de Palermo";1;1;8444;Argentina;2362-194X;2362-194X;;"Arte, Ciencias de la comunicación, Ciencias sociales y humanidades, Relaciones internacionales"
23307;"Journal Health NPEPS";"Universidade do Estado de Mato Grosso (UNEMAT)";1;1;9738;Brasil;2526-1010;2526-1010;;"Medicina, Salud pública, Enfermería"
20006;"Journal of Aging and Innovation";AAGI-ID;1;1;7757;Portugal;2182-696X;2182-6951;2182-6951;Sociología
26547;"Journal of Airline and Airport Management";OmniaScience;1;1;10882;España;2014-4806;2014-4865;;"Ingeniería aeronáutica"
25420;"Journal of American Health";"Grupo de salud Pública y educación Universidad de Milagro";1;1;10554;Ecuador;2697-3421;;;"Salud pública, Enfermería"
9448;"Journal of applied research and technology";"Universidad Nacional Autónoma de México, Centro de Ciencias Aplicadas y Desarrollo Tecnológico";1;1;3214;México;2448-6736;1665-6423;1665-6423;Tecnología
25773;"Journal of basic and applied psychology research";"Universidad Autónoma del Estado de Hidalgo";1;1;11969;México;2683-2267;2683-2267;;Psicología
28041;"Journal of Behavior and Feeding";"Universidad de Guadalajara, Instituto de Investigaciones en Comportamiento Alimentario y Nutrición";1;1;11743;México;2954-4947;2954-4947;;"Antropología, Ecología, Multidisciplinarias, Psicología, Salud pública, Humanidades"
9450;"Journal of behavior, health & social issues";"Universidad de Guadalajara, Centro de Estudios e Investigaciones en Comportamiento";1;1;3215;México;2007-0772;2007-0780;2007-0780;Psicología
24866;"Journal of business and entrepreneurial studies";"Colloquium Editorial";1;1;10346;Ecuador;2576-0971;2576-0971;;"Ciencias de la información, Ciencias sociales y humanidades, Computación, Educación, Tecnología"
9458;"Journal of computer science and technology";"Universidad Nacional de La Plata, Facultad de Informática";1;1;3217;Argentina;1666-6038;;1666-6046;Computación
28099;"Journal of Economic and Social Science Research (JESSR)";"Editorial Grupo AEA";1;1;11578;Ecuador;2953-6790;2953-6790;;Multidisciplinarias
9462;"Journal of English Studies";"Universidad de La Rioja";1;1;3221;España;1695-4300;1576-6357;1576-6357;"Lingüística, Literatura"
24078;"Journal of evolutionary studies in business";"Universitat de Barcelona";1;1;11516;España;2385-7137;2385-7137;;Economía
24952;"Journal of Feminist, Gender and Women Studies";"Instituto Universitario de Estudios de la Mujer (IUEM). Universidad Autónoma de Madrid";1;1;10381;España;2444-1198;2444-1198;;"Ciencias sociales y humanidades, Sociología, Estudios de género"
20744;"Journal of global studies and contemporary art";"Universitat de Barcelona";1;1;8271;España;2013-8652;2013-8652;;Arte
19466;"Journal of Health and Biological Sciences";"Centro Universitário Christus (Unichristus)";1;1;7363;Brasil;2317-3076;2317-3076;;"Epidemiología, Multidisciplinarias, Odontología, Salud pública, Enfermería"
24379;"Journal of Health and Medical Sciences";"Universidad de Tarapacá";1;1;10206;Chile;0719-949X;0719-9481;0719-9481;"Cirugía, Medicina, Salud pública"
21497;"Journal of Hispanic higher education";"Sage Publications";1;1;8641;"Iberoamericanistas-América del Norte";1552-5716;1538-1927;1538-1927;"Sociología, Educación superior"
9466;"Journal of Human Sport and Exercise";"Asociación Española de Análisis del Rendimiento Deportivo";1;1;3225;España;1988-5202;1988-5202;;"Deportes, Educación, Multidisciplinarias"
29787;"Journal of Humanities Titicaca";"Universidad Nacional del Altiplano";1;1;11829;Perú;3084-7222;3084-7222;;"Ciencias sociales y humanidades, Psicología, Estudios locales, Planificación educativa, Educación superior, Planeación económica"
22745;"Journal of Iberian and Latin American Studies";"Routledge, Taylor & Francis Group";1;1;9423;Iberoamericanistas-Europa;1469-9524;1469-9524;1470-1847;"Cultura, Historia, Literatura, Estudios latinoamericanos"
9469;"Journal of iberian geology";"Universidad Complutense de Madrid";1;1;3227;España;1886-7995;1698-6180;1698-6180;Geología
9472;"Journal of investigational allergology and clinical immunology";"Esmon Publicidad S.A.";1;1;3229;España;1698-0808;1018-9068;;"Inmunología, Medicina"
19468;"Journal of Latin American and Caribbean anthropology";"American Anthropological Association";1;1;7364;"Iberoamericanistas-América del Norte";1935-4940;1935-4932;;Antropología
9475;"Journal of Latin American Studies";"Cambridge Journals Online";1;1;3231;Iberoamericanistas-Europa;1469-767X;0022-216X;0022-216X;"Estudios latinoamericanos"
21521;"Journal of Latinos and Education";"Taylor and Francis Group";1;1;8649;"Iberoamericanistas-América del Norte";1532-771X;1534-8431;1534-8431;"Educación, Estudios latinoamericanos"
26161;"Journal of literary education";"Universitat de València";1;1;11351;España;2659-3149;2659-3149;;"Educación, Literatura, Teatro, Poesía, Filología"
24098;"Journal of management and business education";"European Academic Publishers";1;1;11430;España;2605-1044;2605-1044;;"Administración, Contabilidad, Economía, Educación, Planificación educativa, Educación superior"
25413;"Journal of movement and health";"Escuela de Educación Física. Pontificia Universidad Católica de Valparaíso";1;1;11364;Chile;2452-5812;2452-5812;;"Medicina, Salud pública, Terapéutica y rehabilitación, Traumatología y ortopedia"
29603;"Journal of Multidisciplinary Novel Journeys & Explorations.";"Editorial JOGB";1;1;11949;Ecuador;3091-1990;;;"Arte, Ciencias sociales y humanidades, Ingeniería, Multidisciplinarias, Humanidades, Ciencias naturales"
20261;"Journal of new approaches in educational research";"Universidad de Alicante";1;1;7943;España;2254-7339;2254-7339;;Educación
26875;"Journal of Perspectives in Management";"Universidade Federal de Pernambuco (UFPE)";1;1;10950;Brasil;2594-8040;2594-8040;;Administración
26358;"Journal of Physical Education";"Universidade Estadual de Maringá (UEM)";1;1;10848;Brasil;2448-2455;2448-2455;;"Deportes, Fisiología, Medicina, Estudios sociales de la salud"
24161;"Journal of Physical Education and Human Movement";"Servicio de Publicaciones y Divulgación. Universidad de Málaga";1;1;11142;España;2659-5699;2659-5699;;Deportes
9486;"Journal of Physiology and Biochemistry";Springer;1;1;3238;España;1877-8755;1138-7548;1138-7548;"Biología, Bioquímica, Fisiología"
23309;"Journal of Science and Research: Revista Ciencia e Investigación";"Universidad Técnica de Babahoyo";1;1;9740;Ecuador;2528-8083;;;"Ecología, Educación, Ingeniería de comunicaciones, electrónica y control, Salud pública, Recursos naturales no renovables, Telecomunicaciones"
19471;"Journal of science and technology of the arts";"Universidade Católica Editora";1;1;7366;Portugal;2183-0088;1646-9798;1646-9798;"Arte, Bellas artes, Cine, Cultura, Historia del arte, Música"
25095;"Journal of Sound, Silence, Image and Technology";"Grup de recerca SSIT";1;1;10424;España;2604-451X;2604-451X;;"Ciencias de la comunicación, Ciencias de la información, Cine, Música, Televisión"
9492;"Journal of Sport and Health Research";"Didactic Association Andalucía Scientific Section";1;1;3243;España;1989-6239;;;Deportes
23889;"Journal of Supranational Policies of Education";"Grupo de Investigación sobre Políticas Educativas Supranacionales (GIPES)";1;1;10045;España;2340-6720;2340-6720;;Educación
20299;"Journal of Technology and Science Education";OmniaScience;1;1;7969;España;2013-6374;2013-6374;;"Educación, Tecnología"
9495;"Journal of technology management & innovation";"Universidad Alberto Hurtado, Facultad de Economía y Negocios";1;1;3244;Chile;0718-2724;0718-2724;;"Economía, Tecnología"
25152;"Journal of the Academy";"Asociación de Universidades del Perú";1;1;11109;Perú;2707-0301;2707-0301;;Multidisciplinarias
9501;"Journal of the Chilean Chemical Society";"Sociedad Chilena de Química";1;1;3248;Chile;0717-9707;0717-9324;0717-9324;Química
9503;"Journal of the Mexican Chemical Society";"Sociedad Química de México A.C.";1;1;3250;México;2594-0317;1870-249X;1870-249X;Química
9505;"Journal of theoretical and applied electronic commerce research";"Universidad de Talca";1;1;3252;Chile;0718-1876;0718-1876;;"Administración, Economía de la empresa, Tecnología educativa, Telecomunicaciones"
24085;"Journal of tourism and heritage research";INVESTUR;1;1;10119;España;2659-3580;2659-3580;;"Derecho público, Turismo"
28799;"Journal on Interactive Systems";"Sociedade Brasileira de Computação (SBC)";1;1;11498;Brasil;2763-7719;2763-7719;;"Computación, Ciencia y Tecnología"
9517;"Jurídica Ibero";"Universidad Iberoamericana, Departamento de Derecho";1;1;3255;México;2992-7641;2594-2654;2594-2654;"Ciencias sociales y humanidades, Derecho y jurisprudencia, Derechos humanos"
28832;"Justicia y Derecho";"Tribunal Supremo Popular de la República de Cuba";1;1;11992;Cuba;3105-1170;1810-0171;;"Derecho y jurisprudencia"
29660;"Justicia(s) Revista de Derecho.";"Universidad de Otavalo";1;1;11839;Ecuador;2953-6758;;;"Derecho y jurisprudencia"
25785;"KAIRÓS, Revista de Ciencias Económicas, Jurídicas y Administrativas.";"Universidad Nacional de Chimborazo";1;1;10658;Ecuador;2631-2743;;;"Administración, Ciencias de la comunicación, Contabilidad, Derecho y jurisprudencia, Economía, Turismo"
9562;"Kalpana: Revista de Investigación";"Universidad de Especialidades Turísticas";1;1;3266;Ecuador;2661-6696;;1390-5775;Turismo
20848;Kamchatka;"Departamento Filología Española. Universitat de València";1;1;8325;España;2340-1869;2340-1869;;"Cine, Cultura, Literatura, Música, Humanidades"
9564;Káñina;"Universidad de Costa Rica";1;1;3268;"Costa Rica";2215-2636;0378-0473;0378-0473;"Arte, Bellas artes, Cultura, Filosofía, Lingüística, Literatura, Pintura, Filología"
9563;"Kant e-Prints";"Universidade Estadual de Campinas (Unicamp)";1;1;3267;Brasil;1677-163X;1677-1621;1677-1621;Filosofía
28930;Kanyú;"Universidad Nacional Autónoma Altoandina de Tarma";1;1;11922;Perú;2961-2748;2961-2748;;"Agronomía, Ganadería, Silvicultura"
9569;Kasmera;"Universidad del Zulia, Facultad de Medicina, Departamento de Enfermedades Infecciosas y Tropicales";1;1;3270;Venezuela;2477-9628;2477-9628;0075-5222;"Biología, Infectología, Medicina, Parasitología, Salud pública, Veterinaria"
29501;Kaylla;"Pontificia Universidad Católica del Perú. Departamento Académico de Artes Escénicas";1;1;11756;Perú;2955-8697;2955-8697;;"Arte, Música, Teatro, Danza"
9586;"Kipus, Revista Andina de Letras y Estudios Culturales";"Universidad Andina Simón Bolívar sede Ecuador";1;1;3278;Ecuador;2600-5751;;1390-0102;"Literatura, Humanidades, Estudios latinoamericanos, Ciencias y Técnicas historiográficas, Ciencias naturales"
29748;"KIRIA: Revista Científica Multidisciplinaria.";"Fundación Internacional para la Educación la Ciencia y la Tecnología ""FIECYT""";1;1;11775;Ecuador;3103-1129;3103-1129;;"Administración, Educación, Multidisciplinarias, Psicología"
9587;Kiru;"Universidad de San Martín de Porres, Facultad de Odontología";1;1;3279;Perú;2410-2717;1812-7886;1812-7886;Odontología
19473;Kóot;"Universidad Tecnológica de El Salvador, Dirección de Cultura";1;1;7367;"El Salvador";2307-3942;2078-0664;2078-0664;"Antropología, Arqueología, Ciencias sociales y humanidades, Multidisciplinarias, Museología, Sociología"
26823;"Korpus 21";"El Colegio Mexiquense, A.C.";1;1;11307;México;2683-2682;2683-2674;2683-2674;"Ciencias sociales y humanidades, Historia de la ciencia, Humanidades"
27668;"Kronos - The Language Teaching Journal";"Universidad Central del Ecuador";1;1;11304;Ecuador;2631-2859;2631-2840;;"Educación, Lingüística"
29447;"Kuaapy Ayvu";"INAES Publicaciones";1;1;11931;Paraguay;3078-4913;2224-7408;;"Ciencias sociales y humanidades, Educación, Estudios latinoamericanos, Tecnología educativa, Educación superior, Derechos humanos"
21920;Kultur;"Universitat Jaume I";1;1;8936;España;2386-5458;2386-5458;;"Arte, Cultura, Multidisciplinarias, Humanidades"
29882;"L'Âge d'or";"Université Gustave Eiffel";1;1;11816;Iberoamericanistas-Europa;2104-3353;2104-3353;;"Artes plásticas, Cine, Cultura, Fotografía, Pintura, Teatro"
9611;"La aljaba";"Universidad Nacional de La Pampa; Universidad Nacional del Comahue; Universidad Nacional de Luján";1;1;3290;Argentina;1669-5704;0328-6169;0328-6169;Sociología
9618;"La calera";"Universidad Nacional Agraria. Dirección de Investigación, Extensión y Post-grado(DIEP)";1;1;3292;Nicaragua;1998-8850;;1998-7846;"Agronomía, Ganadería, Silvicultura, Veterinaria, Zootecnia, Industria"
24040;"La Ciencia al servicio de la Salud y Nutrición";"Escuela Superior Politécnica del Chimborazo";1;1;10104;Ecuador;1390-874X;;;"Medicina, Salud pública"
28510;"La cifra impar.";"Universidad del Cine";1;1;11827;Argentina;2953-3627;2953-3627;;"Arte, Artes plásticas, Cine, Cultura, Humanidades, Teatro"
22035;"La Colmena";"Grupo de Estudiantes de la Especialidad de Sociología de la Pontificia Universidad Católica del Perú";1;1;11564;Perú;2414-1321;2220-4490;2220-4490;Sociología
9625;"La colmena";"Universidad Autónoma del Estado de México, Secretaría de Difusión Cultural";1;1;3297;México;2448-6302;1405-6313;1405-6313;"Arte, Humanidades"
9643;"La Granja. Revista de Ciencias de la Vida";"Universidad Politécnica Salesiana";1;1;3302;Ecuador;1390-8596;;1390-3799;"Agronomía, Biotecnología, Ganadería, Silvicultura, Ciencias de la tierra"
24841;"La Hoja de psicodrama";"Asociación Española de Psicodrama";1;1;10338;España;2605-2067;2174-4238;;"Arte, Educación, Filosofía, Psicología, Psiquiatría, Teatro"
27147;"La Junta";"Junta de Decanos de Colegios de Contadores Públicos del Perú";1;1;10997;Perú;2709-4979;2709-4979;;Contabilidad
19479;"La Palabra";"Universidad Pedagógica Y Tecnológica De Colombia";1;1;7370;Colombia;2346-3864;0121-8530;0121-8530;Literatura
19481;"La razón histórica";"Magistra Vitae";1;1;7372;España;1989-2659;1989-2659;;"Ciencias sociales y humanidades, Derecho y jurisprudencia, Economía, Historia"
23290;"La rivada";"Secretaría de Investigación y Posgrado. Facultad de Humanidades y Ciencias Sociales. Universidad Nacional de Misiones.";1;1;9728;Argentina;2347-1085;2347-1085;;"Ciencias sociales y humanidades"
26390;"La Saeta Universitaria Académica y de Investigación";"Centro de Investigación y Documentación Universidad Autónoma de Encarnación";1;1;10855;Paraguay;2414-2506;2709-6556;;Multidisciplinarias
9698;"La Técnica";"Universidad Técnica de Manabí";1;1;3316;Ecuador;2477-8982;2477-8982;1390-6895;"Multidisciplinarias, Pesca, Silvicultura"
6807;"La Universidad";"Universidad de El Salvador";1;1;2224;"El Salvador";3005-5857;0041-8242;0041-8242;Multidisciplinarias
21591;"La vida y la historia";"Universidad Nacional Jorge Basadre G. Vicerrectorado de Investigación. Oficina General de Investigación";1;1;8691;Perú;2617-6041;2312-9115;2312-9115;"Historia, Multidisciplinarias"
6488;"La zaranda de ideas";"Asociación de Arqueólogos Profesionales de la República Argentina";1;1;2106;Argentina;1853-1296;1669-7456;;"Antropología, Arqueología"
9719;"Laboratorio de arte";"Dep. Historia del Arte, Univ. Sevilla. Editorial Universidad de Sevilla";1;1;3325;España;2253-8305;1130-5762;1130-5762;"Arte, Bellas artes"
9722;Laboreal;"Universidade do Porto, Faculdade de Psicologia e de Ciências da Educação";1;1;3327;Portugal;1646-5237;1646-5237;;Multidisciplinarias
27254;Labos;"Universidad Carlos III de Madrid";1;1;11358;España;2660-7360;2660-7360;;"Derecho y jurisprudencia, Derecho laboral, Derecho procesal, Derechos humanos"
26258;"Labour & Law Issues";"Dipartimento di Scienze Giuridiche. Alma Mater Studiorum - Università di Bologna";1;1;10817;Iberoamericanistas-Europa;2421-2695;2421-2695;;"Derecho laboral"
9741;"Lan harremanak";"Universidad del País Vasco, Servicio Editorial";1;1;3336;España;2444-5819;1575-7048;1575-7048;Sociología
5299;"Lan-Koadernoak - Hegoa";Hegoa;1;1;1690;España;2340-3187;1130-9962;1130-9962;Sociología
23840;"Language and law";"Faculdade de Letras da Universidade do Porto";1;1;10021;Portugal;2183-3745;2183-3745;;"Derecho y jurisprudencia"
9743;"Language Value";"Servei de Publicacions i Comunicacions";1;1;3338;España;1989-7103;1989-7103;;Filología
9745;Lankesteriana;"Universidad de Costa Rica";1;1;3339;"Costa Rica";2215-2067;1409-3871;1409-3871;Botánica
27861;"Las enfermeras de hoy";"Asociación Nacional de Enfermeras de Panamá";1;1;11544;Panamá;2805-1823;2805-1823;;"Epidemiología, Farmacia, Farmacología, Salud pública, Enfermería"
21535;"Latin American antiquity";"Cambridge University Press";1;1;8659;"Iberoamericanistas-América del Norte";2325-5080;1045-6635;1045-6635;"Historia, Estudios latinoamericanos"
21723;"Latin American economic review";"Springer-Verlag, GmbH";1;1;8790;Iberoamericanistas-Europa;2196-436X;2196-436X;;"Ciencia política y administración pública, Economía, Sociología, Estudios latinoamericanos"
9756;"Latin american journal of aquatic research";"Pontificia Universidad Católica de Valparaíso";1;1;3343;Chile;0718-560X;0718-560X;;Oceanografía
9761;"Latin american journal of sedimentology and basin analysis";"Asociación Argentina de Sedimentología";1;1;3348;Argentina;1851-4979;1669-7316;1669-7316;"Ciencias de la tierra"
24741;"Latin american journal of trade policy";"Universidad de Chile, Instituto de Estudios Internacionales";1;1;10298;Chile;0719-9368;0719-9368;;"Desarrollo económico, Economía internacional, Planeación económica"
24376;"Latin american legal studies";"Universidad Adolfo Ibañez. Facultad de Derecho";1;1;10205;Chile;0719-9112;0719-9104;0719-9104;"Derecho y jurisprudencia, Derecho comparado, Derecho internacional, Derecho marítimo, Derecho mercantil, Derecho público"
21544;"Latin American literary review";"Ubiquity Press";1;1;8664;"Iberoamericanistas-América del Norte";2330-135X;0047-4134;0047-4134;"Literatura, Estudios latinoamericanos"
21560;"Latin American Perspectives";"SAGE Publishing";1;1;8672;"Iberoamericanistas-América del Norte";1552-678X;0094-582X;0094-582X;"Antropología, Ciencia política y administración pública, Economía, Geografía, Historia, Relaciones internacionales, Estudios latinoamericanos, Estudios de género"
21562;"Latin American Research Review";"University of Pittsburgh";1;1;8674;"Iberoamericanistas-América del Norte";1542-4278;0023-8791;0023-8791;"Antropología, Economía, Historia, Literatura, Sociología, Estudios latinoamericanos"
22259;"Latin-American Journal of Computing (LAJC)";"Escuela Politécnica Nacional";1;1;9165;Ecuador;1390-9134;;;"Computación, Ingeniería de comunicaciones, electrónica y control, Inteligencia artificial-robótica"
9765;"Latinoamérica. Revista de estudios latinoamericanos";"Universidad Nacional Autónoma de México, Centro de Investigaciones sobre América Latina y el Caribe";1;1;3350;México;2448-6914;1665-8574;1665-8574;"Estudios latinoamericanos"
26912;"Latitud sur.";"Universidad de Buenos Aires, Facultad de Ciencias Económicas, Centro de Investigación en Estudios Latinoamericanos para el Desarrollo y la Integración";1;1;10954;Argentina;2683-9326;1850-3659;1850-3659;"Ciencia política y administración pública, Ciencias sociales y humanidades, Economía, Economía internacional, Estudios latinoamericanos"
25089;Latitude;"Quality Leadership University";1;1;10419;Panamá;2644-4038;2644-4038;;"Administración, Economía, Multidisciplinarias, Economía internacional, Finanzas"
9774;Lavboratorio.;"Instituto de Investigaciones Gino Germani";1;1;3354;Argentina;1852-4435;1515-6370;;"Ciencias sociales y humanidades, Sociología"
9786;"Lectora. Revista de Dones i Textualitat";"Universitat de Barcelona, Centre Dona i Literatura";1;1;3359;España;2013-9470;1136-5781;1136-5781;Literatura
19;"Lectura y signo";"Área de publicaciones de la Universidad de León";1;1;14;España;2444-0280;1885-8597;1885-8597;Literatura
9790;"Lecturas de economía";"Universidad de Antioquia";1;1;3361;Colombia;2323-0622;0120-2596;0120-2596;Economía
9793;"Lecturas educación física y deportes";"T. Guterman";1;1;3362;Argentina;1514-3465;1514-3465;;"Deportes, Educación"
20115;"Legado de arquitectura y diseño";"Universidad Autónoma del Estado de México, Facultad de Arquitectura y Diseño";1;1;7826;México;2448-749X;2007-3615;2007-3615;"Arquitectura, Diseño"
2842;"Legajos. Boletín del Archivo General de la Nación";"Archivo General de la Nación";1;1;961;México;2448-8798;0185-1926;0185-1926;"Bibliografías, Historia, Paleografía"
26698;"Legebiltzarreko Aldizkaria = Revista del Parlamento Vasco";"Parlamento Vasco";1;1;11277;España;2660-650X;2660-650X;;"Derecho y jurisprudencia"
21021;Lejana;"Universidad Eötvös Loránd, Facultad de Letras, Departamento de Español";1;1;8432;Iberoamericanistas-Europa;2061-6678;2061-6678;;Literatura
9817;"Lengua y Sociedad";"Universidad Nacional Mayor de San Marcos, Facultad de Letras y Ciencias Humanas, Instituto de Lingüística Aplicada";1;1;3369;Perú;2413-2659;1729-9721;1729-9721;Lingüística
9818;Lenguaje;"Universidad del Valle, Escuela de Ciencias del Lenguaje";1;1;3370;Colombia;2539-3804;0120-3479;0120-3479;Lingüística
23438;"Lenguaje y textos";"Universitat Politècnica de València";1;1;9813;España;2530-0075;1133-4770;1133-4770;"Ciencias sociales y humanidades"
9830;"Les Cahiers ALHIM";"Université Paris 8, Groupe de Recherche Amérique Latine Histoire et Mémoire";1;1;3377;Iberoamericanistas-Europa;1777-5175;1628-6731;1628-6731;"Historia, Estudios latinoamericanos"
26519;"Letr@s hispanas";"Texas State University";1;1;10875;"Iberoamericanistas-América del Norte";1548-5633;1548-5633;;Literatura
20853;Letras;"Universidad Nacional Mayor de San Marcos, Facultad de Letras y Ciencias Humanas";1;1;8328;Perú;2071-5072;0378-4878;;Humanidades
9836;Letras;"Universidad Pedagógica Experimental Libertador, Instituto Venezolano de Investigaciones Lingüísticas y Literarias Andrés Bello";1;1;3379;Venezuela;2791-1179;0459-1283;0459-1283;"Educación, Lingüística, Literatura, Estudios de género"
9849;"Letras históricas";"Universidad de Guadalajara, Centro Universitario de Ciencias Sociales y Humanidades";1;1;3386;México;2448-8372;2448-8372;2007-1140;Historia
25656;Letras.;"Facultad de Filosofía y Letras - UCA";1;1;10615;Argentina;2683-7897;0326-3363;;"Lingüística, Literatura"
21326;Letras.;"Universidad Nacional, Escuela de Literatura y Ciencias del Lenguaje";1;1;8526;"Costa Rica";2215-4094;1409-424X;1409-424X;"Lingüística, Literatura"
21454;Lex;"Universidad Alas Peruanas, Facultad de Derecho y Ciencia Política";1;1;8607;Perú;2313-1861;1991-1734;;"Ciencia política y administración pública, Derecho civil"
19489;"Lex Social";"Universidad Pablo de Olavide Centro Euro-Árabe de Estudios Jurídicos Avanzados";1;1;7379;España;2174-6419;;;"Derecho y jurisprudencia"
26817;"Lex. Revista de Investigación en Ciencias Jurídicas";"Centro de Investigación y Desarrollo Ecuador - CIDE";1;1;10935;Ecuador;2631-2735;;;"Derecho y jurisprudencia"
9872;LIBERABIT;"Universidad de San Martín de Porres. Escuela Profesional de Psicología";1;1;3398;Perú;2223-7666;1729-4827;1729-4827;Psicología
9894;"Liinc em revista";"Instituto Brasileiro de Informação em Ciência e Tecnologia (Ibict)";1;1;3404;Brasil;1808-3536;1808-3536;;"Bibliotecología, Ciencia política y administración pública, Ciencias de la comunicación, Ciencias de la información, Ciencias sociales y humanidades, Multidisciplinarias"
20502;Lilloa;"Fundación Miguel Lillo";1;1;8112;Argentina;2346-9641;0075-9481;;Botánica
23182;Liminales;"Universidad de Central de Chile";1;1;11150;Chile;0719-7748;0719-1758;0719-1758;"Ciencias sociales y humanidades, Psicología, Estudios de género, Derechos humanos"
9899;LiminaR;"Universidad de Ciencias y Artes de Chiapas, Centro de Estudios Superiores de México y Centroamérica";1;1;3407;México;2007-8900;1665-8027;1665-8027;"Ciencias sociales y humanidades"
9900;Límite;"Universidad de Tarapacá. Departamento de Filosofía y Psicología";1;1;3408;Chile;0718-5065;0718-1361;0718-1361;"Ciencias sociales y humanidades, Filosofía, Psicología"
23811;"Linguagens, Educação e Sociedade";"Universidade Federal do Piauí (UFPI)";1;1;10006;Brasil;2526-8449;1518-0743;1518-0743;Educación
9926;Lingüística;"Asociación de Lingüística y Filología de la América Latina";1;1;3421;"Organismos Internacionales";2079-312X;1132-0214;1132-0214;"Lingüística, Filología"
9935;"Lingüística en la Red";"Universidad de Alcalá, Servicio de Publicaciones";1;1;3426;España;1697-0780;1697-0780;;Lingüística
19491;"Linha D'Água";"Universidade de São Paulo (USP)";1;1;7381;Brasil;2236-4242;0103-3638;0103-3638;"Lingüística, Literatura"
9932;"Linhas Críticas";"Universidade de Brasília (UnB)";1;1;3424;Brasil;1981-0431;1516-4896;1516-4896;Educación
9936;"Liño. Revista Anual de Historia del Arte";"Ediuno. Servicio de Publicaciones de la Universidad de Oviedo";1;1;3427;España;2341-1139;0211-2574;0211-2574;"Bellas artes, Historia del arte"
9948;"Literatura mexicana";"Universidad Nacional Autónoma de México, Instituto de Investigaciones Filológicas";1;1;3431;México;2448-8216;0188-2546;0188-2546;Literatura
9949;"Literatura y lingüística";"Escuela de Educación en Castellano";1;1;3432;Chile;0717-621X;0716-5811;0716-5811;"Lingüística, Literatura"
28425;"Littera Scripta. Revista de Filosofía";"Littera Scripta. Editorial";1;1;11463;Chile;2735-6140;2735-6140;;"Etica, Filosofía, Humanidades"
29583;Llalliq;"Universidad Nacional Santiago Antúnez de Mayolo";1;1;11728;Perú;2810-8140;2810-8140;;"Ciencias sociales y humanidades"
27831;"Llapanchikpaq: Justicia";"Poder Judicial del Perú";1;1;11185;Perú;2709-6491;2709-6491;;"Derecho y jurisprudencia"
9967;"Llengua & literatura";"Institut d’Estudis Catalans";1;1;3436;España;2013-9527;0213-6554;;Filología
19492;"Llengua, societat i comunicació";"Revistes Científiques de la Universitat de Barcelona";1;1;7382;España;1697-5928;1697-5928;;"Lingüística, Multidisciplinarias"
9968;"Lletres asturianes";"Academia de Llingua Asturiana";1;1;3437;España;2174-9612;0212-0534;0212-0534;Lingüística
22923;Llimpi;"Universidad Nacional de Huancavelica. Facultad de Ciencias de la Educación";1;1;9535;Perú;2961-2438;2961-2438;;"Arte, Cultura, Educación, Filosofía, Lingüística, Humanidades"
9332;"Locvs amoenvs";"Universitat Autònoma de Barcelona";1;1;3188;España;2014-8798;1135-9722;1135-9722;"Bellas artes, Historia del arte"
23272;Loggia;"Universitat Politècnica de València";1;1;9719;España;2444-1619;1136-758X;1136-758X;"Arquitectura, Historia del arte"
9984;Logos;"Facultad de Humanidades";1;1;3441;Chile;0719-3262;0716-7520;0716-7520;"Filosofía, Lingüística, Literatura"
19493;Logos;"Universidad Complutense de Madrid, Departamentos de Filosofía Teorética y Teoría del Conocimiento, Estética e Historia del Pensamiento";1;1;7383;España;1988-3242;1575-6866;1575-6866;Filosofía
26130;"Logos boletín científico de la Escuela Preparatoria No. 2";"Universidad Autónoma del Estado de Hidalgo";1;1;11967;México;2007-7637;2007-7637;;"Educación, Educación media o secundaria"
26175;"Logos revista de filosofía";"Editorial Parmenia";1;1;11167;México;2683-1937;1665-8620;1665-8620;"Filosofía, Humanidades"
22301;Loquens;"Editorial CSIC";1;1;9186;España;2386-2637;2386-2637;;"Lingüística, Multidisciplinarias"
9997;"Los Libros de la Corte.es";"Universidad Autónoma de Madrid";1;1;3447;España;1989-6425;;;Humanidades
10008;Lucentum;"Universidad de Alicante";1;1;3451;España;1989-9904;0213-2338;0213-2338;"Arqueología, Prehistoria"
29088;"Lucerna iuris et investigatio.";"Universidad Nacional Mayor de San Marcos, Facultad de Derecho y Ciencia Política";1;1;11900;Perú;3028-9726;2788-6689;;"Ciencia política y administración pública, Derecho y jurisprudencia, Derecho público, Criminología"
19495;Luciérnaga;"Politécnico Colombiano";1;1;7384;Colombia;2027-1557;2027-1557;;"Ciencias de la comunicación, Cultura"
20594;Lúdicamente;"Universidad de Buenos Aires; Facultad de Ciencias Sociales; Instituto de Investigaciones Gino Germani";1;1;8174;Argentina;2250-723X;2250-723X;;"Ciencias sociales y humanidades"
10020;Lumen;"Universidad Femenina del Sagrado Corazón";1;1;3458;Perú;2708-5031;2225-0840;2225-0840;"Derecho civil, Derecho público"
10042;"Lusitania sacra";"Universidade Católica Editora";1;1;3467;Portugal;2182-8822;2182‑8822;0076-1508;"Historia, Religión, Estudios locales"
21575;"Luso-Brazilian Review";"University of Wisconsin Press, Journals Department";1;1;8681;"Iberoamericanistas-América del Norte";1548-9957;0024-7413;0024-7413;"Historia, Estudios latinoamericanos"
25336;"Lux médica";"Universidad Autónoma de Aguascalientes, Centro de Ciencias de la Salud";1;1;10523;México;2007-8714;2007-1655;2007-1655;Multidisciplinarias
20066;Luz;"Universidad de Holguín";1;1;7796;Cuba;1814-151X;;;Educación
27210;Macrohistoria;"Institución Internacional";1;1;11493;Chile;2735-749X;2735-749X;;"Geografía, Historia"
10060;"Madera y bosques";"Instituto de Ecología A.C.";1;1;3476;México;2448-7597;1405-0471;1405-0471;Silvicultura
10062;"Maderas. Ciencia y tecnología";"Facultad de Ingeniería. Departamento de Ingeniería en Maderas";1;1;3477;Chile;0718-221X;0717-3644;0717-3644;"Silvicultura, Tecnología"
26141;"MADGU mundo, arquitectura, diseño gráfico y urbanismo";"Universidad de Sonora, Departamento de Arquitectura y Diseño";1;1;10782;México;2594-1208;2594-1208;;"Arquitectura, Diseño, Urbanismo, Planificación urbana"
20359;"Maestro y Sociedad";"Universidad de Oriente, Departamento de Ediciones";1;1;8013;Cuba;1815-4867;1815-4867;;"Educación, Pedagogía, Psicología, Sociología"
10068;Magallania;"Instituto de la Patagonia, Centro de Estudios del Hombre Austral";1;1;3479;Chile;0718-2244;0718-0209;0718-0209;Humanidades
22899;"Magallanica. Revista de historia moderna";"Editorial de la Universidad de Mar del Plata (EUDEM)";1;1;9519;Argentina;2422-779X;2422-779X;;Historia
26039;Magazin;"Editorial Universidad de Sevilla";1;1;11013;España;2660-8510;1136-677X;1136-677X;"Cultura, Lingüística, Literatura, Humanidades, Filología"
10074;"Magister. Revista de Formación del Profesorado e Innovación Educativa";"Ediuno. Servicio de Publicaciones de la Universidad de Oviedo";1;1;3482;España;2340-4728;0212-6796;0212-6796;Educación
28089;"Magna Scientia UCEVA (En línea)";"Unidad Central del Valle del Cauca";1;1;11438;Colombia;2805-6701;2805-6884;;"Agronomía, Medicina, Salud pública, Edafología, Zootecnia, Enfermería"
22329;"Magnificat Cultura i Literatura Medievals";"Universitat de València";1;1;9205;España;2386-8295;2386-8295;;"Literatura, Humanidades"
24322;"Magotzi boletín científico de artes del IA";"Universidad Autónoma del Estado de Hidalgo, Instituto de Artes";1;1;11074;México;2007-4921;2007-4921;;"Arte, Cultura, Historia del arte, Música, Danza"
27583;"Malvinas en Cuestión.";"Universidad Nacional de La Plata / Universidad Nacional de Tierra del Fuego, Antártida e Islas del Atlántico Sur";1;1;11785;Argentina;2953-3430;2953-3430;;"Ciencias sociales y humanidades, Derecho internacional, Historia, Desarrollo económico, Defensa y seguridad, Derechos humanos"
26456;Mamakuna;"Universidad Nacional de Educación";1;1;10868;Ecuador;2773-7551;;;"Educación, Pedagogía"
27117;"Mammalia aequatorialis";"Asociación Ecuatoriana de Mastozoología";1;1;10992;Ecuador;2697-3286;2697-3286;;"Biología, Zoología"
27722;"Mammalogy notes";"Sociedad Colombiana de Mastozoología";1;1;11381;Colombia;2382-3704;2382-3704;;Zoología
22455;"Management research";"Emerald Group Publishing Limited";1;1;9285;"Iberoamericanistas-América del Norte";1558-0946;1536-5433;1536-5433;Administración
10095;Manglar;"Universidad Nacional de Tumbes";1;1;3496;Perú;2414-1046;1816-7667;1816-7667;"Agronomía, Biología, Ecología, Pesca, Energía, Medio ambiente"
24699;Mapa;"REDICME Red de Investigación Científica Multidisciplinaria en Educación";1;1;10282;Ecuador;2602-8441;;;"Ciencias sociales y humanidades"
24929;Márgenes;"Universidad de Málaga";1;1;11107;España;2695-2769;2695-2769;;"Educación, Pedagogía, Educación media o secundaria, Educación preescolar, Educación primaria, Educación superior"
25133;Márgenes;"Centro de Recursos para el Aprendizaje y la Investigación";1;1;11378;Cuba;2664-2190;2664-2190;;Multidisciplinarias
26034;"Marine and fishery sciences.";INIDEP;1;1;10759;Argentina;2683-7951;2683-7595;;"Biología, Ecología, Oceanografía, Pesca, Zootecnia, Ciencias naturales"
24477;"Marketing Visionario";"Fondo editorial URBE";1;1;10227;Venezuela;2343-5771;2343-5771;;Administración
10150;"Más Poder Local";"Asociación Latinoamericana de Investigadores en Campañas Electorales (ALICE)";1;1;3505;España;2172-0223;2172-0223;;"Ciencia política y administración pública"
19505;"Masculinidades y cambio social";"Hipatia Press";1;1;7392;España;2014-3605;;;Sociología
10154;Maskana;"Universidad de Cuenca, Vicerrectorado de Investigación de la Universidad de Cuenca - VIUC";1;1;3506;Ecuador;2477-8893;;1390-6143;Multidisciplinarias
23189;Maskay;"Universidad de las Fuerzas Armadas-ESPE";1;1;9677;Ecuador;1390-6712;1390-6712;;"Ingeniería de comunicaciones, electrónica y control, Ingeniería eléctrica, Tecnología, Telecomunicaciones"
23458;Masquedós;"Secretaría de Extensión de la Universidad Nacional del Centro de la Provincia de Buenos Aires";1;1;9823;Argentina;2469-2158;2469-214X;2469-214X;"Educación, Pedagogía, Sociología"
10165;Matemática;"Facultad de Ciencias Naturales y Matemáticas";1;1;3509;Ecuador;2661-6890;;1390-3802;Matemáticas
25710;"Matemáticas, educación y sociedad";"Editorial Universidad de Córdoba";1;1;10636;España;2603-9982;2603-9982;;"Educación, Matemáticas"
24942;Materia;"Departament d'Història de l'Art. Universitat de Barcelona";1;1;10376;España;2385-3387;1579-2641;1579-2641;"Arte, Bellas artes, Cine, Cultura, Fotografía, Teatro"
10169;"Materia Arquitectura";"Factultad de Arquitectura y Arte";1;1;3511;Chile;2735-7503;0718-7033;0718-7033;Arquitectura
10175;"Materiales de construcción";"Editorial CSIC";1;1;3512;España;1988-3226;0465-2746;0465-2746;"Ingeniería civil, Ingeniería de materiales"
20403;"Materiales para la Historia del Deporte";"Universidad Politécnica de Madrid";1;1;8044;España;2340-7166;1887-9586;;"Antropología, Deportes, Educación, Sociología, Humanidades"
10189;Matrizes;"Universidade de São Paulo (USP)";1;1;3519;Brasil;1982-8160;1982-2073;1982-2073;"Ciencias de la comunicación"
27217;"Matronería actual";"Universidad de Valparaíso";1;1;11616;Chile;2452-5820;2452-5820;;"Ginecologia y obstetricia, Medicina"
26068;Matter;"Revistes científiques de la Universitat de Barcelona (RCUB)";1;1;11478;España;2604-7551;2604-7551;;Multidisciplinarias
23334;"Mayéutica, Revista Científica de Humanidades y Artes";"Universidad Centroccidental Lisandro Alvarado, Decanato de Humanidades y Artes";1;1;11059;Venezuela;2477-9261;2343-6158;;"Antropología, Arte, Ciencias sociales y humanidades, Etica, Filosofía, Folklore"
24009;MEDIACIONES;"Corporación Universitaria Minuto de Dios - UNIMINUTO";1;1;11680;Colombia;2590-8057;1692-5688;1692-5688;"Ciencias de la comunicación, Ciencias sociales y humanidades, Cine, Cultura, Televisión, Estudios latinoamericanos"
10205;"Mediaciones Sociales";"Universidad Complutense de Madrid";1;1;3524;España;1989-0494;;;"Ciencias de la comunicación, Sociología"
25636;Mediações;"Universidade Estadual de Londrina (UEL)";1;1;11186;Brasil;2176-6665;1414-0543;1414-0543;"Ciencias sociales y humanidades, Sociología"
10213;"Médicas UIS";"Universidad Industrial de Santander";1;1;3529;Colombia;1794-5240;0121-0319;0121-0319;"Biotecnología, Cirugía, Inmunología, Medicina"
10215;"Medicentro electrónica";"Universidad de Ciencias Médicas de Villa Clara";1;1;3530;Cuba;1029-3043;1029-3043;;"Medicina, Salud pública"
25074;Mediciego;"Centro Provincial de Información de Ciencias Médicas de Ciego de Ávila";1;1;10413;Cuba;1029-3035;1029-3035;;"Medicina, Salud pública"
23663;"Mediciencias UTA";"Universidad Técnica de Ambato";1;1;9939;Ecuador;2602-814X;;;Medicina
10218;Medicina;"Fundación Revista Medicina";1;1;3531;Argentina;1669-9106;0025-7680;0025-7680;Medicina
10217;"Medicina & Laboratorio";"Editora Médica Colombiana";1;1;11118;Colombia;2500-7106;0123-2576;0123-2576;Medicina
25520;"Medicina clínica y social";"Universidad Nacional de Paraguay, Facultad de Ciencias Médicas";1;1;10584;Paraguay;2521-2281;2521-2281;;Medicina
10228;"Medicina cutánea ibero-latino-americana";Permanyer;1;1;3536;España;1989-8932;0210-5187;;"Dermatología, Medicina"
10259;"Medicina universitaria";"Permanyer Publications Ltd.";1;1;3553;México;2530-0709;1665-5796;1665-5796;Medicina
10262;"Medicina y ética";"Universidad Anáhuac México";1;1;3556;México;2594-2166;0188-5022;0188-5022;"Etica, Medicina"
21403;"Medicina y Seguridad del Trabajo";"Escuela Nacional de Medicina. Instituto de Salud Carlos III";1;1;8576;España;1989-7790;0465-546X;;"Epidemiología, Medicina, Psiquiatría, Salud pública, Toxicología, Medicina legal"
10278;Medievalia;"Universidad Nacional Autónoma de México, Instituto de Investigaciones Filológicas";1;1;3561;México;2448-8232;2448-8232;0188-6657;"Lingüística, Literatura"
10280;Medievalista;"IEM, Faculdade de Ciências Sociais e Humanas, Universidade Nova de Lisboa";1;1;3563;Portugal;1646-740X;1646-740X;;"Historia, Multidisciplinarias"
26360;MediMay;"Facultad de Ciencias Médicas de Mayabeque,  Centro Provincial de Información de Ciencias Médicas de Mayabeque.";1;1;10849;Cuba;2520-9078;2520-9078;;Medicina
23392;MediSur;"Universidad de Ciencias Médicas de Cienfuegos, Centro de Información";1;1;9790;Cuba;1727-897X;1727-897X;;"Medicina, Salud pública, Enfermería"
25684;"Mediterranean botany";"Ediciones Complutense";1;1;10628;España;2603-9109;2603-9109;;Botánica
27246;Meldar;"Universidad Pablo de Olavide";1;1;11738;España;2660-6526;2660-6526;;"Arte, Cultura, Filosofía, Folklore, Humanidades, Filología"
10326;Memorandum;"Universidade Federal de Minas Gerais (UFMG)";1;1;3580;Brasil;1676-1669;1676-1669;;Psicología
10335;"Memoria americana";"Instituto de Ciencias Antropológicas; Facultad de Filosofía y Letras; Universidad de Buenos Aires";1;1;3581;Argentina;1851-3751;0327-5752;0327-5752;"Antropología, Etnología"
26128;"Memoria investigaciones en ingeniería.";"Universidad de Montevideo, Facultad de Ingeniería";1;1;10780;Uruguay;2301-1106;2301-1092;;"Ingeniería, Tecnología"
10413;"Memorias del Instituto de Investigaciones en Ciencias de la Salud";"Memorias del Instituto de Investigaciones en Ciencias de la Salud";1;1;3590;Paraguay;1812-9528;1817-4620;1817-4620;"Endocrinología y nutriología, Epidemiología, Genética, Medicina, Microbiología, Salud pública"
22990;"Memorias, escritos y trabajos desde América Latina";"Papel Cosido";1;1;9583;Argentina;2451-6643;2451-6384;;"Arte, Educación"
10429;Mendive;"Universidad de Pinar del Río “Hermanos Saíz Montes de Oca”, Centro de Estudios de Ciencias de la Educación";1;1;3593;Cuba;1815-7696;1815-7696;;"Educación, Pedagogía, Educación media o secundaria, Educación preescolar, Educación primaria, Educación superior"
27676;"MENTOR Revista de Investigación Educativa y Deportiva";"Colegio de Profesionales de Recreación, Actividad Física y Deporte";1;1;11524;Ecuador;2806-5867;2806-5867;;"Deportes, Educación"
10448;"Mercados y negocios";"Universidad de Guadalajara, Centro Universitario de Ciencias Económico Administrativas, Departamento de Mercadotecnia y Negocios Internacionales";1;1;3600;México;2594-0163;1665-7039;1665-7039;"Economía internacional"
26455;Mérito;"Universidad José Carlos Mariátegui";1;1;11705;Perú;2708-7794;2708-7794;;Educación
10465;"Meta : Avaliação";"Fundação Cesgranrio";1;1;3605;Brasil;2175-2753;2175-2753;;"Educación, Tecnología educativa, Educación media o secundaria, Educación primaria, Educación superior, Estudios sociales de la salud"
21012;"Metafísica y persona";"Universidad de Málaga; Universidad Popular Autónoma de Puebla";1;1;8425;España;1989-4996;1989-4996;;Filosofía
26526;Metáfora;"Asociación Peruana de Retórica";1;1;10877;Perú;2617-4839;2617-4839;;Literatura
10475;"Metas de enfermería";"Difusión Avances de Enfermería (DAE)";1;1;3609;España;2660-986X;1138-7262;1138-7262;Enfermería
20048;Metatheoria;"Universidad Nacional de Tres de Febrero";1;1;7781;Argentina;1853-2330;1853-2330;;"Filosofía, Historia de la ciencia"
20859;"Methaodos. revista de ciencias sociales";"Grupo de nvestigación methaodos.org; Universidad Rey Juan Carlos";1;1;8332;España;2340-8413;2340-8413;;"Ciencias de la comunicación, Sociología"
22295;"Mètode. Annual review";"Universitat de València";1;1;9184;España;2174-9221;2174-3487;2174-3487;Multidisciplinarias
23481;Métodhos;"Comisión de Derechos Humanos de la Ciudad de México";1;1;9838;México;2007-2740;2007-2740;;"Ciencias sociales y humanidades"
22789;"Métodos & Materiales";"Universidad de Costa Rica";1;1;9448;"Costa Rica";2215-4558;2215-342X;2215-342X;"Ingeniería de materiales"
10489;"Métodos de información";"Col.legi Oficial de Bibliotecaris i Documentalistes de la Comunitat Valenciana";1;1;3619;España;2173-1241;1134-2838;1134-2838;"Bibliotecología, Multidisciplinarias"
29070;"Metro Ciencia";"Hospital Metropoliano";1;1;11575;Ecuador;2737-6303;1390-2989;;Medicina
23380;"Mexican journal of biotechnology";"Universidad Autónoma de Tlaxcala";1;1;9786;México;2448-6590;2448-6590;;Biotecnología
24819;"Mexican journal of medical research ICSA";"Universidad Autónoma del Estado de Hidalgo";1;1;10333;México;2007-5235;2007-5235;;"Farmacia, Genética, Odontología, Pedagogía, Psicología"
10497;"Mexican law review";"Universidad Nacional Autónoma de México, Instituto de Investigaciones Jurídicas";1;1;3622;México;2448-5306;1870-0578;1870-0578;"Derecho y jurisprudencia"
21578;"Mexican studies";"UC Press";1;1;8684;"Iberoamericanistas-América del Norte";1533-8320;0742-9797;0742-9797;"Historia, Estudios locales"
10503;"México y la Cuenca del Pacífico";"Universidad de Guadalajara, Centro Universitario de Ciencias Sociales y Humanidades, Departamento de Estudios del Pacífico";1;1;3623;México;2007-5308;1665-0174;1665-0174;"Ciencia política y administración pública, Relaciones internacionales, Economía internacional"
20860;"Mextesol Journal";"Asociación Mexicana de Maestros de Inglés, MEXTESOL A.C.";1;1;8333;México;2395-9908;1405-3470;;"Educación, Lingüística"
10509;"MHSalud: Revista en Ciencias del Movimiento Humano y Salud";"Universidad Nacional, Escuela de Ciencias del Movimiento Humano y Calidad de Vida";1;1;3625;"Costa Rica";1659-097X;1659-097X;;Deportes
22420;Micaela;"Universidad Nacional Micaela Bastidas de Apurímac";1;1;11976;Perú;2955-8646;2709-8990;;Multidisciplinarias
24208;Microtextualidades;"Universidad CEU San Pablo de Madrid";1;1;10168;España;2530-8297;2530-8297;;"Arte, Cultura, Literatura, Humanidades, Filología"
23766;"Middle Atlantic review of Latin American studies";"Ubiquity Press";1;1;9984;"Iberoamericanistas-América del Norte";2474-9621;2474-9621;;"Estudios latinoamericanos"
21855;Mídia.e.Cotidiano;"Universidade Federal Fluminense (UFF)";1;1;8887;Brasil;2178-602X;2178-602X;;"Ciencias de la comunicación"
10524;"Migración y desarrollo";"Red Internacional de Migración y Desarrollo";1;1;3628;México;2448-7783;1870-7599;1870-7599;"Demografía, Relaciones internacionales, Sociología, Economía internacional"
23443;Migraciones;"Universidad Pontificia Comillas";1;1;9814;España;2341-0833;1138-5774;;"Demografía, Sociología"
10526;"Migraciones internacionales";"El Colegio de la Frontera Norte";1;1;3630;México;2594-0279;2594-0279;1665-8906;"Demografía, Relaciones internacionales"
10530;"Miguel Hernández communication journal";"Universidad Miguel Hernández";1;1;3632;España;1989-8681;1989-8681;;"Ciencias de la comunicación"
23402;"Mikarimin: Revista Científica Multidisciplinaria";"Universidad Regional Autónoma de los Andes-Extensión de Santo Domingo";1;1;9796;Ecuador;2528-7842;;;"Administración, Ciencia política y administración pública, Computación, Derecho y jurisprudencia, Economía, Educación, Salud pública, Ciencia y Tecnología"
25102;"Milenaria, ciencia y arte";"Universidad Michoacana de San Nicolás de Hidalgo, Escuela de Enfermería y Salud Pública";1;1;11507;México;2954-4289;2954-4289;2395-9436;Multidisciplinarias
10533;"Milenio: Revista de artes y ciencias";"Universidad de Puerto Rico, Recinto de Bayamón, Departamento de Humanidades";1;1;3633;"Puerto Rico";2641-0389;1532-8562;;"Arte, Literatura, Ciencia y Tecnología"
20826;Millcayac;"Universidad Nacional de Cuyo. Facultad de Ciencias Políticas y Sociales. Centro de Publicaciones";1;1;8314;Argentina;2362-616X;1668-060X;1668-060X;"Ciencia política y administración pública, Ciencias sociales y humanidades"
10538;"Millenium - Journal of Education, Technologies, and Health";"Instituto Politécnico de Viseu (IPV)";1;1;3635;Portugal;1647-662X;;;Multidisciplinarias
26857;"Mineralogistes de Catalunya";"Grup Mineralògic Català";1;1;10945;España;2696-4465;1132-7022;1132-7022;"Geología, Ciencias de la tierra, Recursos naturales no renovables, Ciencias naturales"
22964;Minerva;"Instituto Universitario de la Policía Federal Argentina";1;1;11894;Argentina;2545-6245;2545-6245;;"Derecho y jurisprudencia, Defensa y seguridad, Criminología"
10550;Minerva;"Universidad de Valladolid, Secretaría de Publicaciones";1;1;3638;España;2530-6480;0213-9634;0213-9634;Filología
24164;Mirai;"Ediciones Complutense";1;1;10154;España;2531-145X;2531-145X;;Humanidades
10563;Miríada;"Universidad del Salvador. Instituto de Investigaciones en Ciencias Sociales";1;1;3642;Argentina;2250-4621;1851-9431;1851-9431;"Ciencia política y administración pública, Ciencias sociales y humanidades, Historia, Relaciones internacionales, Sociología, Trabajo social"
10575;"Miscelánea Comillas";"Universidad Pontificia Comillas";1;1;3648;España;2341-085X;0210-9522;0210-9522;"Historia, Multidisciplinarias, Religión"
10582;"Miscelánea. A Journal of English and American Studies";"Universidad de Zaragoza, Departamento de Filología Inglesa y Alemana";1;1;3653;España;2386-4834;1137-6368;1137-6368;"Cine, Cultura, Lingüística, Literatura"
23572;"Mix Sustentável";"Universidade Federal de Santa Catarina (UFSC)";1;1;9893;Brasil;2447-3073;2447-0899;;"Arquitectura, Diseño, Ingeniería civil, Urbanismo"
20003;"mktDESCUBRE: Comercialización, Investigación y Negocios";"Escuela Superior Politécnica de Chimborazo";1;1;7756;Ecuador;2602-8522;;1390-7352;"Administración, Ciencias sociales y humanidades, Contabilidad, Educación, Finanzas"
23698;"MLS Educational Research";"Multi-Lingual Scientific (MLS) Journals S.L.";1;1;9948;España;2603-5820;2603-5820;;"Educación, Pedagogía, Planificación educativa, Tecnología educativa"
21361;"Modelling in science education and learning";"Universidad Politecnica de Valencia";1;1;8546;España;1988-3145;1988-3145;;"Educación, Matemáticas"
23355;Modulema;"Universidad de Granada";1;1;9767;España;2530-934X;2530-934X;;Educación
10600;"Moenia. Revsita Lucense de Lingüística y Literatura";"Universidad de Santiago de Compostela, Servicio de Publicaciones e Intercambio Científico";1;1;3657;España;2340-003X;1137-2346;1137-2346;"Lingüística, Literatura"
10673;Monteagudo;"Universidad de Murcia, Departamento de Literatura Española y Teoría de la Literatura, Servicio de Publicaciones";1;1;3678;España;1989-6166;0580-6712;0580-6712;"Multidisciplinarias, Humanidades"
10675;"MonTI. Monografías de Traducción e Interpretación";"Publicaciones de la Universidad de Alicante";1;1;3680;España;1989-9335;1889-4178;1889-4178;"Lingüística, Literatura, Filología"
10676;Mora;"Instituto Interdisciplinario de Estudios de Género; Facultad de Filosofía y Letras; Universid;d de Buenos Aires";1;1;3681;Argentina;1853-001X;0328-8773;0328-8773;Sociología
24509;Motricidades;"Universidade Federal de São Carlos (UFSCar)";1;1;10236;Brasil;2594-6463;2594-6463;;Educación
19517;Motrivivência;"Universidade Federal de Santa Catarina (UFSC)";1;1;7398;Brasil;2175-8042;0103-4111;;"Ciencias sociales y humanidades, Deportes, Educación"
21744;MovimentAção;"Universidade Federal da Grande Dourados (UFGD)";1;1;8802;Brasil;2358-9205;2358-9205;;Sociología
20166;"MPG journal";"Medical Practice Group (MPG)";1;1;7860;España;2171-9020;2171-9020;;"Medicina, Enfermería"
28901;"Mujer andina";"Universidad Andina del Cusco";1;1;11753;Perú;2961-2780;2961-2241;;Sociología
29982;"Mujer y políticas públicas";"Universidad Ricardo Palma. Instituto de Investigación y Estudios de la Mujer";1;1;11997;Perú;2955-8751;2955-8751;;Sociología
29511;"Multidisciplinary Collaborative Journal.";"Editorial Científica Doso";1;1;11686;Ecuador;3073-1356;;;"Educación, Ingeniería, Multidisciplinarias, Tecnología"
21396;"Multidisciplinary journal for education, social and technological sciences";"Universidad Politécnica de Valencia";1;1;8570;España;2341-2593;2341-2593;;"Multidisciplinarias, Tecnología educativa"
29115;"MULTIDISCIPLINARY LATIN AMERICAN JOURNAL.";"Editorial Investigativa Latinoamericana";1;1;11642;Ecuador;2960-8414;;;Multidisciplinarias
10718;"Multimed Revista Médica";"Centro Provincial de Información de Ciencias Médicas de Granma";1;1;3701;Cuba;1028-4818;1028-4818;;Medicina
26238;"Múltiplos Olhares em Ciência da Informação";"Universidade Federal de Minas Gerais (UFMG)";1;1;11280;Brasil;2237-6658;2237-6658;;"Administración, Bibliotecología, Ciencias de la información, Museología"
10725;"Mundo agrario";"Universidad Nacional de La Plata. Facultad de Humanidades y Ciencias de la Educación";1;1;3704;Argentina;1515-5994;1515-5994;;Sociología
21645;"Mundo Amazónico";"Universidad Nacional de Colombia";1;1;11130;Colombia;2145-5082;2145-5074;2145-5074;Multidisciplinarias
10730;"Mundo de antes";"Universidad Nacional de Tucumán. Facultad de Ciencias Naturales e Instituto Miguel Lillo. Instituto de Arqueología y Museo";1;1;3705;Argentina;2362-325X;1514-982X;1514-982X;"Antropología, Arqueología"
14998;"Mundo eslavo";"Universidad de Granada";1;1;5447;España;2255-517X;1579-8372;1579-8372;"Lingüística, Literatura"
10743;"Mundo nano";"Universidad Nacional Autónoma de México,  Instituto de Ciencias Aplicadas y Tecnología, Centro de Nanociencias y Nanotecnología y Centro de Investigaciones Interdisciplinarias en Ciencias y Humanidades";1;1;3709;México;2448-5691;2007-5979;2007-5979;"Ciencia y Tecnología"
22655;"Mundos Plurales: Revista Latinoamericana de Políticas y Acción Pública";"Facultad Latinoamericana de Ciencias Sociales-Ecuador";1;1;9353;Ecuador;2661-9075;1390-9193;1390-9193;"Ciencia política y administración pública"
10751;"Munibe. Antropologia-arkeologia";"Sociedad de Ciencias Aranzadi";1;1;3713;España;2172-4555;;1132-2217;"Antropología, Arqueología"
24308;Musas;"Universitat de Barcelona";1;1;10194;España;2385-7005;2385-7005;;"Etica, Ginecologia y obstetricia, Salud pública, Sociología, Enfermería, Estudios de género"
10768;"Música oral del sur";"Junta de Andalucía, Consejería de Cultura y Patrimonio Histórico, Centro de Documentación Musical de Andalucía";1;1;3721;España;2445-0391;1138-8579;1138-8579;"Bellas artes, Etnología, Música"
21336;"Mutatis Mutandis: revista internacional de filosofía";"Corporación Filosofía y Sociedad";1;1;11608;Chile;0719-4773;0719-3386;0719-4765;"Etica, Filosofía"
10776;"Myrtia. Revista de filología clásica";"Universidad de Murcia, Facultad de Filosofía y Letras";1;1;3726;España;1989-4619;0213-7674;0213-7674;Lingüística
10780;"NACC. Bioloxía";"Universidad de Santiago de Compostela";1;1;3729;España;2340-0021;1130-9717;1130-9717;Biología
26170;Natura@economía;"Universidad Nacional Agraria La Molina. Facultad de Economía y PLanificaci{on. Departamento Académico de Economía y Planificación";1;1;10787;Perú;2226-9479;2226-9479;;"Medio ambiente"
22289;"Naturaleza y Libertad";"Universidad de Málaga";1;1;9182;España;2659-9228;2254-9668;2254-9668;Filosofía
19428;"Naturaleza y Sociedad Desafíos Medioambientales";"Universidad de los Andes";1;1;7339;Colombia;2011-7922;2805-8631;;"Ciencias sociales y humanidades, Ecología, Multidisciplinarias, Humanidades, Economía agrícola, Medio ambiente"
23926;"Ñawi: arte diseño comunicación";"Escuela Superior Politécnica del Litoral, ESPOL (Escuela de Diseño y Comunicación Visual, EDCOM)";1;1;10060;Ecuador;2588-0934;2588-0934;;"Arte, Cine, Diseño, Humanidades"
25369;Ñawparisun;"Universidad Nacional de Juliaca";1;1;11832;Perú;2706-6789;2663-5917;;Multidisciplinarias
27546;Ñeatá.;"Universidad Nacional del Nordeste";1;1;11110;Argentina;2718-7268;2718-7268;;Humanidades
28250;ÑEMITỸRÃ;"Instituto Superior de Lenguas";1;1;11496;Paraguay;2707-1642;2707-1642;;"Educación, Multidisciplinarias"
29671;"Neosapiencia. Revista especializada en ciencias de la educación.";"Red Interdisciplinaria de Investigación en Ciencias Humanas y Sociales";1;1;11757;Ecuador;3091-1982;;;Educación
10833;"Neotropical Helminthology";"Asociación Peruana de Helmintología e Invertebrados Afines";1;1;3752;Perú;1995-1043;2218-6425;;Botánica
26826;"Ñeque: Revista de Investigación en Ciencias Administrativas y Sociales";"Centro de Investigación y Desarrollo Ecuador - CIDE";1;1;10939;Ecuador;2631-2883;;;"Administración, Ciencia política y administración pública, Ciencias sociales y humanidades, Contabilidad, Economía, Finanzas"
19974;Nereis;"UCV ""San Vicente Mártir"". Vicerrectorado de Investigación, Desarrollo e innovación. Servicio de Publicaciones";1;1;7733;España;2531-2545;1888-8550;1888-8550;"Ciencias sociales y humanidades, Multidisciplinarias"
10836;Neuma;"Universidad de Talca. Escuela de Música";1;1;3753;Chile;0719-5389;0718-7017;0718-7017;Música
22416;"Neumann Business Review";"Escuela de Postgrado Neumann S.A.C";1;1;9258;Perú;2412-3730;2412-3730;;Administración
20868;"Neuropsicologia latinoamericana";"Universidad de Montreal";1;1;8336;México;2075-9479;2075-9479;;"Neurología, Psicología"
10861;"Nexo Revista Científica";"Universidad Nacional de Ingeniería, Vicerrectoría de Investigación y Desarrollo";1;1;3762;Nicaragua;1995-9516;1818-6742;1818-6742;"Arquitectura, Ingeniería civil, Ingeniería de comunicaciones, electrónica y control, Ingeniería industrial, Ingeniería química, Tecnología"
26972;"Nexos Científicos";"Instituto Superior Tecnológico Vida Nueva";1;1;10968;Ecuador;2773-7489;;;"Ingeniería, Ingeniería mecánica"
28965;"Nexus Research Journal";"Editorial Innova";1;1;11534;Ecuador;3028-8827;;;"Ciencias sociales y humanidades, Ingeniería, Multidisciplinarias, Tecnología, Ciencias exactas, Ciencias naturales"
21436;Nierika;"Universidad Iberoamericana, Departamento de Arte";1;1;11559;México;2007-9648;2007-9648;;"Arte, Historia del arte"
22992;Nimio;"Papel Cosido";1;1;9585;Argentina;2469-1879;2408-4093;;"Arte, Cultura, Historia del arte"
10885;Nóesis;"Universidad Autónoma de Ciudad Juárez, Instituto de Ciencias Sociales y Administración";1;1;3767;México;2395-8669;0188-9834;0188-9834;"Ciencias sociales y humanidades"
10899;"Norba. Arte";"Universidad de Extremadura, Servicio de Publicaciones";1;1;3774;España;2660-714X;0213-2214;0213-2214;"Bellas artes, Historia del arte"
19531;"Normas. Revista de estudios lingüísticos hispánicos";"Universitat de València";1;1;7406;España;2174-7245;2174-7245;;"Lingüística, Filología"
10908;Norteamérica;"Universidad Nacional Autónoma de México, Centro de Investigaciones sobre América del Norte";1;1;3776;México;2448-7228;1870-3550;1870-3550;"Ciencias sociales y humanidades, Relaciones internacionales"
28231;"Nota al margen";"Escuela de Letras, Facultad de Filosofía y Humanidades, Universidad Nacional de Córdoba";1;1;11755;Argentina;3008-7015;3008-7015;;Literatura
23804;"Notas históricas y geográficas";"Departamento de Filosofía y Ciencias Sociales, Universidad de Playa Ancha de Ciencias de la Educación";1;1;10003;Chile;0719-4404;0717-036X;;"Geografía, Historia"
27414;"Notas sobre mamíferos sudamericanos";"Sociedad Argentina para el Estudio de los Mamíferos (SAREM)";1;1;11580;Argentina;2618-4788;2618-4788;;"Biología, Ecología, Paleontología, Zoología, Medio ambiente"
10984;Nova;"Universidad Colegio Mayor de Cundinamarca";1;1;3781;Colombia;2462-9448;1794-2470;1794-2470;"Medicina, Salud pública"
10991;"Nova scientia";"Universidad de La Salle Bajío A. C., Coordinación de Investigación";1;1;3786;México;2007-0705;2007-0705;;Multidisciplinarias
10993;"Nova tellus";"Universidad Nacional Autónoma de México, Instituto de Investigaciones Filológicas";1;1;3787;México;2683-1759;0185-3058;0185-3058;"Literatura, Humanidades"
10995;Novapolis;"Germinal - Centro de Estudios y Educación Popular CERI - Centro de Estudios Rurales Interdisciplinarios INECIP- Instituto de estudios comparados en ciencias sociales y penales";1;1;3788;Paraguay;2307-8693;2307-8693;2077-5172;"Ciencia política y administración pública, Ciencias sociales y humanidades, Sociología, Estudios locales, Estudios de género"
20190;"NovaRua. Revista universitaria de administración";"Universidad Autónoma de Ciudad Juárez,  Instituto de Ciencias Sociales y administración";1;1;7881;México;2007-4042;2007-4042;;Administración
25737;NOVASINERGIA;"Universidad Nacional de Chimborazo";1;1;10644;Ecuador;2631-2654;;;"Arquitectura, Computación, Física, Ingeniería, Ingeniería de comunicaciones, electrónica y control, Ingeniería industrial, Matemáticas, Química, Industria, Medio ambiente"
11004;"Novitates caribaea";"Museo Nacional de Historia Natural (República Dominicana)";1;1;3790;"República Dominicana";2079-0139;;2071-9841;"Biología, Ecología, Geología, Paleontología, Zoología"
11005;"Novos Cadernos NAEA";"Universidade Federal do Pará (UFPA)";1;1;3791;Brasil;2179-7536;1516-6481;1516-6481;"Ciencias sociales y humanidades, Multidisciplinarias"
24949;NPunto;"Formación Alcalá, S. L.; Asociación Abadía Zumaque";1;1;10378;España;2603-9680;2605-0110;;Enfermería
11043;"Nueva revista de filología hispánica";"El Colegio de México, Centro de Estudios Lingüísticos y Literarios";1;1;3806;México;2448-6558;0185-0121;0185-0121;Literatura
11044;"Nueva revista del pacífico";"Universidad de Playa Ancha. Facultad de Humanidades";1;1;3807;Chile;0719-5176;0716-6346;0716-6346;"Literatura, Humanidades"
23829;"Nueva Revista española de derecho del trabajo";"Aranzadi La Ley - Karnov Group";1;1;11716;España;2695-7337;2444-3476;2444-3476;"Ciencia política y administración pública, Ciencias sociales y humanidades, Derecho y jurisprudencia, Derecho laboral"
26173;"Nuevas Poligrafías, Revista de Teoría Literaria y Literatura Comparada";"Universidad Nacional Autónoma de México,Facultad de Filosofía y Letras";1;1;11230;México;2954-4076;2954-4076;;"Arte, Literatura, Música, Pintura, Poesía, Filología"
19536;"Nuevo derecho";"Institución Universitaria de Envigado";1;1;7408;Colombia;2500-672X;2011-4540;2011-4540;"Derecho procesal"
11053;"Nuevo itinerario";"Universidad Nacional del Nordeste. Facultad de Humanidades. Instituto de Filosofía";1;1;3810;Argentina;1850-3578;1850-3578;;Filosofía
11055;"Nuevo mundo-mundos nuevos";"École des hautes études en sciences sociales (EHESS)";1;1;3811;Iberoamericanistas-Europa;1626-0252;1626-0252;;"Historia, Estudios latinoamericanos"
19537;"Nuevo pensamiento";"Universidad del Salvador; Facultad de Filosofía, Historia, Letras y Estudios Orientales; Instituto de Investigaciones Filosóficas";1;1;7409;Argentina;1853-7596;1853-7596;;"Filosofía, Filología"
27111;Nullius;"Universidad Técnica de Manabí";1;1;10990;Ecuador;2737-6125;;;"Derecho y jurisprudencia"
11066;"Números. Revista de didáctica de las matemáticas";"Sociedad Canaria";1;1;3815;España;1887-1984;1887-1984;;"Educación, Matemáticas"
20406;"Nutrición animal tropical";"Universidad de Costa Rica";1;1;8047;"Costa Rica";2215-3527;1409-3553;1409-3553;"Agronomía, Endocrinología y nutriología, Ganadería, Zootecnia"
11081;"Nutrición hospitalaria";"Grupo Arán, S.L.";1;1;3821;España;1699-5198;0212-1611;;"Endocrinología y nutriología, Medicina"
11114;Oasis;"Universidad Externado de Colombia, Facultad de Finanzas, Gobierno y Relaciones Internacionales, Centro de Investigaciones y Proyectos Especiales, Observatorio de Análisis de los Sistemas Internacionales";1;1;11267;Colombia;2346-2132;1657-7558;1657-7558;"Relaciones internacionales"
11116;"OBETS. Revista de Ciencias Sociales";"Universidad de Alicante";1;1;3835;España;1989-1385;1989-1385;;"Ciencias sociales y humanidades, Sociología"
20286;"Obra Digit@l";"Universidad de Vic";1;1;7961;España;2014-5039;2014-5039;;"Ciencias de la comunicación"
11125;"Obras y proyectos";"Facultad de Ingeniería";1;1;3839;Chile;0718-2813;0718-2805;0718-2805;"Ingeniería civil"
11128;Observar;"Universidad de Barcelona";1;1;3841;España;1988-5105;;;Educación
28553;"Observatorio de Financiamiento para el Desarrollo. Nota Técnica.";"Universidad Central del Ecuador";1;1;11392;Ecuador;2806-5603;2806-559X;;"Ciencia política y administración pública, Derecho y jurisprudencia, Economía, Estadística"
20039;"Observatorio latinoamericano";"Universidad de Buenos Aires, Facultad de Ciencias Sociales, Instituto de Estudios de América Latina y el Caribe";1;1;7775;Argentina;1853-2713;1853-2713;;"Ciencias sociales y humanidades"
11141;"Observatorio medioambiental";"Universidad Complutense de Madrid, Servicio de Publicaciones";1;1;3847;España;1988-3277;1139-1987;1139-1987;"Ecología, Geografía"
26579;"Ocean and Coastal Research";"Universidade de São Paulo (USP)";1;1;11495;Brasil;2675-2824;2675-2824;;"Multidisciplinarias, Oceanografía"
20525;Ocnos;"CEPLI, Universidad de Castilla- La Mancha";1;1;8128;España;2254-9099;1885-446X;1885-446X;Educación
23608;Octante;"Papel Cosido";1;1;9916;Argentina;2525-0914;2525-0914;;Arte
22959;Odisea;"Universidad de Buenos Aires. Facultad de Ciencias Sociales. Instituto de Investigaciones Gino Germani.";1;1;9563;Argentina;2408-445X;2408-445X;;"Antropología, Ciencias de la comunicación, Economía, Geografía, Historia, Sociología"
11165;Odisea;"Universidad de Almería, Servicio de Publicaciones";1;1;3853;España;2174-1611;1578-3820;1578-3820;Lingüística
11171;Odontoestomatología;"Universidad de la República, Facultad de Odontología";1;1;3855;Uruguay;1688-9339;0797-0374;0797-0374;Odontología
22683;Odontoinvestigación;"Universidad San Francisco de Quito";1;1;9374;Ecuador;1390-9827;;;Odontología
23764;"Odontología activa: UC-Cuenca";"Universidad Católica de Cuenca";1;1;9983;Ecuador;2588-0624;2588-0624;;Odontología
11181;"Odontología pediátrica";"Sociedad Peruana de Odontopediatría";1;1;3858;Perú;2709-4782;1814-487X;1814-487X;"Odontología, Pediatría"
11182;"Odontología sanmarquina";"Universidad Nacional Mayor de San Marcos, Facultad de Odontología";1;1;3859;Perú;1609-8617;1560-9111;1560-9111;Odontología
11184;"Odontología vital";"Universidad Latina de Costa Rica";1;1;3860;"Costa Rica";2215-5740;1659-0775;1659-0775;Odontología
14779;Odontología.;"Universidad Central del Ecuador, Facultad de Odontología, Instituto de Investigación y Posgrado";1;1;5360;Ecuador;1390-9967;1390-9967;1390-7468;Odontología
20407;Odovtos;"Universidad de Costa Rica";1;1;8048;"Costa Rica";2215-3411;1659-1046;1659-1046;Odontología
26470;"Oficio, revista de historia e interdisciplina";"Universidad de Guanajuato, Departamento de Historia";1;1;10870;México;2594-2115;2448-4717;2448-4717;Historia
28126;Oikos;"Universidade Federal de Viçosa (UFV)";1;1;11331;Brasil;2236-8493;2236-8493;;"Administración, Demografía, Economía, Sociología, Trabajo social, Estudios de género"
11210;"Ola financiera";"Universidad Nacional Autónoma de México, Facultad de Economía, División de Estudios de Posgrado, Instituto de Investigaciones Económicas";1;1;3870;México;1870-1442;1870-1442;;"Economía, Finanzas"
11215;"Olhar de Professor";"Universidade Estadual de Ponta Grossa (UEPG)";1;1;3872;Brasil;1984-0187;1518-5648;1518-5648;"Educación, Pedagogía, Educación media o secundaria, Educación preescolar, Educación primaria, Educación superior"
11218;Olivar;"Centro de Teoría y Crítica Literaria, Facultad de Humanidades y Ciencias de la Educación, Universidad Nacional de La Plata";1;1;3873;Argentina;1852-4478;1515-1115;1515-1115;Literatura
25418;OMNIA.;"Universidad Católica de Salta";1;1;10552;Argentina;2618-4699;2618-4680;;"Derecho y jurisprudencia"
11227;"On the w@terfront";"Centro de Investigación CR POLIS de la Universitat de Barcelona";1;1;3875;España;1139-7365;1139-7365;;"Arquitectura, Bellas artes, Urbanismo"
20562;"Oñati Socio-legal Series";"Instituto Internacional de Sociología Jurídica";1;1;8151;España;2079-5971;;;"Derecho comparado, Sociología"
11229;Onco.news;"Associação de Enfermagem Oncológica Portuguesa (AEOP)";1;1;3877;Portugal;2183-6914;1646-7868;1646-7868;Enfermería
11231;Oncología;"Sociedad de Lucha Contra el Cáncer del Ecuador SOLCA";1;1;3879;Ecuador;2661-6653;1390-0110;1390-0110;Oncología
21487;Onoba;"Servicio de Publicaciones de la Universidad de Huelva";1;1;8633;España;2340-4027;2340-4027;2340-3047;Arqueología
14456;"Open insight";"Centro de Investigación Social Avanzada, A.C., División de Filosofía";1;1;5215;México;2395-8936;2007-2406;2007-2406;Filosofía
11251;Opera;"Universidad Externado de Colombia";1;1;11268;Colombia;2346-2159;1657-8651;1657-8651;"Ciencia política y administración pública"
11260;Oppidum;"IE Universidad";1;1;3892;España;2444-8141;1885-6292;1885-6292;"Arqueología, Historia, Historia del arte, Humanidades, Trabajo social"
27549;"Optometría clínica y ciencias de la visión";"Sociedad Aragonesa de Optometría y Contactología (SAOCO)";1;1;11694;España;2951-9349;2951-9349;;"Biofísica, Oftalmología"
20067;"Opuntia brava";"Universidad de Las Tunas";1;1;7797;Cuba;2222-081X;2222-081X;;Multidisciplinarias
28438;"Opus magna constitucional";"Corte de Constitucionalidad de Guatemala, Instituto de Justicia Constitucional";1;1;11420;Guatemala;2707-9856;2707-9856;;"Derecho y jurisprudencia, Derecho comparado, Derechos humanos"
21735;"Opúsculo filosófico";"Centro de Estudios de Filosofía Clásica";1;1;11619;Argentina;2422-8125;1852-0596;;Filosofía
11271;"Orbis tertius";"Centro de Estudios de Teoría y Crítica; Facultad de Humanidades y Ciencias de la Educación; Universidad Nacional de La Plata";1;1;3901;Argentina;1851-7811;0328-8188;0328-8188;Literatura
27313;"Orbis Tertius UPAL";"Universidad Privada Abierta Latinoamericana";1;1;11293;Bolivia;2709-8001;2520-9981;2520-9981;Multidisciplinarias
11281;"Organicom : Revista Brasileira de Comunicação Organizacional e Relações Públicas";"Universidade de São Paulo (USP)";1;1;3904;Brasil;2238-2593;1807-1236;1807-1236;"Administración, Ciencias de la comunicación, Ciencias sociales y humanidades, Sociología"
19544;Organon;"Universidade Federal do Rio Grande do Sul (UFRGS)";1;1;7415;Brasil;2238-8915;0102-6267;0102-6267;"Lingüística, Literatura"
11290;"Orientación y sociedad.";"Universidad Nacional de La Plata, Facultad de Psicología";1;1;3908;Argentina;1851-8893;1515-6877;1515-6877;Psicología
11315;"Otra economía";"Universidad Nacional General Sarmiento";1;1;3915;Argentina;1851-4715;1851-4715;;Economía
20552;"Outros Tempos";"Universidade Estadual do Maranhão (UEMA)";1;1;8146;Brasil;1808-8031;1808-8031;;"Filosofía, Historia, Historia de la ciencia, Historia del arte, Sociología, Humanidades, Prehistoria"
20495;Oxímora;"Universidad de Barcelona";1;1;8108;España;2014-7708;;;"Ciencia política y administración pública, Etica, Filosofía"
24616;P@ranoá;"Universidade de Brasília (UnB)";1;1;10259;Brasil;1679-0944;1679-0944;;"Arquitectura, Urbanismo, Planificación urbana"
11329;"Paakat: revista de tecnología y sociedad";"Universidad de Guadalajara, Sistema de Universidad Virtual";1;1;3919;México;2007-3607;2007-3607;;"Ciencias sociales y humanidades, Ciencia y Tecnología"
27295;"PACHA. Revista de Estudios Contemporáneos del Sur Global.";"CICSHAL-RELIGACION. Centro de Investigaciones en Ciencias Sociales y Humanidades desde América Latina";1;1;11023;Ecuador;2697-3677;2697-3677;;"Antropología, Economía, Sociología"
28281;Pactum;"Universidad de Guadalajara";1;1;11504;México;2992-7064;2992-7064;;Sociología
28688;"Padel Scientific Journal";"Servicio de Publicaciones, Universidad de Extremadura";1;1;11771;España;2952-2218;2952-2218;2990-2053;"Deportes, Psicología, Educación media o secundaria, Educación superior"
24818;"PÄDI boletín científico de ciencias básicas e ingenierías del ICBI";"Universidad Autónoma del Estado de Hidalgo";1;1;10332;México;2007-6363;2007-6363;;"Biología, Ingeniería civil, Matemáticas, Química"
11343;Páginas;"Universidad Nacional de Rosario. Facultad de Humanidades y Artes. Escuela de Historia";1;1;3922;Argentina;1851-992X;1851-992X;;Historia
23841;"Páginas a&b";"Universidade do Porto, Faculdade de Letras";1;1;10022;Portugal;2183-6671;0873-5670;;"Ciencias de la información"
11345;"Páginas de educación";"Universidad Católica del Uruguay";1;1;3923;Uruguay;1688-7468;1688-5287;1688-5287;"Educación, Estudios latinoamericanos, Tecnología educativa, Educación media o secundaria, Educación primaria, Educación superior"
19547;"Páginas de filosofía";"Universidad Nacional del Comahue; Facultad de Humanidades; Departamento de Filosofía";1;1;7417;Argentina;1853-7960;0327-5108;;Filosofía
29051;"Pagine Inattuali";"FedOA - Federico II University Press";1;1;11813;Iberoamericanistas-Europa;2280-4110;2280-4110;;"Filosofía, Literatura"
11352;Paian;"Universidad Señor de Sipán";1;1;3927;Perú;2313-3139;2313-3139;;"Arte, Ciencias de la comunicación, Diseño, Psicología, Humanidades, Trabajo social"
24383;"Paideia surcolombiana";"Universidad Surcolombiana";1;1;10209;Colombia;2538-9572;0124-0307;0124-0307;Educación
25497;"Paideia XXI";"Universidad Ricardo Palma. Escuela de Posgrado";1;1;10580;Perú;2519-5700;2221-7770;;Multidisciplinarias
22845;"Paix et sécurité internationales";"Cátedra Jean Monnet ""Inmigración y Fronteras""";1;1;9479;España;2341-0868;2341-0868;;"Derecho internacional, Relaciones internacionales"
21991;"PAJAR - Pan American Journal of Aging Research";"Pontifícia Universidade Católica do Rio Grande do Sul (PUCRS)";1;1;8980;Brasil;2357-9641;2357-9641;;Geriatría
25854;Pakamuros;"Universidad Nacional de Jaén";1;1;10690;Perú;2522-3240;2306-9805;2306-9805;Multidisciplinarias
11364;"Palabra Clave";"Universidad de la Sabana";1;1;3935;Colombia;2027-534X;0122-8285;0122-8285;"Ciencias de la comunicación, Ciencias sociales y humanidades"
11365;"Palabra clave";"Universidad Nacional de La Plata, Facultad de Humanidades y Ciencias de la Educación, Departamento de Bibliotecología";1;1;3936;Argentina;1853-9912;1666-2938;;"Bibliotecología, Ciencias de la información"
22229;"Palabra y razón";"Universidad Católica del Maule. Facultad de Ciencias Religiosas y Filosófica";1;1;9144;Chile;2452-4646;0719-2223;0719-2223;"Filosofía, Religión"
11368;Palaeohispanica;"Institución Fernando el Católico; Diputación Provincial de Zaragoza";1;1;3937;España;2603-7637;1578-5386;1578-5386;"Arqueología, Historia, Lingüística"
11374;"Paleontología mexicana";"Universidad Nacional Autónoma de México, Instituto de Geología";1;1;11236;México;2007-5189;0543-7652;0543-7652;Paleontología
21598;Palimpsesto;"Universitat Politècnica de Catalunya (UPC)";1;1;8697;España;2014-9751;2014-1505;;Arquitectura
11380;"Palobra, palabra que obra";"Universidad de Cartagena";1;1;3941;Colombia;2346-2884;1657-0111;1657-0111;"Ciencias sociales y humanidades, Educación"
11384;Pampa;"Ediciones Universidad Nacional del Litoral";1;1;3942;Argentina;2314-0208;1669-3299;1669-3299;"Ciencias sociales y humanidades, Economía, Ciencias de la tierra"
20281;Pangea;"Red Académica Iberoamericana de Comunicación";1;1;7956;España;2172-3168;2172-3168;;"Ciencias de la comunicación"
26730;Pangeas;"Universidad de Alicante";1;1;11958;España;2695-5040;2695-5040;;Literatura
21623;"Panta rei";"CEPOAT, Universidad de Murcia";1;1;8717;España;2386-8864;1136-2464;;"Educación, Historia, Humanidades"
11426;"Papéis Avulsos de Zoologia";"Universidade de São Paulo (USP)";1;1;3953;Brasil;1807-0205;0031-1049;0031-1049;Zoología
11429;Papeles;"Universidad Antonio Nariño";1;1;3954;Colombia;2346-0911;0123-0670;0123-0670;"Educación, Pedagogía, Planificación educativa, Educación media o secundaria, Educación preescolar, Educación superior"
11432;"Papeles de Europa";"Servicio de Publicaciones";1;1;3956;España;1989-5917;1989-5917;;"Economía, Economía internacional"
21624;"Papeles de geografía";"Universidad de Murcia, Servicio de Publicaciones";1;1;8718;España;1989-4627;0213-1781;;Geografía
11437;"Papeles de población";"Universidad Autónoma del Estado de México, Centro de Investigación y Estudios Avanzados de la Población";1;1;3958;México;2448-7147;1405-7425;1405-7425;Demografía
11441;"Papeles de trabajo";"Centro de Estudios Interdisciplinarios de Ciencias Etnoligüísticas y Antropológico-Sociales";1;1;3961;Argentina;1852-4508;0327-6147;;"Antropología, Estudios latinoamericanos"
11444;"Papeles del CEIC";"Centro de Estudios sobre la Identidad Colectiva. Universidad del País Vasco Servicio Editorial";1;1;3964;España;1695-6494;1695-6494;;Sociología
23449;"Papeles del Centro de Investigaciones de la Facultad de Ciencias Jurídicas y Sociales";"Editorial UNL";1;1;11328;Argentina;2591-2852;1853-2845;;"Derecho y jurisprudencia"
11457;Papers;"Universitat Autònoma de Barcelona. Departament de Sociologia";1;1;3972;España;2013-9004;0210-2862;0210-2862;Sociología
11466;"Paradigma económico";"Universidad Autónoma del Estado de México, Facultad de Economía";1;1;3975;México;2594-1348;2007-3062;2007-3062;Economía
20879;"Paradigma: revista de investigacion educativa";"Universidad Pedagógica Nacional Francisco Morazán, Instituto de Investigación y Evaluación Educativas y Sociales (INIEES)";1;1;8343;Honduras;2664-5033;1817-4221;;"Educación, Pedagogía, Planificación educativa, Tecnología educativa, Educación media o secundaria"
26734;Paragénesis;"Grup Mineralògic Català";1;1;10915;España;2696-4473;2462-5388;2462-5388;"Geología, Ciencias de la tierra, Recursos naturales no renovables, Ciencias naturales"
20694;"Paraguay desde las ciencias sociales";"Grupo de Estudios Sociales sobre Paraguay, Facultad de Ciencias Sociales, Universidad de Buenos Aires";1;1;8247;Argentina;2314-1638;2314-1638;;"Ciencias sociales y humanidades"
11482;Paremia;"Asociación Cultural Independiente";1;1;3980;España;2172-1068;1132-8940;1132-8940;"Antropología, Lingüística, Literatura, Filología"
26001;"Párrafos geográficos.";IGEOPAT;1;1;11080;Argentina;1853-9424;1666-5783;;Geografía
23124;"Pasado abierto";"Universidad Nacional de Mar del Plata";1;1;9649;Argentina;2451-6961;2451-6961;;Historia
11491;"Pasado y memoria";"Universidad de Alicante";1;1;3985;España;2386-4745;1579-3311;1579-3311;Historia
20880;Pasavento;"Universidad de Alcalá";1;1;8344;España;2255-4505;2255-4505;;"Cine, Cultura, Literatura, Teatro"
11496;"Pasos. Revista de Turismo y Patrimonio Cultural";"Instituto Universitario de Investigación Social y Turismo de la Universidad de La Laguna; Instituto Universitario da Maia (Portugal)";1;1;3986;España;1695-7121;;;"Antropología, Turismo"
27559;Pathos.;"Universidad Nacional de Córdoba";1;1;11396;Argentina;2313-9390;2313-9390;;"Filosofía, Psicología"
25647;"Patristica et mediaevalia.";"Publicaciones Filosofía y Letras - UBA";1;1;10611;Argentina;2683-9636;0325-2280;;Filosofía
24524;PatryTer;"Universidade de Brasília (UnB)";1;1;10241;Brasil;2595-0169;2595-0169;;"Ciencias sociales y humanidades, Geografía, Humanidades"
26922;Paubrasilia;"Universidade Federal do Sul da Bahia (UFSB)";1;1;10957;Brasil;2595-6752;2595-6752;;"Botánica, Ciencias naturales"
23407;"Paulo Freire";"Universidad Academia Humanismo Cristiano, Facultad de Pedagogía";1;1;9799;Chile;0719-8019;0717-9065;;"Ciencias sociales y humanidades, Educación media o secundaria, Educación preescolar, Educación primaria, Educación superior"
21740;"Pedagogia em Foco";"Faculdade Aldete Maria Alves (FAMA)";1;1;8798;Brasil;2178-3039;1808-1576;;"Educación, Pedagogía"
11544;"Pedagogía social. Revista interuniversitaria";"Sociedad Iberoamericana de Pedagogía Social";1;1;4002;España;1989-9742;1139-1723;1139-1723;"Educación, Pedagogía"
11546;"Pedagogía y Sociedad";"Centro de Recursos para el Aprendizaje y la Investigación,  Universidad de Sancti Spíritus ""José Martí Pérez""";1;1;4004;Cuba;3007-4363;1608-3784;1608-3784;"Ciencias sociales y humanidades, Historia, Pedagogía"
11550;Pediatría;"Sociedad Paraguaya de Pediatría";1;1;4005;Paraguay;1683-9803;1683-979X;1683-979X;Pediatría
20524;Península;"Universidad Nacional Autónoma de México, Centro Peninsular en Humanidades y Ciencias Sociales";1;1;8127;México;2594-2743;1870-5766;1870-5766;"Ciencias sociales y humanidades"
19555;"Pensamiento Actual";"Universidad de Costa Rica";1;1;7423;"Costa Rica";2215-3586;1409-0112;1409-0112;Multidisciplinarias
21384;"Pensamiento al margen";"Ateneo cantonal de estudios políticos";1;1;8564;España;2386-6098;2386-6098;;"Ciencias sociales y humanidades, Filosofía, Multidisciplinarias"
26708;"Pensamiento Americano";"Sello Editorial Coruniamericana";1;1;11117;Colombia;2745-1402;2027-2448;2027-2448;"Ciencias sociales y humanidades"
27756;"Pensamiento conjunto";"Escuela Superior Conjunta de las Fuerzas Armadas";1;1;11165;Perú;2707-367X;2707-367X;;Multidisciplinarias
11592;"Pensamiento crítico";"Universidad Nacional Mayor de san Marcos, Facultad de Ciencias  Económicas. Instituto de Investigación";1;1;4021;Perú;2617-2143;1728-502X;1728-502X;Economía
29513;"Pensamiento crítico";"Universidad UDF Santa María";1;1;11930;México;2395-8162;2395-8162;;"Administración, Ciencias de la comunicación, Contabilidad, Economía, Educación, Psicología"
11593;"Pensamiento educativo";"Pontificia Universidad Católica de Chile. Facultad de Educación";1;1;4022;Chile;0719-0409;0717-1013;0717-1013;"Educación, Educación media o secundaria, Educación preescolar, Educación primaria, Educación superior"
11598;"Pensamiento matemático";"E.T.S. de Ingenieros de Caminos Canales y Puertos de la Universidad Politécnica de Madrid";1;1;4024;España;2174-0410;;;Matemáticas
11611;"Pensamiento. Revista de Investigación e Información Filosófica";"Universidad Pontificia de Comillas, Servicio de Publicaciones";1;1;4031;España;2386-5822;0031-4749;0031-4749;Filosofía
11614;Pensar;"Universidade de Fortaleza (UNIFOR)";1;1;4033;Brasil;2317-2150;1519-8464;1519-8464;"Derecho y jurisprudencia, Derecho comparado, Derecho público, Derecho procesal, Multidisciplinarias"
11617;"Pensar en Movimiento";"Editorial de la Universidad de Costa Rica";1;1;4036;"Costa Rica";1659-4436;1659-4436;1659-4711;"Deportes, Medicina"
19557;"Pensar la publicidad. Revista internacional de investigaciones publicitarias";"Servicio de publicaciones. Universidad Complutense de Madrid";1;1;7425;España;1989-5143;1887-8598;1887-8598;"Ciencias de la comunicación"
23886;Pensum;"Universidad Nacional de Córdoba, Facultad de Arquitectura, Urbanismo y Diseño";1;1;10042;Argentina;2469-0724;2469-0724;;"Arquitectura, Urbanismo"
26831;"Per Musi";"Universidade Federal de Minas Gerais (UFMG)";1;1;10941;Brasil;2317-6377;1517-7599;1517-7599;Música
11632;PerCursos;"Universidade do Estado de Santa Catarina (UDESC)";1;1;4041;Brasil;1984-7246;1984-7246;1519-5589;Multidisciplinarias
22257;Perfiles;"Escuela Superior Politécnica de Chimborazo";1;1;9163;Ecuador;2477-9105;2477-9105;1390-5740;Ciencia
11642;"Perfiles de ingeniería";"Universidad Ricardo Palma, Facultad de Ingeniería";1;1;4046;Perú;2519-5719;1996-6660;1996-6660;"Ingeniería, Multidisciplinarias"
23234;"Perfiles económicos";"Escuela de Ingeniería Comercial, Facultad de Ciencias Económicas y Administrativas, Universidad de Valparaíso";1;1;9698;Chile;0719-7586;0719-756X;0719-756X;"Desarrollo económico, Econometría, Economía de la empresa, Economía internacional, Economía agrícola, Planeación económica"
11643;"Perfiles educativos";"Universidad Nacional Autónoma de México, Instituto de Investigaciones sobre la Universidad y la Educación";1;1;4047;México;2448-6167;0185-2698;0185-2698;Educación
11645;"Perfiles latinoamericanos";"Facultad Latinoamericana de Ciencias Sociales, Sede Académica de México";1;1;4048;México;2309-4982;0188-7653;0188-7653;"Ciencias sociales y humanidades"
11649;Perifèria;"Universitat Autònoma de Barcelona, Departament d'Antropología Social i Cultural";1;1;4049;España;1885-8996;;;Antropología
11651;"Periférica. Revista para el análisis de la Cultura y el Territorio";"Universidad de Cádiz, Servicio de Publicaciones";1;1;4050;España;2445-2696;1577-1172;1577-1172;"Multidisciplinarias, Humanidades"
11652;Perífrasis;"Universidad de los Andes. Departamento de Humanidades y Literatura";1;1;4051;Colombia;2145-9045;2145-9045;2145-8987;Literatura
11654;"Perinatología y reproducción humana";Permanyer;1;1;4052;México;2524-1710;0187-5337;0187-5337;"Ginecologia y obstetricia, Medicina, Pediatría"
24564;Périplos;"Universidade de Brasília (UnB)";1;1;11212;Brasil;2594-7443;2594-7443;;"Antropología, Ciencias sociales y humanidades, Demografía, Etnología, Geografía, Historia, Sociología, Estudios locales, Estudios latinoamericanos, Estudios de género"
23991;Perseitas;"Universidad Católica Luis Amigó";1;1;11713;Colombia;2346-1780;2346-1780;;"Arte, Filosofía, Lingüística, Filología"
11663;Persona;"Universidad de Lima. Facultad de Psicología";1;1;4057;Perú;2309-9062;1560-6139;1560-6139;Psicología
11665;"Persona y derecho";"Servicio de Publicaciones de la Universidad de Navarra";1;1;4059;España;2254-6243;0211-4526;0211-4526;"Derecho y jurisprudencia"
21788;"Persona y familia";"Universidad Femenina del Sagrado Corazón";1;1;8833;Perú;2708-5457;2310-3345;2310-3345;"Derecho civil, Multidisciplinarias"
11666;"Persona y sociedad";"Universidad Alberto Hurtado, Facultad de ciencias Sociales";1;1;4060;Chile;0719-0883;0716-730X;0716-730X;"Cultura, Sociología"
11670;Perspectiva;"Universidad Privada Antonio Guillermo Urrelo";1;1;4062;Perú;1996-5389;1996-5257;1996-5257;Multidisciplinarias
29985;"Perspectiva Científica";"Universidad Técnica Latinoamericana de El Salvador";1;1;12009;"El Salvador";3007-9500;3007-9497;;Multidisciplinarias
11675;"Perspectiva educacional";"Universidad Católica de Valparaiso";1;1;4065;Chile;0718-9729;0716-0488;0716-0488;Educación
11677;"Perspectiva geográfica";"Universidad Pedágogica y Tecnológica de Colombia";1;1;4066;Colombia;2500-8684;0123-3769;0123-3769;Geografía
23796;"Perspectiva Revista de Ciencias Sociales";"Perspectivas Editora Sociedad de Hecho";1;1;9998;Argentina;2525-1112;2525-1112;;"Ciencias sociales y humanidades, Multidisciplinarias"
22790;Perspectivas;"Universidad Nacional de Costa Rica";1;1;9449;"Costa Rica";2215-4728;1409-3669;1409-3669;"Geografía, Historia, Educación media o secundaria"
11694;"Perspectivas de la Comunicación";"Universidad de La Frontera. Magíster en Ciencias de la Comunicación";1;1;4075;Chile;0718-4867;0718-4867;;"Ciencias de la comunicación, Ciencias sociales y humanidades, Cultura"
2609;"Perspectivas de las ciencias económicas y jurídicas";"Universidad Nacional de la Pampa; Facultad de Ciencias Económicas y Jurídicas";1;1;887;Argentina;2545-8566;2250-4087;2250-4087;"Ciencia política y administración pública, Derecho y jurisprudencia, Economía"
11703;"Perspectivas em Ciência da Informação";"Universidade Federal de Minas Gerais, Escola de Ciência da Informação";1;1;4080;Brasil;1981-5344;1413-9936;1413-9936;"Bibliotecología, Ciencias de la información, Museología"
27980;"Perspectivas en Inteligencia";"Escuela de Inteligencia y Contrainteligencia Brigadier General Ricardo Charry Solano";1;1;11238;Colombia;2745-1690;2145-194X;2145-194X;"Ciencia política y administración pública, Ciencias sociales y humanidades, Economía, Relaciones internacionales, Defensa y seguridad, Estudios latinoamericanos"
29507;"Perspectivas metodológicas.";Edunla;1;1;11808;Argentina;2618-4125;1666-3055;;"Cultura, Etica, Filosofía, Humanidades"
19561;"Perspectivas rurales";"Editorial Universidad Nacional";1;1;7426;"Costa Rica";2215-5325;1409-3251;1409-3251;Agronomía
29699;"Perspectivas Sociais";"Universidade Federal de Pelotas (UFPel)";1;1;12036;Brasil;2317-7438;2317-7438;;"Ciencias sociales y humanidades"
29751;"Perspectivas Sociales y Administrativas.";Esprint;1;1;11777;Ecuador;3028-8983;;;Multidisciplinarias
11689;"Perspectivas: notas sobre intervención y acción social";"Escuela de Trabajo Social";1;1;4071;Chile;0719-661X;0717-1714;0717-1714;"Trabajo social"
26978;"Peruvian Agricultural Research";"Universidad Nacional José Faustino Sánchez Carrión.  Facultad de Ingeniería Agraria, Industrias Alimentarias y Ambiental";1;1;10970;Perú;2706-9397;2706-9397;;"Agronomía, Zootecnia, Medio ambiente"
23753;"Peruvian Journal of Agronomy";"Universidad Nacional Agraria La Molina. Facultad de Agronomía";1;1;9976;Perú;2616-4477;2519-5581;;Agronomía
11731;Pesquimat;"Universidad Nacional Mayor de San Marcos. Facultas de Ciencias Matemáticas";1;1;4093;Perú;1609-8439;1560-912X;1560-912X;Matemáticas
26256;"Pesquisa Agropecuária Gaúcha";"Secretaria de Agricultura, Pecuária e Desenvolvimento Rural do Rio Grande do Sul";1;1;10815;Brasil;2595-7686;0104-9070;0104-9070;"Agronomía, Ganadería, Pesca, Silvicultura, Veterinaria, Zootecnia"
21638;"Pesquisa e Debate em Educação";"Universidade Federal de Juiz de Fora (UFJF)";1;1;8729;Brasil;2237-9444;2237-9436;;Educación
23736;"Pesquisa e Ensino em Ciências Exatas e da Natureza";"Universidade Federal de Campina Grande (UFCG)";1;1;9968;Brasil;2526-8236;2526-8236;;Multidisciplinarias
11749;"Pesquisa Florestal Brasileira";"Embrapa Florestas";1;1;4100;Brasil;1983-2605;1809-3647;;Silvicultura
11777;"PH. Boletín del Instituto Andaluz del Patrimonio Histórico";"Instituto Andaluz del Patrimonio Histórico";1;1;4111;España;2340-7565;1134-6744;1136-1867;"Arquitectura, Bellas artes"
20124;Phainomenon;"Universidad Femenina del Sagrado Corazón. Departamento de Filosofía y Teología de la Facultad de Psicología y Humanidades";1;1;7834;Perú;2708-5023;1819-1983;1819-1983;Filosofía
11782;"Pharmacy practice";"Centro de Investigaciones y Publicaciones Farmacéuticas, S.L.";1;1;4115;España;1886-3655;1885-642X;;"Farmacia, Farmacología"
22587;Philobiblion;"Philobiblion: Asociación de Jóvenes Hispanistas. Universidad Autónoma de Madrid";1;1;9306;España;2444-1538;2444-1538;;"Cultura, Literatura, Humanidades, Filología"
11785;"Philologia hispalensis";"Universidad de Sevilla";1;1;4118;España;2253-8321;1132-0265;1132-0265;Literatura
11786;"Philologica Canariensia";"Universidad de Las Palmas de Gran Canaria, Servicio de Publicaciones";1;1;4119;España;2386-8635;1136-3169;1136-3169;"Lingüística, Literatura"
11788;Philosophia;"Instituto de Filosofía";1;1;4120;Argentina;2313-9528;0328-9672;0328-9672;Filosofía
23354;Philostrato;"Instituto Moll";1;1;9766;España;2530-9420;2530-9420;;"Historia del arte"
11795;Phonica;"Universidad de Barcelona";1;1;4123;España;1699-8774;1699-8774;;"Educación, Lingüística, Multidisciplinarias"
22078;"Physiological mini-reviews";"Sociedad Argentina de Fisiología. Centro de Investigaciones Cardiovasculares. Facultad de Medicina. Universidad Nacional de La Plata.";1;1;9037;Argentina;1669-5410;1669-5402;;Fisiología
27763;Pinelatinoamericana;"Asociación de Medicina del Estrés y Psicoinmunoneuroendocrinología";1;1;11506;Argentina;2796-8677;2796-8677;;"Endocrinología y nutriología, Inmunología, Medicina, Neurología, Psiquiatría"
11818;Pirineos;"Editorial CSIC";1;1;4131;España;1988-4281;0373-2568;0373-2568;"Ecología, Geografía"
27013;Pirqas.;"Instituto Superior de Formación Docente y Técnica 9-003 ""Normal Superior""";1;1;10978;Argentina;2684-0332;2684-0332;;"Ciencias sociales y humanidades, Educación, Multidisciplinarias, Pedagogía, Planificación educativa, Tecnología educativa"
11823;"Pixel-Bit. Revista de Medios y Educación";"Universidad de Sevilla";1;1;4134;España;2171-7966;1133-8482;1133-8482;Educación
22946;Pléyade;"International Institute for Philosophy and Social Studies";1;1;9555;Chile;0719-3696;0718-655X;0718-655X;"Ciencias sociales y humanidades"
23721;Plurais;"Universidade do Estado da Bahia (UNEB)";1;1;9962;Brasil;2447-9373;2177-5060;;Educación
19567;"Plural : Revista de Ciências Sociais";"Universidade de São Paulo (USP)";1;1;7430;Brasil;2176-8099;2176-8099;;"Antropología, Ciencia política y administración pública, Ciencias sociales y humanidades, Religión, Sociología, Humanidades"
19569;Plurentes.;"Universidad Nacional de La Plata";1;1;11298;Argentina;1853-6212;1853-6212;;"Arte, Bellas artes, Literatura"
25423;Pluriversidad;"Universidad Ricardo Palma. Vicerrectorado Académico";1;1;10557;Perú;2617-6262;2617-6254;;Multidisciplinarias
11862;PNA;"Universidad de Granada. Facultad de Ciencias de la Educación, Departamento de Didáctica dela Matemática";1;1;4145;España;1887-3987;1886-1350;1886-1350;"Educación, Matemáticas"
27644;"Población de Buenos Aires";"Dirección General de Estadísitica y Censos, Ministerio de Hacienda y Finanzas, Gobierno de la Ciudad Autónoma de Buenos Aires";1;1;11345;Argentina;2953-3538;1668-5458;;"Ciencias sociales y humanidades, Demografía, Economía, Sociología, Estadística, Estudios de género"
11868;"Población y desarrollo: argonautas y caminantes";"Universidad Nacional Autónoma de Honduras";1;1;4148;Honduras;2709-8826;2221-7002;2221-7002;"Educación, Pedagogía, Planificación educativa, Tecnología educativa, Educación media o secundaria"
11869;"Población y Salud en Mesoamérica";"Universidad de Costa Rica";1;1;4149;"Costa Rica";1659-0201;1659-0201;;"Demografía, Salud pública"
11870;"Población y sociedad";"Universidad Nacional de La Pampa, Facultad de Ciencias Humanas";1;1;4150;Argentina;1852-8562;0328-3445;0328-3445;"Ciencias sociales y humanidades, Sociología"
22913;Podium;"Universidad de Pinar del Río “Hermanos Saíz Montes de Oca”, Facultad de Cultura Física “Nancy Uranga Romagoza”";1;1;9530;Cuba;1996-2452;1996-2452;;Deportes
23690;PODIUM;"Universidad Espíritu Santo";1;1;9944;Ecuador;2588-0969;;;"Ciencias sociales y humanidades, Educación"
11881;Poeyana;"Instituto de Ecología y Sistemática";1;1;4152;Cuba;2410-7492;0138-6476;0138-6476;Zoología
23607;Poiésis;"Universidade Federal Fluminense (UFF)";1;1;9915;Brasil;2177-8566;1517-5677;;"Arte, Artes plásticas, Bellas artes, Cine, Cultura, Diseño, Etica, Filosofía, Fotografía, Historia del arte, Música, Pintura, Humanidades, Teatro, Danza"
11886;"Poíesis Pedagógica";"Universidade Federal de Goiás (UFG)";1;1;4154;Brasil;2178-4442;2178-4442;;"Educación, Pedagogía"
11889;Polhis;"Programa Buenos Aires de Historia Política del Siglo XX";1;1;4156;Argentina;1853-7723;1853-7723;;Historia
11893;Polibotánica;"Instituto Politécnico Nacional, Escuela Nacional de Ciencias Biológicas, Departamento de Botánica";1;1;4160;México;2395-9525;1405-2768;1405-2768;"Biología, Botánica"
22060;Polifonías;"Universidad de Luján; Departamento de Educación";1;1;9031;Argentina;2314-0496;2314-0488;;Educación
11900;Polígonos;"Universidad de León, Departamento de Geografía; Universidad de Salamanca, Departamento de Geografía; Universidad de Valladolid, Departamento de Geografía";1;1;4162;España;2444-0272;1132-1202;1132-1202;Geografía
11906;Polis;"Universidad Autónoma Metropolitana, Unidad Iztapalapa, División de Ciencias Sociales y Humanidades, Departamento de Sociología";1;1;4165;México;2594-0686;1870-2333;1870-2333;"Ciencia política y administración pública, Ciencias sociales y humanidades, Psicología, Sociología"
11908;Polis;"Universidad de los Lagos. Centro del Desarrollo Territorial y Políticas Públicas - CEDER";1;1;4166;Chile;0718-6568;0717-6554;0717-6554;Sociología
27429;Política;"Universidad de Chile, Instituto de Asuntos Públicos";1;1;11306;Chile;0719-5338;0716-1077;;"Ciencia política y administración pública"
11921;"Política criminal";"Universidad de Talca. Centro de Estudios de Derecho Penal";1;1;4174;Chile;0718-3399;0718-3399;;"Derecho penal, Derecho público, Derecho procesal"
28332;"Política internacional";"Academia Diplomática del Perú";1;1;11349;Perú;2788-6921;2961-2802;2961-2802;"Ciencia política y administración pública, Relaciones internacionales"
25589;"Política Internacional";"Instituto Superior de Relaciones Internacionales Raúl Roa García";1;1;11093;Cuba;2707-7330;1810-9330;;"Ciencia política y administración pública, Relaciones internacionales"
27645;"Política y comunicación.";"Universidad Nacional de La Plata, Facultad de Periodismo y Comunicación Social";1;1;12045;Argentina;2953-3821;2953-3821;;"Ciencia política y administración pública, Ciencias de la comunicación, Ciencias de la información, Sociología"
11933;"Política y estrategia";"Academia Nacional de Estudios Políticos y Estratégicos";1;1;4177;Chile;0719-8027;0716-7415;0716-7415;"Defensa y seguridad"
25764;"Política y gobernanza";"Editorial Universidad de Granada";1;1;10651;España;2531-0062;2531-0062;;"Ciencia política y administración pública"
19575;"Política y sociedad";"Servicio de publicaciones. Universidad Complutense de Madrid";1;1;7434;España;1988-3129;1130-8001;1130-8001;"Ciencia política y administración pública, Sociología"
24783;"Política, globalidad y ciudadanía";"Universidad Autónoma de Nuevo León, Facultad de Ciencias Políticas y Administración Pública";1;1;11088;México;2395-8448;2395-8448;;"Ciencia política y administración pública, Relaciones internacionales"
24763;"Políticas de la memoria";"Centro de Documentación e Investigación de la Cultura de Izquierda (CeDInCI)";1;1;10305;Argentina;2683-7234;1668-4885;;"Ciencias sociales y humanidades, Cultura, Historia, Historia de la ciencia, Ciencias y Técnicas historiográficas"
11943;"Políticas públicas";"Universidad de Santiago de Chile. Departamento de Gestión y Políticas Públicas";1;1;4184;Chile;0718-462X;0718-4611;0718-4611;"Ciencia política y administración pública, Economía"
23212;Polyphonía;"Centro de Estudios Latinoamericanos de Educación Inclusiva";1;1;9685;Chile;0719-7438;0719-7438;;"Educación, Educación media o secundaria, Educación preescolar, Educación primaria, Educación superior"
25579;"Ponto Urbe";"Universidade de São Paulo (USP)";1;1;10602;Brasil;1981-3341;1981-3341;;"Antropología, Ciencias sociales y humanidades, Cultura, Etnología, Fotografía, Literatura, Religión, Sociología, Estudios latinoamericanos, Estudios de género, Planificación urbana, Derechos humanos"
27655;"Portal de la Ciencia";"Instituto Tecnológico Superior Jubones";1;1;11126;Ecuador;2953-6502;2953-6502;;"Ciencias sociales y humanidades, Educación, Economía de la empresa"
11971;"PORTES, revista mexicana de estudios sobre la Cuenca del Pacífico";"Universidad de Colima, Centro Universitario de Estudios e Investigaciones sobre la Cuenca del Pacífico y Centro de Estudios Asia-Pacific Economic Cooperation";1;1;4192;México;2992-7870;1870-6800;1870-6800;"Relaciones internacionales, Economía internacional"
23842;Portugália;"Departamento de Ciências e Técnicas do Património da Faculdade de Letras da Universidade do Porto";1;1;10023;Portugal;2183-3516;0871-4290;;Arqueología
24806;"Portuguese journal of pediatrics";"Portuguese Society of Pediatrics (SPP).";1;1;11727;Portugal;2184-4453;2184-4453;;"Medicina, Multidisciplinarias, Pediatría, Salud pública"
24215;Pós;"Universidade Federal de Minas Gerais (UFMG)";1;1;11132;Brasil;2238-2046;1982-9507;;"Arte, Cine, Fotografía, Historia del arte, Teatro, Danza"
11996;"Pós. Revista do Programa de Pós-Graduação em Arquitetura e Urbanismo da FAUUSP";"Universidade de São Paulo (USP)";1;1;4202;Brasil;2317-2762;1518-9554;1518-9554;Arquitectura
11997;"Posgrado y Sociedad";"Universidad Estatal a Distancia, Sistema de Estudios de Posgrado";1;1;4203;"Costa Rica";2215-2172;2215-2172;;Multidisciplinarias
24950;post;"Universidad San Francisco de Quito /USFQ Press";1;1;10379;Ecuador;2631-2670;;;"Arte, Cultura, Historia del arte"
12006;Potestas;"Grupo Europeo de Investigación Histórica: Religión, poder y moral";1;1;4206;España;2340-499X;1888-9867;1888-9867;"Historia, Historia del arte"
26937;"Práctica arqueológica.";"Asociación de Arqueólogos Profesionales de la República Argentina";1;1;11072;Argentina;2618-2874;2618-2874;;"Arqueología, Ciencias sociales y humanidades, Cultura, Filosofía, Multidisciplinarias, Humanidades"
27051;"Práctica docente. Revista de investigación educativa";"Secretaría de Educación Pública";1;1;11596;México;2683-2410;2683-2410;;"Educación, Educación media o secundaria, Educación primaria, Educación superior"
25157;"Práctica Familiar Rural";"Fundación Salud y Desarrollo Andino Saludesa";1;1;10442;Ecuador;2477-9164;;;"Salud pública, Enfermería"
12016;"Prácticas de oficio";"Universidad Nacional de General Sarmiento, Instituto de Desarrollo Económico y Social, Programa de Posgrado en Ciencias Sociales";1;1;4212;Argentina;1851-6076;1851-6076;;"Ciencias sociales y humanidades"
23756;"Práticas da História. Journal on Theory, Historiography and Uses of the Past";"CHAM — Centro de Humanidades, da Faculdade de Ciências Sociais e Humanas da NOVA School of Social Sciences and Humanities (NOVA FCSH)";1;1;9979;Portugal;2183-590X;2183-590X;;"Arte, Cultura, Historia, Humanidades"
25770;"Práticas Educativas, Memórias e Oralidades";"Universidade Estadual do Ceará (UECE)";1;1;11917;Brasil;2675-519X;2675-519X;;Multidisciplinarias
16534;Praxis;"Universidad del Magdalena";1;1;6177;Colombia;2389-7856;1657-4915;1657-4915;Multidisciplinarias
19581;"Praxis & Saber";"Universidad Pedagógica y Tecnológica de Colombia";1;1;7439;Colombia;2462-8603;2216-0159;2216-0159;Pedagogía
21268;"Práxis Educacional";"Universidade Estadual do Sudoeste da Bahia (UESB)";1;1;8476;Brasil;2178-2679;1809-0249;1809-0249;"Educación, Humanidades"
25243;"Praxis educativa";"Universidad Nacional de La Pampa. Facultad de Ciencias Humanas. Instituto de Ciencias de la Educación para la Investigación Interdisciplinaria";1;1;10457;Argentina;2313-934X;0328-9702;;Educación
12032;"Práxis Educativa";"Universidade Estadual de Ponta Grossa (UEPG)";1;1;4221;Brasil;1809-4309;1809-4031;;Educación
12035;"Praxis Filosófica";"Universidad del Valle";1;1;4224;Colombia;2389-9387;0120-4688;0120-4688;Filosofía
23997;"Praxis pedagógica";"Corporación Universitaria Minuto de Dios";1;1;11239;Colombia;2590-8200;0124-1494;0124-1494;"Educación, Pedagogía"
29957;"Praxis Revista del Centro de Física - UCE.";"Universidad Central del Ecuador, Centro de Física";1;1;11920;Ecuador;3103-1323;3103-1323;;"Ingeniería, Tecnología"
12083;"Príncipe de Viana";"Institución Príncipe de Viana - Gobierno de Navarra. Departamento de Cultura, Deporte y Juventud Dirección General de Cultura";1;1;4234;España;2530-5824;0032-8472;0032-8472;"Historia, Multidisciplinarias"
19586;Principia;"Universidade Federal de Santa Catarina (UFSC)";1;1;7441;Brasil;1808-1711;1414-4247;;Filosofía
12099;"Prisma social";"Fundación iS+D para la Investigación Social Avanzada";1;1;4239;España;1989-3469;1989-3469;;Sociología
23596;"Prisma tecnológico";"Universidad Tecnológica de Panamá";1;1;9910;Panamá;2312-637X;;2076-8133;"Multidisciplinarias, Tecnología, Recursos naturales no renovables, Ciencia y Tecnología"
23843;Prisma.com;"Faculdade de Letras da Universidade do Porto";1;1;10024;Portugal;1643-3153;1643-3153;;"Ciencias de la comunicación"
12103;Prismas;"Universidad Nacional de Quilmes; Centro de Estudios e Investigaciones; Programa de Historia Intelectual";1;1;4243;Argentina;1852-0499;1666-1508;1666-1508;"Historia, Historia de la ciencia"
23646;"Pro Sciences: Revista de Producción Ciencias e Investigación";"Centro de Investigación y Desarrollo Profesional";1;1;9936;Ecuador;2588-1000;;;Multidisciplinarias
24034;"Pro Veritatem.";"Ediciones Universidad Internacional de las Américas";1;1;10100;"Costa Rica";2215-5317;2215-5317;2215-4574;Multidisciplinarias
12115;"Problema. Anuario de filosofía y teoría del derecho";"Universidad Nacional Autónoma de México, Instituto de Investigaciones Jurídicas";1;1;4247;México;2448-7937;2007-4387;2007-4387;"Derecho y jurisprudencia"
12117;"Problemas del desarrollo";"Universidad Nacional Autónoma de México, Instituto de Investigaciones Económicas";1;1;4248;México;2007-8951;0301-7036;0301-7036;"Economía, Desarrollo económico, Econometría, Economía de la empresa, Economía internacional, Economía agrícola"
12127;Procesos;"Universidad Andina Simón Bolívar";1;1;4252;Ecuador;2588-0780;;1390-0099;"Geografía, Historia"
12130;"Processando o Saber";"Faculdade de Tecnologia de Praia Grande (FATEC-PG)";1;1;4254;Brasil;2179-5150;2177-4374;;"Administración, Computación, Educación, Lingüística, Química, Relaciones internacionales"
12133;Production;"Associação Brasileira de Engenharia de Produção (ABEPRO)";1;1;4255;Brasil;1980-5411;0103-6513;0103-6513;"Ingeniería industrial"
12157;"Profesorado. Revista de currículum y formación de profesorado";"Universidad de Granada";1;1;4260;España;1989-6395;1138-414X;;Educación
12158;"Profile Issues in Teachers' Professional Development";"Universidad Nacional de Colombia";1;1;4261;Colombia;2256-5760;1657-0790;1657-0790;Educación
20149;"Programación matemática y software";"Universidad Autónoma del Estado de Morelos";1;1;7849;México;2007-3283;2007-3283;;"Computación, Ingeniería industrial, Matemáticas, Ciencia y Tecnología"
12168;Prohistoria;"Grupo Prohistoria";1;1;4265;Argentina;1851-9504;1514-0032;1514-0032;Historia
28692;Prólogos;EDUNLU;1;1;11646;Argentina;2953-4879;2953-4879;;"Ciencias sociales y humanidades, Derecho y jurisprudencia, Economía, Historia, Sociología, Ciencias y Técnicas historiográficas"
23222;Prometeica;"Universidad Nacional de Mar del Plata";1;1;11089;Argentina;1852-9488;1852-9488;;"Ciencias sociales y humanidades, Filosofía"
22036;"Propósitos y representaciones";"Universidad San Ignacio de Loyola, Centro de Investigación";1;1;9012;Perú;2310-4635;2307-7999;2307-7999;"Educación, Psicología"
26535;"Propuestas Educativas";"Universidad Adventista de Bolivia (UAB)";1;1;12025;Bolivia;2708-6631;2708-6631;;"Educación, Pedagogía, Educación media o secundaria, Educación preescolar, Educación primaria, Educación superior"
12196;Prospectiva;"Universidad del Valle";1;1;4278;Colombia;2389-993X;0122-1213;0122-1213;"Trabajo social"
25414;"Prospectivas UTC: Revista de ciencias administrativas y económicas";"Universidad Técnica de Cotopaxi";1;1;10550;Ecuador;2631-259X;;;"Ciencias sociales y humanidades"
23144;Protrepsis;"Universidad de Guadalajara, Centro Universitario de Ciencias Sociales y Humanidades, Departamento de Filosofía";1;1;9654;México;2007-9273;2007-9273;;Filosofía
19591;Proyección;"Instituto de Cartografía, Investigación y Formación para el Ordenamiento Territorial";1;1;7444;Argentina;1852-0006;1667-0876;;Geografía
12211;"Proyección. Teología y Mundo Actual";"Facultad de Teología de Granada";1;1;4281;España;3020-1810;;0478-6378;Religión
12212;Proyecciones;"Departamento de Matemáticas";1;1;4282;Chile;0717-6279;0716-0917;0716-0917;Matemáticas
27666;Proyecciones.;"Facultad Regional Buenos Aires, Universidad Tecnológica Nacional";1;1;11163;Argentina;1853-6352;1667-8400;;"Ingeniería civil, Ingeniería de comunicaciones, electrónica y control, Ingeniería eléctrica, Ingeniería industrial, Ingeniería mecánica, Ingeniería química"
26018;Proyecciones.;"Universidad Nacional de La Plata, Facultad de Ciencias Económicas";1;1;10750;Argentina;2618-5474;1850-6542;;"Ciencias sociales y humanidades, Contabilidad, Finanzas"
27850;"Proyecta 56";"Universidad de Málaga";1;1;11397;España;2340-8391;2340-8391;2386-5415;"Ciencias de la comunicación, Diseño, Ingeniería"
25143;"Proyecto Lumbre";"Complexo Hospitalario A Coruña. Unidad de Quemados";1;1;10438;España;2255-3487;2255-3487;;Dermatología
12221;"Proyecto, progreso, arquitectura";"Secretariado de Publicaciones. Universidad de Sevilla";1;1;4286;España;2173-1616;2171-6897;;Arquitectura
24124;"Prudentia Iuris";"Editorial de la Universidad Católica Argentina";1;1;10132;Argentina;2524-9525;0326-2774;;"Derecho y jurisprudencia, Derecho comparado, Etica, Filosofía"
28444;"Psico Sophia";"Universidad de Montemorelos, A.C.";1;1;11932;México;2992-7471;2992-7471;;Psicología
26389;"Psicoanálisis en la universidad.";"Universidad Nacional de Rosario. Facultad de Psicología. Departamento de Psicoanálisis";1;1;10854;Argentina;2683-9938;2683-9938;;Psicología
29850;Psicodiagnosticar.;ADEIP;1;1;11970;Argentina;3072-810X;0328-2104;;Psicología
19593;Psicoespacios;"Fondo Editorial IUE";1;1;7446;Colombia;2145-2776;2145-2779;;"Ciencias sociales y humanidades, Pedagogía, Psicología, Psiquiatría, Sociología, Estudios sociales de la salud"
28302;PsicoInnova;"Universidad de Iberoamérica (UNIBE)";1;1;11803;"Costa Rica";2215-4590;2215-4590;;"Psicología, Humanidades"
12259;"Psicologia : Teoria e Prática";"Universidade Presbiteriana Mackenzie (UPM)";1;1;4304;Brasil;1980-6906;1516-3687;1516-3687;Psicología
29036;"Psicología del desarrollo";"Universidad Abierta Interamericana";1;1;12003;Argentina;1853-8746;1853-8746;;"Ciencias sociales y humanidades, Educación, Pedagogía, Psicología, Educación preescolar, Estudios sociales de la salud"
12267;"Psicología educativa";"Colegio Oficial de Psicólogos de Madrid";1;1;4308;España;2174-0526;1135-755X;1135-755X;"Educación, Psicología"
12268;"Psicologia em Estudo";"Universidade Estadual de Maringá (UEM)";1;1;4309;Brasil;1807-0329;1413-7372;1413-7372;"Educación, Psicología"
25123;"Psicología UNEMI";"Universidad Estatal de Milagro";1;1;10433;Ecuador;2602-8379;;;"Psicología, Salud pública, Estudios sociales de la salud"
12284;"Psicología, conocimiento y sociedad";"Universidad de la República, Facultad de Psicología";1;1;4319;Uruguay;1688-7026;1688-7026;;"Psicología, Sociología, Estudios de género"
27675;"Psicología, Educación & Sociedad";"Universidad Autónoma de Querétaro, Facultad de Psicología y Educación";1;1;11602;México;2954-4378;2954-4378;;"Educación, Psicología, Sociología"
12289;Psicológica;"Editorial: DIGITAL.CSIC, institutional repository of the Spanish National Research Council";1;1;4324;España;1576-8597;0211-2159;0211-2159;Psicología
12297;Psicoperspectivas;"Pontificia Universidad Católica de Valparaíso";1;1;4330;Chile;0718-6924;0717-7798;0717-7798;"Ciencias sociales y humanidades, Psicología"
24987;"Psicosomática y psiquiatría";Ergon;1;1;10395;España;2565-0564;2565-0564;;"Psicología, Psiquiatría"
12299;Psicothema;"Colegio Oficial de Psicólogos del Principado de Asturias";1;1;4332;España;1886-144X;0214-9915;0214-9915;Psicología
19983;Psicumex;"Universidad de Sonora";1;1;7740;México;2007-5936;2007-5936;;Psicología
28222;"PSIDIAL: Psicología y Diálogo de Saberes.";"Universidad Técnica de Manabí";1;1;11444;Ecuador;2806-5972;2806-5972;;Psicología
21453;Psiquemag;"Universidad César Vallejo. Facultad de Ciencias de la Salud";1;1;8606;Perú;2307-0846;2307-0846;;Psicología
25649;Psocial.;"Universidad de Buenos Aires";1;1;10613;Argentina;2422-619X;2422-619X;;"Multidisciplinarias, Psicología"
24772;"PsychTech & Health Journal";PSYCHTECH-PUB;1;1;10313;Portugal;2184-1004;2184-1004;;"Multidisciplinarias, Psicología, Psiquiatría, Ciencia y Tecnología"
12329;Psykhe;"Escuela de Psicología";1;1;4350;Chile;0718-2228;0717-0297;0717-0297;Psicología
23302;"Publicación Electrónica de la Asociación Paleontológica Argentina";"Asociación Paleontológica Argentina";1;1;9733;Argentina;2469-0228;2469-0228;;Paleontología
27415;"Publicaciones de la Asociación Argentina de Humanidades Digitales";"Universidad Nacional de La Plata";1;1;11325;Argentina;2718-7470;2718-7470;;Humanidades
12413;"Publicaciones en Ciencias y Tecnología";"Universidad Centroccidental Lisandro Alvarado, Decanato de Ciencias y Tecnología";1;1;4354;Venezuela;2477-9660;2477-9660;1856-8890;"Computación, Física, Matemáticas, Química, Tecnología, Ciencia y Tecnología"
27219;"Publicaciones UD AFyC sZ1.";"Unidad Docente de Atención Familiar y Comunitaria. Sector Zaragoza I";1;1;11180;España;2660-5511;2660-5511;;"Medicina, Enfermería"
12429;"Publicaciones. Facultad de Educación y Humanidades del Campus de Melilla";"Universidad de Granada, Facultad de Educación y Humanidades de Melilla";1;1;4355;España;2530-9269;1577-4147;1577-4147;Educación
12457;"Publicar en antropología y ciencias sociales";"Colegio de Graduados de Antropología de la República Argentina.";1;1;4357;Argentina;2250-7671;0327-6627;0327-6627;"Antropología, Ciencias sociales y humanidades"
12463;Pucara;"Universidad de Cuenca";1;1;4359;Ecuador;2661-6912;;1390-0862;"Educación, Humanidades"
12481;"Pulso. Revista de educación";"Centro Universitario Cardenal Cisneros";1;1;4367;España;2445-2866;1577-0338;1577-0338;Educación
25473;"Punto CUNORTE";"Universidad de Guadalajara, Centro Universitario del Norte (CUNorte)";1;1;10567;México;2594-1852;2448-6426;2448-6426;Multidisciplinarias
26738;"Punto Sur.";"Instituto de Geografía Romualdo Ardissone. Facultad de Filosofía y Letras. Universidad de Buenos Aires";1;1;11366;Argentina;2683-7404;2683-7404;;Geografía
25686;Puriq;"Universidad Nacional Autónoma de Huanta";1;1;10630;Perú;2707-3602;2664-4029;;Multidisciplinarias
25820;"Pymes, innovación y desarrollo";"Asociación Civil Red Pymes Mercosur";1;1;10672;Argentina;2344-9195;2344-9195;;"Administración, Economía, Planeación económica"
12502;Pyrenae;"Universitat de Barcelona, Departament de Prehistoria, Historia Antiga i Arqueologia";1;1;4373;España;2339-9171;0079-8215;0079-8215;"Arqueología, Prehistoria"
23537;Qeuña;"Sociedad Botánica del Cusco - Universidad Nacional San Antonio Abad del Cusco";1;1;9871;Perú;2708-2660;2412-2297;2412-2297;Botánica
26321;QhaliKay;"Universidad Técnica de Manabí";1;1;10838;Ecuador;2588-0608;;;"Bioquímica, Farmacia, Medicina, Enfermería"
12509;"Quaderns agraris";"Institut d’Estudis Catalans";1;1;4374;España;2013-9780;0213-0319;0213-0319;"Agronomía, Ganadería, Silvicultura, Economía agrícola"
12530;"Quaderns d'Italià";"Universidad Autónoma de Barcelona, Servicio de Publicaciones";1;1;4382;España;2014-8828;2014-8828;1135-9730;"Lingüística, Literatura"
12517;"Quaderns de filologia. Estudis lingüístics";"Universidad de Valencia";1;1;4378;España;2444-1449;1135-416X;1135-416X;Lingüística
12518;"Quaderns de filologia. Estudis literaris";"Universidad de Valencia, Facultad de Filología";1;1;4379;España;2444-1457;1135-4178;1135-4178;"Lingüística, Literatura"
22022;"Quaderns de filosofía";"Universitat de València";1;1;9002;España;2341-3042;2341-1414;2341-1414;Filosofía
12534;"Quadrante, Lisboa";"Associação de Professores de Matemática";1;1;4385;Portugal;2183-2838;0872-3915;0872-3915;Matemáticas
23263;"Quadripartita ratio";"Universidad de Guadalajara, Centro Universitario de Ciencias Sociales y Humanidades, Departamento de Filosofía";1;1;9715;México;2448-6485;2448-6485;;"Filosofía, Humanidades"
26436;"Quaestio facti";"Marcial Pons. EDICIONES JURÍDICAS Y SOCIALES, S. A";1;1;11119;España;2604-6202;;;"Derecho y jurisprudencia, Derecho procesal, Filosofía"
12549;Qualitas;"Universidad Iberoamericana del Ecuador";1;1;4389;Ecuador;2661-6610;1390-6569;1390-6569;Multidisciplinarias
20297;"Qualitative Research in Education";"Hipatia Press";1;1;7967;España;2014-6418;2014-6418;;"Educación, Educación media o secundaria, Educación preescolar, Educación primaria, Educación superior"
12564;"Questiones Publicitarias";"Universitat Autónoma de Barcelona";1;1;4394;España;1988-8732;;;"Ciencias de la comunicación"
25127;"Quêtes littéraires";Werset;1;1;10434;Iberoamericanistas-Europa;2084-8099;2657-487X;;Literatura
20891;"Quid 16";"Universidad de Buenos Aires; Facultad de Ciencias Sociales; Instituto de Investigaciones Gino Germani; Área de Estudios Urbanos";1;1;8349;Argentina;2250-4060;2250-4060;;"Antropología, Ciencias sociales y humanidades, Economía, Historia, Sociología, Planificación urbana"
12592;Quintaesencia;"Universidad Nacional de Huancavelica, Facultad de Ciencias de la Educación";1;1;11160;Perú;2076-5363;1992-7096;;Educación
12593;"Quintana. Revista do Departamento de Historia da Arte";"Universidad de Santiago de Compostela, Servicio de Publicaciones e Intercambio Científico";1;1;4408;España;2340-0005;1579-7414;1579-7414;"Arte, Bellas artes, Historia del arte"
12596;"Quinto sol";"Universidad Nacional de La Pampa; Facultad de Ciencias Humanas; Instituto de Estudios Socio-Históricos";1;1;4410;Argentina;1851-2879;0329-2665;0329-2665;Historia
23798;"Quintú quimün";"Facultad de Lenguas";1;1;9999;Argentina;2591-541X;2591-541X;;Lingüística
19607;Quipukamayoc;"Universidad Nacional Mayor de San Marcos, Facultad de Ciencias Contables";1;1;7456;Perú;1609-8196;1560-9103;1560-9103;"Administración, Contabilidad, Derecho mercantil, Economía, Finanzas, Derecho fiscal"
29967;"Quitensis Research Journal.";"Instituto Superior Tecnológico Quito Metropolitano (ITSQMET)";1;1;11944;Ecuador;3121-2786;;;Multidisciplinarias
12599;"Quivera revista de estudios territoriales";"Universidad Autónoma del Estado de México, Facultad de Planeación Urbana y Regional";1;1;4412;México;2594-102X;1405-8626;1405-8626;"Urbanismo, Planificación urbana"
25560;"Qvadrata Estudios sobre educación, artes y humanidades";"Universidad Autónoma de Chihuahua";1;1;11663;México;2683-2143;2683-2143;;"Arte, Ciencias sociales y humanidades, Educación, Historia, Humanidades"
12610;"RA. Revista de arquitectura";"Universidad de Navarra. ETS de Arquitectura";1;1;4420;España;2254-6332;1138-5596;1138-5596;"Arquitectura, Urbanismo"
23109;"RAÍCES: Revista de Ciencias Sociales y Políticas";"Universidad Nacional Autónoma de Nicaragua, UNAN - Managua. Área del conocimiento Ciencias Sociales y Jurídicas. Departamento de Ciencias Sociales y Políticas";1;1;9642;Nicaragua;2520-9736;;;"Ciencia política y administración pública, Ciencias sociales y humanidades, Sociología"
12635;Raído;"Universidade Federal da Grande Dourados (UFGD)";1;1;4430;Brasil;1984-4018;1982-629X;;"Lingüística, Literatura"
14835;"RASAL lingüística";"Sociedad Argentina de Lingüística";1;1;5377;Argentina;2618-3455;2250-7353;2250-7353;Lingüística
23623;"Rassegna Iberistica";"Edizioni Ca Foscari";1;1;9923;Iberoamericanistas-Europa;0392-4777;2037-6588;;"Cine, Cultura, Lingüística, Literatura, Humanidades, Teatro"
21798;"Ratio Iuris";"Editorial de la Universidad de Ciencias Empresariales y Sociales (EditUCES)";1;1;8839;Argentina;2347-0151;2347-0143;;"Derecho y jurisprudencia"
12661;"Razón y Palabra";"Observatorio de Comunicación de la Pontificia Universidad Católica del Ecuador";1;1;4438;Ecuador;1605-4806;1605-4806;;"Ciencias de la comunicación"
28633;"RC Rendición de cuentas";"Universidad de Guadalajara, Instituto de Investigación en Rendición de Cuentas y Combate a la Corrupción, Centro Universitario de Ciencias Económico-Administrativas";1;1;11681;México;2992-7935;2992-7935;;"Ciencia política y administración pública"
14944;"RChD: creación y pensamiento";"Universidad de Chile";1;1;5421;Chile;0719-837X;0719-8426;0719-8426;"Arquitectura, Diseño, Historia del arte, Pintura, Urbanismo, Planificación urbana"
13013;Re-Visiones;Re-Visiones;1;1;4561;España;2173-0040;2173-0040;;"Arte, Bellas artes"
28651;REA;"Universidad de Panamá";1;1;11537;Panamá;2953-2981;2953-2981;;"Ciencias atmosféricas, Educación, Estudios locales, Recursos naturales no renovables, Educación superior, Medio ambiente"
27114;"Realidad económica.";"Instituto Argentino para el Desarrollo Económico (IADE)";1;1;11286;Argentina;2618-1711;0325-1926;;"Agronomía, Economía, Ganadería, Multidisciplinarias, Economía internacional"
27914;"Realidad Empresarial";"Universidad Centroamericana José Simeón Cañas - UCA Editores";1;1;11342;"El Salvador";2789-2689;2415-5721;2415-5721;"Administración, Economía, Finanzas"
19610;"Realidad, datos y espacio revista internacional de estadística y geografía";"Instituto Nacional de Estadística y Geografía";1;1;7459;México;2395-8537;2007-2961;2007-2961;"Economía, Geografía, Estadística"
22443;"Realidad, Revista de Ciencias Sociales y Humanidades";"Universidad Centroamericana José Simeón Cañas";1;1;9278;"El Salvador";2520-0526;1991-3516;1991-3516;Sociología
24771;"Realidad, tendencias y desafíos en turismo";Educo;1;1;10312;Argentina;2545-6199;1850-4787;;Turismo
24697;Rebiol;"Universidad Nacional de Trujillo. Facultad de Ciencias Biológicas";1;1;10280;Perú;2313-3171;2313-3171;;Biología
28699;ReBOT;"Universidade do Estado do Rio Grande do Norte (UERN)";1;1;12019;Brasil;2764-5835;2764-5835;;"Administración, Turismo"
25053;"REC, Cardioclinics";"Elsevier España";1;1;10410;España;2605-1575;2605-1532;;Cardiología
26328;"REC, Interventional Cardiology";Permanyer;1;1;10840;España;2604-7276;2604-7306;;Cardiología
19611;"RECAI revista de estudios de contaduría, administración e informática";"Universidad Autónoma del Estado de México, Facultad de Contaduría y Administración";1;1;7460;México;2007-5278;2007-5278;2007-7386;"Administración, Contabilidad"
12718;"Recerca. Revista de pensament i analisi";"Universitat Jaume I, Servei de Comunicació i Publicacions";1;1;4459;España;2254-4135;1130-6149;1130-6149;Filosofía
19612;Recial;"Universidad Nacional de Córdoba. Facultad de Filosofía y Humanidades. Centro de Investigaciones. Area Letras.";1;1;7461;Argentina;2718-658X;1853-4112;;"Lingüística, Literatura"
23414;"RECIAMUC: Revista de investigación actualización del mundo de las ciencias";"Saberes del Conocimiento";1;1;9803;Ecuador;2588-0748;2588-0748;;Multidisciplinarias
19975;ReCIBE;"Universidad de Guadalajara";1;1;7734;México;2007-5448;2007-5448;;"Ingeniería de comunicaciones, electrónica y control, Tecnología"
28150;Reciena;"Escuela Superior Plitécnica de Chimborazo";1;1;11287;Ecuador;2773-7608;2773-7608;;"Agronomía, Biología, Economía, Tecnología de alimentos, Zoología, Industria"
24884;"ReCientec. Revista Científica Tecnológica";"UNAN- Managua-FAREM-Matagalpa";1;1;11517;Nicaragua;2708-7093;;;"Agronomía, Ciencia y Tecnología"
29917;RECIHYS.;"Universidad de las Fuerzas Armadas ESPE";1;1;11855;Ecuador;2960-821X;;;"Deportes, Educación, Etica, Filosofía, Multidisciplinarias"
24781;"RECIMUNDO: Revista Científica Mundo de la Investigación y el Conocimiento";"Saberes del Conocimiento";1;1;10316;Ecuador;2588-073X;;;Multidisciplinarias
12741;"Recursos rurais";"Instituto de Biodiversidade Agraria e Desenvolvemento Rural";1;1;4470;España;2255-5994;1885-5547;1885-5547;"Agronomía, Ganadería, Silvicultura"
23631;"RECUS. Revista Electrónica Cooperación Unversidad Sociedad";"Unidad de Cooperación Universitaria - Universidad Técnica de Manabí";1;1;9926;Ecuador;2528-8075;;;"Educación superior"
12753;"RED. Revista de Educación a Distancia";"Universidad de Murcia, Departamento de Electromagnetismo y Electrónica";1;1;4475;España;1578-7680;1578-7680;;Educación
28607;REDEPSIC;"Universidad de Panamá";1;1;11416;Panamá;2805-1904;2805-1904;;Psicología
23807;REDER;"Corporación Gestión de Riesgos y Desastres GRID-Chile";1;1;10005;Chile;0719-8477;0719-8477;;"Planificación urbana"
26306;Redes;"Universidad Especializada de las Américas";1;1;10832;Panamá;2710-768X;1684-6737;;"Ciencias sociales y humanidades, Educación, Pedagogía, Psicología, Sociología, Estudios locales, Planificación educativa, Encuestas, Estudios latinoamericanos, Trabajo social, Criminología, Tecnología educativa, Educación media o secundaria, Educación preescolar, Educación primaria, Educación superior, Estudios de género, Planificación del desarrollo, Estudios regionales, Estudios sociales de la salud"
12762;"Redes. Revista hispana para el análisis de redes sociales";"Universidad Autónoma de Barcelona, Departamento de Antropología Social";1;1;4480;España;1579-0185;;;"Antropología, Sociología"
23754;REDIS;"Universidade do Porto, Faculdade de Letras";1;1;9977;Portugal;2183-3958;;;Lingüística
12767;"Redmarka. Revista académica de marketing aplicado";"Universidade da Coruña a través de su grupo de investigación iMARKA";1;1;4483;España;1852-2300;1852-2300;;"Economía, Estadística"
12750;"REDU. Revista de Docencia Universitaria";"Universitat Politècnica de València";1;1;4473;España;1887-4592;;;"Educación, Educación superior"
21680;"REFCalE: Revista electrónica Formación y Calidad Educativa";"Universidad Laica Eloy Alfaro de Manabí";1;1;8757;Ecuador;1390-9010;;;Educación
12773;Referência;"Escola Superior de Enfermagem de Coimbra, Unidade de Investigação em Ciências da Saúde - Enfermagem";1;1;4486;Portugal;2182-2883;0874-0283;0874-0283;Enfermería
23230;"Referencia Pedagógica";"Universidad Tecnológica de La Habana “José Antonio Echeverría”, Centro de Referencia para la Educación de Avanzada-CREA";1;1;9695;Cuba;2308-3042;2308-3042;;"Educación, Pedagogía, Educación superior"
25424;Refracción;"Instituto de Lingüística Materialista (INLIMA)";1;1;10558;España;2695-6918;2695-6918;;Lingüística
22148;REGAE;"Universidade Federal de Santa Maria (UFSM)";1;1;9078;Brasil;2318-1338;2176-2171;;Educación
25416;Regap;"Escola Galega de Administración Pública";1;1;10551;España;2659-5338;1132-8371;;"Administración, Ciencia política y administración pública, Derecho y jurisprudencia, Derecho público"
22195;"REGEPE Entrepreneurship and Small Business Journal";"Associação Nacional de Estudos em Empreendedorismo e Gestão de Pequenas Empresas (ANEGEPE)";1;1;9122;Brasil;2965-1506;2965-1506;;"Administración, Economía, Desarrollo económico, Econometría"
12802;"Región y sociedad";"El Colegio de Sonora";1;1;4493;México;2448-4849;1870-3925;1870-3925;"Sociología, Estudios locales, Planeación económica"
12805;"Regiones y desarrollo sustentable";"El Colegio de Tlaxcala A.C.";1;1;4494;México;2594-1429;1665-9511;1665-9511;"Ciencia política y administración pública, Ciencias sociales y humanidades, Turismo, Desarrollo económico, Planificación del desarrollo, Estudios regionales"
23304;Registros;"Universidad Nacional de Mar del Plata, Facultad de Arquitectura, Urbanismo y Diseño";1;1;9735;Argentina;2250-8112;1668-1576;;"Arquitectura, Diseño, Historia, Historia del arte, Urbanismo"
29801;Regunt;"Universidad César Vallejo";1;1;11788;Perú;2790-4873;2790-4873;;"Ciencias sociales y humanidades"
14388;REHMLAC.;"Universidad de Costa Rica";1;1;5190;"Costa Rica";2215-6097;1659-4223;;Historia
23401;Rehuso;"Universidad Técnica de Manabí.";1;1;9795;Ecuador;2550-6587;2550-6587;;"Antropología, Arte, Bibliotecología, Ciencias de la información, Filosofía, Sociología"
20321;"REICE. Revista Electrónica de Investigación en Ciencias Económicas";"Universidad Nacional Autónoma de Nicaragua, Managua (UNAN-Managua)";1;1;7989;Nicaragua;2308-782X;;;"Administración, Contabilidad, Economía internacional, Finanzas"
27869;REICIT;"Universidad de Panamá, Facultad de Ingeniería";1;1;11415;Panamá;2805-1874;2805-1874;;"Arquitectura, Ingeniería, Ingeniería minera, Ingeniería de materiales, Industria, Metalurgia"
27454;Reincisol;"Instituto Superior Tecnológico Alberto Enríquez";1;1;11468;Ecuador;2953-6421;2953-6421;;Multidisciplinarias
12816;"REIRE. Revista d'Innovació i Recerca en Educació";"Universitat de Barcelona";1;1;4498;España;2013-2255;2013-2255;;"Educación, Pedagogía, Educación media o secundaria, Educación preescolar, Educación primaria, Educación superior"
19618;"Relaciones (Sociedad Argentina de Antropología)";"Universidad Nacional de La Plata";1;1;7465;Argentina;1852-1479;0325-2221;;"Antropología, Arqueología, Etnología"
12821;"Relaciones estudios de historia y sociedad";"El Colegio de Michoacán";1;1;4500;México;2448-7554;0185-3929;0185-3929;"Ciencias sociales y humanidades, Historia, Sociología"
12825;"Relaciones internacionales";"Universidad Nacional de La Plata; Facultad de Ciencias Jurídicas; Instituto de Relaciones Internacionales y Sociales";1;1;4503;Argentina;2314-2766;1515-3371;1515-3371;"Relaciones internacionales"
12823;"Relaciones Internacionales";"Universidad Autónoma de Madrid. Grupo de Estudios de Relaciones Internacionales (GERI)";1;1;4501;España;1699-3950;;;"Relaciones internacionales"
22791;"Relaciones Internacionales";"Universidad Nacional de Costa Rica, Escuela de Relaciones Internacionales";1;1;9450;"Costa Rica";2215-4582;1018-0583;1018-0583;"Derecho internacional, Relaciones internacionales, Economía internacional"
22597;Relectiones;"UFV Editorial";1;1;9313;España;2386-8732;2386-2912;2386-2912;"Filosofía, Humanidades"
12862;"RELIEVE. Revista electrónica de investigación y evaluación educativa";"Universidad de Granada";1;1;4510;España;1134-4032;1134-4032;;Educación
23366;"Religación: Revista de Ciencias Sociales y Humanidades";"RELIGACIÓN CICSH-AL. Centro de Investigaciones en Ciencias Sociales y Humanidades desde América Latina";1;1;9776;Ecuador;2477-9083;;;"Antropología, Ciencia política y administración pública, Ciencias sociales y humanidades, Educación, Sociología, Humanidades"
23177;"Reloj de agua";"Administración Nacional de Educación Pública, Consejo de Formación en Educación, Departamento de Matemática";1;1;9671;Uruguay;1688-6097;1688-6089;1688-6089;Matemáticas
24637;REMAT;"Instituto Federal de Educação, Ciência e Tecnologia do Rio Grande do Sul (IFRS)";1;1;11275;Brasil;2447-2689;2447-2689;;Matemáticas
25622;Rematec;"Universidade Federal do Pará (UFPA)";1;1;10606;Brasil;2675-1909;1980-3141;;"Cultura, Educación, Pedagogía, Educación media o secundaria, Educación primaria, Educación superior"
12872;"REME : revista mineira de enfermagem";"Universidade Federal de Minas Gerais (UFMG), Escola de Enfermagem";1;1;11241;Brasil;2316-9389;1415-2762;1415-2762;"Enfermería, Educación superior"
12875;"REMIE. Revista Multidisciplinar de Investigación Educativa";"Hipatia Press";1;1;4518;España;2014-2862;2014-2862;;Educación
22703;REMIPE;"Faculdade de Tecnologia de Osasco (FATEC-Osasco)";1;1;9390;Brasil;2446-8622;2446-8622;;"Administración, Contabilidad, Economía, Economía de la empresa, Finanzas"
28499;Remus;"Universidad de Sonora";1;1;11679;México;2954-4645;2954-4645;;Medicina
12892;"Repertorio Americano";"Editorial Universidad Nacional de Costa Rica";1;1;4523;"Costa Rica";2215-6143;0252-8479;0252-8479;"Arte, Educación, Multidisciplinarias, Humanidades, Estudios latinoamericanos"
12893;"Repertorio Científico";"Universidad Estatal a Distancia, Escuela de Ciencias Exactas y Naturales";1;1;4524;"Costa Rica";1021-6294;1021-6294;1021-6294;"Computación, Recursos naturales no renovables, Ciencia, Ciencia y Tecnología"
27482;Repique;"Universidad Técnica Luis Vargas Torres";1;1;11094;Ecuador;2550-6676;2550-6676;;"Computación, Educación, Tecnología"
25093;Reporteando;"Asociación de Endodoncistas del Azuay";1;1;10423;Ecuador;2661-6882;2661-6882;;Odontología
12921;"Reportes científicos de la FACEN";"Dirección de Investigación, Facultad de Ciencias Exactas y Naturales (FACEN)- Universidad Nacional de Asunción (UNA)";1;1;11884;Paraguay;2222-145X;2222-145X;2078-399X;"Biología, Biotecnología, Física, Geología, Química, Ciencias exactas"
26827;"REPSI - Revista Ecuatoriana de Psicología";"Centro de Investigación y Desarrollo Ecuador - CIDE";1;1;10940;Ecuador;2661-670X;;;Psicología
24121;"República y derecho";"Facultad de Derecho Universidad Nacional de Cuyo";1;1;10130;Argentina;2525-1937;2525-1937;;"Derecho y jurisprudencia, Derecho agrario, Derecho civil, Derecho comparado, Derecho internacional, Derecho laboral, Derecho marítimo, Derecho mercantil, Derecho penal, Derecho público, Derecho procesal, Derecho fiscal, Derechos humanos"
24767;"Res Gesta";"Instituto de Historia Facultad de Derecho y Ciencias Sociales del Rosario";1;1;10309;Argentina;2525-0884;0325-772X;;"Ciencias sociales y humanidades, Derecho y jurisprudencia, Historia, Ciencias y Técnicas historiográficas"
21006;"Res Mobilis";"Universidad de Oviedo";1;1;8422;España;2255-2057;2255-2057;;"Historia del arte, Humanidades"
19621;"RES NON VERBA: Revista Científica";"Universidad ECOTEC";1;1;7467;Ecuador;2661-6769;1390-6968;1390-6968;"Administración, Ciencias sociales y humanidades, Economía, Educación, Turismo, Educación superior"
12939;"Res publica";"Servicio de Publicaciones de la Universidad Complutense";1;1;4526;España;1989-6115;1576-4184;1576-4184;"Ciencia política y administración pública, Filosofía, Sociología"
29990;"Research Club Scientia";"Agrupación Investigación PHD de la Universidad Estatal del Sur de Manabí";1;1;12012;Ecuador;3103-1315;3103-1315;;Multidisciplinarias
24668;"Research in corpus linguistics";"Asociación Española de Lingüística de Corpus (AELINCO)";1;1;10269;España;2243-4712;2243-4712;;Lingüística
24869;"Research in Education and Learning Innovation Archives";"Universitat de València";1;1;11077;España;2659-9031;2659-9031;;"Ciencias sociales y humanidades, Educación, Pedagogía, Educación media o secundaria, Educación primaria, Educación superior"
21383;"Research on ageing and social policy";"Hipatia Press";1;1;8563;España;2014-671X;2014-671X;;"Demografía, Sociología, Trabajo social"
23515;"Reseñas CeLeHis";"Centro de Letras Hispanoamericanas, Facultad de Humanidades, Universidad Nacional de Mar del Plata";1;1;9855;Argentina;2362-5031;2362-5031;;Literatura
27474;"Reseñas de Enseñanza de la Historia.";APEHUN;1;1;11095;Argentina;2796-9304;1668-8864;;"Educación, Historia"
23082;"Residência Pediátrica";"Sociedade Brasileira de Pediatria (SBP)";1;1;9631;Brasil;2236-6814;2236-6814;;Pediatría
27994;"RESISTANCES. Journal of the Philosophy of History";"RELIGACIÓN CICSH-AL. Centro de Investigaciones en Ciencias Sociales y Humanidades desde América Latina";1;1;11226;Ecuador;2737-6222;2737-6222;;"Ciencias sociales y humanidades, Derecho y jurisprudencia, Etica, Filosofía"
29825;"Respaldo revista Internacional de Administración de Oficinas y Educación Comercial";"Universidad Nacional en Costa Rica";1;1;11796;"Costa Rica";2215-4345;1659-3464;1659-3464;"Administración, Tecnología educativa"
27555;Respirar;"Asociación Latinoamerica de Tórax (ALAT)";1;1;11158;Argentina;2953-3414;;;Neumología
28631;"Responsibility and sustainability";"Universidad de León Grupo de Investigación de Marketing e Investigación Operativa";1;1;11431;Uruguay;2340-5813;2340-5813;;"Administración, Ciencia política y administración pública, Economía, Turismo"
12963;Respuestas;"Universidad Francisco de Paula Santander";1;1;4536;Colombia;2422-5053;0122-820X;0122-820X;"Matemáticas, Multidisciplinarias, Tecnología, Ciencia y Tecnología"
19622;Rétor;"Asociación Argentina de Retórica";1;1;7468;Argentina;1853-6034;1853-6034;;"Lingüística, Literatura"
12978;Retos;"Federación Española de Docentes de Educación Física (FEADEF)";1;1;4541;España;1988-2041;1579-1726;1579-1726;"Deportes, Educación"
12982;"Retos. Revista de Ciencias de la Administración y Economía";"Universidad Politécnica Salesiana";1;1;4544;Ecuador;1390-8618;1390-6291;1390-6291;"Administración, Economía, Economía de la empresa"
24167;"Retratos de Assentamentos";"Universidade de Araraquara (UNIARA)";1;1;10156;Brasil;2527-2594;1516-8182;1516-8182;"Ciencia política y administración pública, Ciencias sociales y humanidades, Ingeniería minera, Ingeniería de transportes, Medio ambiente, Derechos humanos"
16547;"Rev Rene";"Universidade Federal do Ceará (UFC)";1;1;6185;Brasil;2175-6783;1517-3852;;Enfermería
29495;"REV SEN.";"Sociedad Ecuatoriana de Nefrología, Diálisis y Trasplante";1;1;11683;Ecuador;2953-6448;;;Nefrología
23885;REVCOM;"Universidad Nacional de La Plata";1;1;10041;Argentina;2451-7836;2451-7836;;"Ciencias de la comunicación"
21852;"REVELL : Revista de Estudos Literários da UEMS";"Universidade Estadual de Mato Grosso do Sul (UEMS)";1;1;8884;Brasil;2179-4456;2179-4456;;"Cultura, Filosofía, Lingüística, Literatura, Poesía"
12998;Revemat;"Universidade Federal de Santa Catarina (UFSC)";1;1;4552;Brasil;1981-1322;1981-1322;;"Educación, Matemáticas"
26166;Revemop;"Universidade Federal de Ouro Preto (UFOP)";1;1;10786;Brasil;2596-0245;2596-0245;;"Educación, Matemáticas"
26572;"REVES - Revista Relações Sociais";"Universidade Federal de Viçosa (UFV)";1;1;10892;Brasil;2595-4490;2595-4490;;"Ciencias sociales y humanidades"
13002;"REVESCO. Revista de Estudios Cooperativos";"Universidad Complutense de Madrid, Facultad de Ciencias Económicas y Empresariales, Escuela de Estudios Cooperativos; Asociación de Estudios Cooperativos";1;1;4555;España;1885-8031;;1135-6618;"Economía, Economía de la empresa"
28708;"REVICC - Revista de investigación científica para todas las ciencias";"Instituto Superior Tecnológico Guayaquil";1;1;11841;Ecuador;2953-6642;2953-6642;;"Administración, Ciencias de la comunicación, Ciencias sociales y humanidades, Educación, Multidisciplinarias, Tecnología"
26031;"Review of Global Management";"Universidad Peruana de Ciencias Aplicadas";1;1;10757;Perú;2662-0286;2517-9314;;"Administración, Economía de la empresa, Finanzas, Planeación económica"
20900;REVISA;"Faculdade Evangélica de Valparaíso (FACEV)";1;1;8355;Brasil;2179-0981;2316-848X;;"Medicina, Salud pública, Enfermería"
28726;Revisbrato;"Universidade Federal do Rio de Janeiro (UFRJ)";1;1;11491;Brasil;2526-3544;2526-3544;;"Salud pública, Terapéutica y rehabilitación, Derechos humanos"
13020;Revist@e-Mercatoria;"Universidad Externado de Colombia";1;1;4564;Colombia;1692-3960;1692-3960;;"Derecho y jurisprudencia"
13039;"Revista 180";"Facultad de Arquitectura, Arte y Diseño";1;1;4569;Chile;0718-669X;0718-2309;0718-2309;"Arquitectura, Arte, Diseño"
29563;"Revista 3i ingeniería, innovación, investigación";"Universidad Privada Domingo Savio";1;1;11805;Bolivia;3078-6703;3078-6703;;"Educación, Ingeniería, Ciencia y Tecnología, Medio ambiente, Ciencias exactas"
24617;"Revista académica Arjé";"Universidad Técnica Nacional";1;1;11926;"Costa Rica";2215-5538;2215-5538;;"Educación, Pedagogía"
29384;"Revista académica creatividad e innovación en educación";"Sello Editorial Universidad Internacional de Ciencia y Tecnología";1;1;11886;Panamá;2953-3015;2953-3015;;"Educación, Pedagogía, Planificación educativa, Tecnología educativa, Educación superior"
26043;"Revista académica CUNZAC";"Universidad de San Carlos de Guatemala, Centro Universitario de Zacapa (CUNZAC), Departamento de Estudios de Postgrado";1;1;10763;Guatemala;2708-7158;2708-7158;;Multidisciplinarias
29842;"Revista Académica Institucional";"Universidad San Marcos (USAM)";1;1;11927;"Costa Rica";2953-769X;2953-769X;;"Administración, Educación"
26778;"Revista Académica Internacional de Educación Física";"Asociación Científica Internacional de Educación Física";1;1;11423;Colombia;2745-1887;2745-1887;;"Ciencias sociales y humanidades, Deportes, Educación"
28826;"Revista académica seguridad y estrategia";"Instituto Nacional de Estudios Estratégicos en Seguridad (INEES)";1;1;11521;Guatemala;2790-1475;2790-1475;;"Antropología, Derecho penal, Defensa y seguridad, Criminología"
28075;"Revista Académica Seys";"Universidad del Gran Rosario";1;1;11523;Argentina;2796-986X;2796-986X;;"Ciencias sociales y humanidades, Deportes, Educación, Salud pública, Terapéutica y rehabilitación, Derechos humanos"
28667;"Revista académica Sociedad del Conocimiento CUNZAC";"Universidad de San Carlos de Guatemala, Centro Universitario de Zacapa (CUNZAC)";1;1;11458;Guatemala;2789-4681;2789-4681;;Multidisciplinarias
27589;"Revista académica y científica VICTEC";"Instituto Superior Tecnológico Vicente León";1;1;11313;Ecuador;2737-6214;2737-6214;;"Administración, Arte, Contabilidad, Educación, Humanidades"
19627;"Revista ADENAG";"Asociación de Docentes Nacionales de Administración General.";1;1;7471;Argentina;1853-7367;1853-7367;;"Administración, Industria"
24141;"Revista administración pública y sociedad";"Instituto de Investigación y Formación en Administración Pública";1;1;10142;Argentina;2524-9568;2524-9568;;"Ciencia política y administración pública, Ciencias sociales y humanidades, Derecho público, Sociología, Derechos humanos"
13065;"Revista Ágora";"Universidade Federal do Espírito Santo (UFES)";1;1;4574;Brasil;1980-0096;1980-0096;;Historia
26453;"Revista agrotecnológica amazónica";"Universidad Nacional de San Martín";1;1;11312;Perú;2710-0510;2710-0510;;"Agronomía, Pesca, Silvicultura"
21671;"Revista ALCONPAT";"Asociación Latinoamericana de Control de Calidad, Patología y Recuperación de la Construcción, A. C.";1;1;8751;México;2007-6835;2007-6835;;"Ingeniería civil, Ingeniería de materiales"
13079;"Revista alergia México";"Colegio Mexicano, Asma e Inmunología Clínica A.C.; Sociedad Latinoamericana de Alergia, Asma e Inmunología";1;1;4581;México;2448-9190;0002-5151;0002-5151;"Inmunología, Medicina"
13080;"Revista alicantina de estudios Ingleses";"Universidad de Alicante";1;1;4582;España;2171-861X;0214-4808;0214-4808;"Lingüística, Literatura, Filología"
29936;"Revista Amazonía Digital";"Universidad Nacional Amazónica de Madre de Dios";1;1;11893;Perú;2810-8701;2810-8701;;"Computación, Ingeniería de comunicaciones, electrónica y control, Telecomunicaciones"
29935;"Revista Amazonía Viva y Gestión sostenible";"Universidad Nacional Amazónica de Madre de Dios";1;1;11889;Perú;3084-7478;3084-7478;;"Administración, Antropología, Ciencias de la comunicación, Economía, Sociología, Turismo"
27515;"Revista Amazónica de Ciencias Ambientales y Ecológicas";"Universidad Nacional de San Martín";1;1;11850;Perú;2810-8817;2810-8817;;"Ecología, Medio ambiente"
27529;"Revista Amazónica de Ciencias Económicas.";"Universidad Nacional de San Martín. Facultad de Ciencias Económicas";1;1;11831;Perú;2810-8825;2810-8825;;"Administración, Contabilidad, Economía, Turismo"
29934;"Revista Amazónica de Ciencias Sociales";"Universidad Nacional Amazónica de Madre de Dios";1;1;11891;Perú;2810-8744;2810-8744;;"Administración, Ciencias de la comunicación, Contabilidad, Deportes, Educación"
29016;"Revista ambiental agua, aire y suelo";"Universidad de Pamplona";1;1;11880;Colombia;2711-3051;1900-9178;1900-9178;"Bioquímica, Ciencias atmosféricas, Geofísica, Ingeniería sanitaria, Medio ambiente, Ciencias naturales"
28074;"Revista Anales";"Universidad de Cuenca";1;1;11259;Ecuador;2737-6370;2737-6370;;"Arte, Cultura, Educación"
13098;"Revista Andaluza de Medicina del Deporte";"Junta de Andalucía. Centro Andaluz de Medicina del Deporte";1;1;4592;España;2172-5063;1888-7546;1888-7546;Medicina
13100;"Revista andaluza de patología digestiva online";"Sulime Diseño de Soluciones, S.L.U.";1;1;4593;España;1988-317X;1134-7821;1134-7821;"Gastroenterología, Medicina"
26227;"Revista Andina de Educación";"Universidad Andina Simón Bolívar, Sede Ecuador";1;1;10807;Ecuador;2631-2816;;;Educación
27376;"Revista Aproximação";"Universidade Estadual do Centro-Oeste (UNICENTRO)";1;1;11138;Brasil;2675-228X;2675-228X;;"Educación, Tecnología, Humanidades, Tecnología educativa, Ciencia y Tecnología"
24074;"Revista Arbitrada Interdisciplinaria de Ciencias de la Salud. Salud y Vida";"Fundación Koinonía";1;1;10117;Venezuela;2610-8038;2610-8038;;"Anestesiología, Endocrinología y nutriología, Epidemiología, Farmacología, Ginecologia y obstetricia, Medicina, Microbiología, Neumología, Psiquiatría, Terapéutica y rehabilitación, Traumatología y ortopedia, Enfermería, Ingeniería biomédica"
23694;"Revista Arbitrada Interdisciplinaria Koinonía";"Fundación Koinonía";1;1;9945;Venezuela;2542-3088;2542-3088;;"Administración, Agronomía, Ciencias sociales y humanidades, Ingeniería industrial, Pedagogía, Turismo, Ciencia y Tecnología"
13122;"Revista archivos de medicina familiar y general";"Federación Argentina de Medicina Familiar y General";1;1;4602;Argentina;1852-656X;1852-656X;;"Medicina, Salud pública"
13133;"Revista argentina de antropología biológica";"Universidad Nacional de La Plata";1;1;4604;Argentina;1853-6387;1514-7991;1514-7991;"Antropología, Biología"
13138;"Revista argentina de ciencia política";Eudeba;1;1;4607;Argentina;2683-9032;0329-3092;0329-3092;"Ciencia política y administración pública"
14312;"Revista argentina de cirugía";"Asociación Argentina de Cirugía";1;1;5147;Argentina;2250-639X;0048-7600;;Cirugía
24784;"Revista argentina de coloproctología";"Sociedad Argentina de Coloproctologia";1;1;10318;Argentina;2683-7846;0326-9620;;Cirugía
26884;"Revista argentina de derecho de la energía, hidrocarburos y minería.";"Editorial Abaco de Rodolfo Depalma S.R.L";1;1;10951;Argentina;2362-3195;2362-3187;;"Derecho y jurisprudencia, Derecho comparado, Derecho público, Desarrollo económico, Estudios locales"
13148;"Revista argentina de dermatología";"Asociación Argentina de Dermatología";1;1;4612;Argentina;1851-300X;0325-2787;0325-2787;Dermatología
13153;"Revista argentina de educación superior";"Universidad Tres de Febrero";1;1;4614;Argentina;1852-8171;1852-8171;;"Educación superior"
13160;"Revista argentina de estudios de juventud";"Universidad Nacional de La Plata, Facultad de Periodismo y Comunicación Social";1;1;4616;Argentina;1852-4907;1852-4907;;"Ciencias de la comunicación, Ciencias sociales y humanidades, Sociología"
13164;"Revista argentina de historiografía lingüística";"Guillermo Toscano y García";1;1;4617;Argentina;1852-1495;1852-1495;;Lingüística
29786;"Revista argentina de ingeniería.";"Consejo Federal de Decanos de Ingeniería";1;1;11859;Argentina;2314-288X;2314-0925;;Ingeniería
27184;"Revista Argentina de Investigación Educativa.";"Universidad Pedagógica Nacional";1;1;11173;Argentina;2796-7433;2796-7433;;Educación
27879;"Revista Argentina de Investigación Narrativa";"Facultad de Humanidades, Universidad Nacional de Mar del Plata";1;1;11461;Argentina;2718-7519;2718-7519;;"Ciencias sociales y humanidades, Educación"
24131;"Revista argentina de medicina";"Sociedad Argentina de Medicina";1;1;10136;Argentina;2618-4311;1515-3460;;Medicina
20390;"Revista argentina de producción animal";"Asociación Argentina de Producción Animal";1;1;8034;Argentina;2314-324X;0326-0550;;"Agronomía, Ganadería, Veterinaria, Zootecnia"
20708;"Revista argentina de reumatología";"Sociedad Argentina de Reumatología";1;1;11037;Argentina;2362-3675;0327-4411;0327-4411;Reumatología
13189;"Revista argentina de salud pública";"Dirección de Investigación en Salud";1;1;4629;Argentina;1853-810X;1852-8724;;"Salud pública"
23668;"Revista argentina de terapia intensiva";"Sociedad Argentina de Terapia Intensiva";1;1;9940;Argentina;2591-3387;2591-3387;;"Anestesiología, Cardiología, Epidemiología, Medicina, Terapéutica y rehabilitación, Enfermería"
23432;"Revista Asia América Latina";EUDEBA;1;1;9809;Argentina;2524-9347;2524-9347;;"Ciencias sociales y humanidades"
14650;"Revista Asociación Colombiana de Dermatología y Cirugía Dermatológica (En línea)";AsoColDerma;1;1;11501;Colombia;2590-843X;1657-0448;1657-0448;"Cirugía, Dermatología"
23688;"Revista aSPAs";"Universidade de São Paulo (USP)";1;1;9942;Brasil;2238-3999;2238-3999;;Teatro
13210;"Revista Atlántica-Mediterránea de Prehistoria y Arqueología Social";"Universidad de Cádiz";1;1;4636;España;2445-3072;1138-9435;1138-9435;"Arqueología, Prehistoria"
20266;"Revista Aurora";"Universidade Estadual Paulista Júlio de Mesquita Filho (UNESP)";1;1;7947;Brasil;1982-8004;1982-8004;;"Antropología, Ciencia política y administración pública, Ciencias sociales y humanidades, Economía, Relaciones internacionales, Sociología"
13223;"Revista Baiana de Enfermagem";"Universidade Federal da Bahia (UFBA)";1;1;4642;Brasil;2178-8650;0102-5430;0102-5430;Enfermería
23925;"Revista Bases de la Ciencia";"Universidad Técnica de Manabí";1;1;10059;Ecuador;2588-0764;2588-0764;;"Biología, Física, Matemáticas, Química"
25427;"Revista bíblica.";"Editorial Verbo Divino";1;1;10559;Argentina;2683-7153;0034-7078;;"Antropología, Arqueología, Ciencias sociales y humanidades, Cultura, Derecho comparado, Etica, Filosofía, Historia, Lingüística, Literatura, Religión, Sociología, Epigrafía, Filología"
2094;"Revista bibliotecas";"Universidad Nacional de Costa Rica, Escuela de Bibliotecología, Documentación e Información";1;1;793;"Costa Rica";1659-3286;1409-3049;1409-3049;Bibliotecología
20905;"Revista Big Bang Faustinanio";"Universidad Nacional José Faustino Sánchez Carrión";1;1;8358;Perú;2307-2121;2305-4352;2305-4352;Multidisciplinarias
25841;"Revista Binacional Brasil-Argentina";"Universidade Estadual do Sudoeste da Bahia (UESB)";1;1;10683;Brasil;2316-1205;2316-1205;;Multidisciplinarias
2120;"Revista bio ciencias";"Universidad Autónoma de Nayarit";1;1;804;México;2007-3380;2007-3380;;Biología
29937;"Revista Biodiversidad Amazónica";"Universidad Nacional Amazónica de Madre de Dios";1;1;11892;Perú;2810-8752;2810-8752;;"Biología, Bioquímica, Botánica, Ecología, Geología, Medio ambiente"
21018;"Revista biológico agropecuaria Tuxpan";"Editorial Agrícola Tuxpan";1;1;8430;México;2007-6940;2007-6940;;"Agronomía, Biología, Veterinaria"
13235;"Revista biomédica";"Universidad Autónoma de Yucatán, Centro de Investigaciones Regionales Dr. Hideyo Noguchi";1;1;4648;México;2007-8447;0188-493X;0188-493X;Medicina
26538;"Revista boliviana de educación";"Universidad Adventista de Bolivia (UAB)";1;1;11973;Bolivia;2710-0537;2710-0537;;"Educación, Pedagogía, Educación media o secundaria, Educación preescolar, Educación primaria, Educación superior"
13250;"Revista Brasileira de Agroecologia";"Associação Brasileira de Agroecologia (ABA)";1;1;4655;Brasil;1980-9735;1980-9735;;"Agronomía, Ecología"
24528;"Revista Brasileira de Atividade Física e Saúde";"Sociedade Brasileira de Atividade Física & Saúde (SBAFS)";1;1;11654;Brasil;2317-1634;1413-3482;1413-3482;Multidisciplinarias
29436;"Revista Brasileira de Avaliação";"Editora Cubo";1;1;11875;Brasil;2763-5775;2763-5775;;Multidisciplinarias
24684;"Revista Brasileira de Cancerologia";"Instituto Nacional de Câncer (INCA)";1;1;10277;Brasil;2176-9745;0034-7116;0034-7116;"Medicina, Oncología"
20336;"Revista Brasileira de Ciências Policiais";"Academia Nacional de Polícia (ANP)";1;1;8000;Brasil;2318-6917;2178-0013;;"Derecho y jurisprudencia, Criminología"
27442;"Revista Brasileira de Contabilidade e Gestão";"Universidade do Estado de Santa Catarina (UDESC)";1;1;11087;Brasil;2764-7471;2764-7471;;"Administración, Contabilidad"
22802;"Revista Brasileira de Direito Processual Penal";"Instituto Brasileiro de Direito Processual Penal (IBRASPP)";1;1;9458;Brasil;2525-510X;2359-3881;;"Derecho penal, Derecho procesal"
26673;"Revista Brasileira de Economia Social e do Trabalho";"Universidade Estadual de Campinas (Unicamp)";1;1;10907;Brasil;2674-9564;2674-9564;;"Economía, Trabajo social"
22957;"Revista Brasileira de Educação do Campo";"Universidade Federal do Norte do Tocantins (UFNT)";1;1;9561;Brasil;2525-4863;2525-4863;;"Arte, Ciencias sociales y humanidades, Educación, Música, Pedagogía, Humanidades"
20907;"Revista Brasileira de Educação em Ciência da Informação";"Associação Brasileira de Educação em Ciência da Informação (ABECIN)";1;1;8360;Brasil;2358-3193;2358-3193;;"Bibliografías, Bibliotecología, Ciencias de la información, Ciencias sociales y humanidades, Museología, Paleografía"
20086;"Revista Brasileira de Estudos da Presença";"Universidade Federal do Rio Grande do Sul, Faculdade de Educação, Grupo de Estudos em Educação, Teatro e Performance";1;1;7811;Brasil;2237-2660;2237-2660;;"Arte, Teatro"
27009;"Revista Brasileira de Farmácia Hospitalar e Serviços de Saúde";"Sociedade Brasileira de Farmácia Hospitalar e Serviços de Saúde";1;1;11408;Brasil;2316-7750;2179-5924;;"Farmacia, Farmacología, Salud pública"
26934;"Revista Brasileira de História da Ciência";"Sociedade Brasileira de História da Ciência (SBHC)";1;1;11152;Brasil;2176-3275;1983-4713;1983-4713;"Historia, Multidisciplinarias"
13370;"Revista Brasileira de Medicina de Família e Comunidade";"Sociedade Brasileira de Medicina de Família e Comunidade";1;1;4717;Brasil;2179-7994;1809-5909;1809-5909;"Epidemiología, Medicina, Salud pública, Enfermería"
26339;"Revista Brasileira de Segurança Pública";"Fórum Brasileiro de Segurança Pública (FBSP)";1;1;10845;Brasil;2595-0258;1981-1659;;"Ciencia política y administración pública, Ciencias sociales y humanidades, Sociología, Defensa y seguridad"
13435;"Revista brasileira em promoção da saúde";"Universidade de Fortaleza (UNIFOR)";1;1;4749;Brasil;1806-1230;1806-1222;1806-1222;Medicina
24166;"Revista Brasileira Multidisciplinar";"Universidade de Araraquara (UNIARA)";1;1;10155;Brasil;2527-2675;2527-2675;;Multidisciplinarias
23856;"Revista cadena de cerebros";"Fernando Padilla Santamaría";1;1;11040;México;2448-8178;2448-8178;;Multidisciplinarias
24018;"Revista Caribeña de Investigación Educativa";"Instituto Superior de Formación Docente Salomé Ureña, (ISFODOSU).";1;1;10094;"República Dominicana";2636-2147;;2636-2139;"Educación, Pedagogía"
13455;"Revista cartográfica";"Instituto Panamericano de Geografía e Historia (IPGH)";1;1;4754;"Organismos Internacionales";2663-3981;0080-2085;0080-2085;"Cartografía, Geodesia, Multidisciplinarias"
13459;"Revista Catalana de Dret Ambiental";"Universidad Rovira i Virgili; Generalitat de Catalunya";1;1;4756;España;2014-038X;2014-038X;;"Derecho y jurisprudencia"
19649;"Revista catalana de dret públic";"Escola d'Administració Pública de Catalunya";1;1;7485;España;1885-8252;1885-5709;;"Derecho público"
27905;"Revista catalana de pedagogia";"Societat Catalana de Pedagogia / Universitat de Barcelona (UB)";1;1;11986;España;2013-9594;1695-5641;;"Educación, Etica, Pedagogía"
13463;"Revista Catarinense da Ciência Contábil";"Conselho Regional de Contabilidade de Santa Catarina (CRCSC)";1;1;4760;Brasil;2237-7662;1808-3781;;Contabilidad
26264;"Revista Cátedra";"Universidad Central del Ecuador";1;1;10820;Ecuador;2631-2875;;;Educación
26222;"Revista CATHEDRA";"Universidad Metropolitana de Educación, Ciencia y Tecnología (UMECIT)";1;1;10804;Panamá;2644-397X;2644-397X;;"Derecho agrario, Derecho civil, Derecho laboral, Derecho penal, Derecho fiscal, Derechos humanos"
26350;"Revista CEA";"Instituto Tecnológico Metropolitano - ITM";1;1;11885;Colombia;2422-3182;2390-0725;2390-0725;"Contabilidad, Economía, Econometría, Economía de la empresa, Economía internacional, Finanzas"
22127;"Revista Cenário";"Universidade de Brasília (UnB)";1;1;9064;Brasil;2318-8561;2318-8561;;Turismo
13477;"Revista CENIC. Ciencias biológicas";"Editorial CENIC, Centro Nacional de Investigaciones Científicas";1;1;4765;Cuba;2221-2450;0253-5688;0253-5688;"Biología, Bioquímica, Biotecnología, Farmacología"
13479;"Revista CENIC. Ciencias químicas";"CCentro Nacional de Investigaciones Científicas (CNIC)";1;1;4766;Cuba;2221-2442;1015-8553;1015-8553;"Biología, Química"
27754;"Revista CENTRA de Ciencias Sociales";"Fundación Centro de Estudios Andaluces";1;1;11676;España;2951-8156;2951-8156;2951-6641;"Antropología, Ciencia política y administración pública, Ciencias de la comunicación, Economía, Educación, Sociología"
29241;"Revista Central de Sociología";"Universidad Central de Chile";1;1;11634;Chile;2735-7058;0718-4379;0718-4379;"Ciencias sociales y humanidades, Sociología, Desarrollo económico, Derechos humanos"
19790;"Revista centroamerica de administración pública";"Instituto Centroamericano de Administración Pública";1;1;7601;"Costa Rica";2215-3047;1409-0937;1409-0937;Administración
22687;"Revista Cerrados";"Universidade Estadual de Montes Claros (UNIMONTES)";1;1;9377;Brasil;2448-2692;1678-8346;;Geografía
13495;"Revista Chapingo serie ciencias forestales y del ambiente";"Universidad Autónoma Chapingo, Coordinación de Revistas Institucionales";1;1;4773;México;2007-4018;2007-3828;2007-3828;"Agronomía, Silvicultura"
13496;"Revista Chapingo serie horticultura";"Universidad Autónoma Chapingo";1;1;4774;México;2007-4034;1027-152X;1027-152X;"Agronomía, Silvicultura"
23252;"Revista Chapingo serie zonas áridas";"Universidad Autónoma Chapingo, Centro Regional Universitario Centro Norte";1;1;9707;México;2007-526X;2007-526X;;"Agronomía, Edafología"
28282;"Revista Chicomoztoc";"Universidad Autónoma de Zacatecas";1;1;11843;México;2992-7188;2992-7188;;Arqueología
13505;"Revista chilena de cardiología";"Sociedad Chilena de Cardiología y Cirugía Cardiovascular";1;1;4778;Chile;0718-8560;0716-7105;0716-7105;"Cardiología, Medicina"
13510;"Revista chilena de derecho";"Pontificia Universidad Católica de Chile, Facultad de Derecho";1;1;4781;Chile;0718-3437;0716-0747;0716-0747;"Derecho agrario, Derecho internacional, Derecho marítimo, Derecho procesal, Derecho fiscal, Derechos humanos"
13512;"Revista chilena de derecho privado";"Escuela de Derecho, Fundación Fernando Fueyo Laneri";1;1;4782;Chile;0718-8072;0718-0233;0718-0233;"Derecho y jurisprudencia"
25306;"Revista chilena de derecho y tecnología";"Universidad de Chile. Facultad de Derecho";1;1;10508;Chile;0719-2584;0719-2584;;"Derecho y jurisprudencia, Tecnología"
13515;"Revista chilena de dermatología";"Sociedad Chilena de Dermatología y Venereología";1;1;4784;Chile;0719-9406;0717-2273;0717-2273;Dermatología
27480;"Revista chilena de economía y sociedad (En línea)";"Universidad Tecnológica Metropolitana";1;1;11092;Chile;0719-0891;0718-3933;0718-3933;"Administración, Economía"
26279;"Revista chilena de educación matemática";"Sociedad Chilena de Educación Matemática";1;1;11054;Chile;2452-5448;2452-5448;0718-1213;"Educación, Matemáticas"
26510;"Revista chilena de enfermería";"Departamento de Enfermería, Universidad de Chile";1;1;11308;Chile;2452-5839;2452-5839;;"Medicina, Enfermería"
13523;"Revista chilena de entomología";"Sociedad Chilena de Entomología";1;1;4788;Chile;0718-8994;0034-740X;0034-740X;"Biología, Zoología"
22237;"Revista chilena de estudios medievales";"Universidad Gabriela Mistral. Centro de Estudios Medievales";1;1;9151;Chile;0719-689X;0719-2215;0719-2215;Humanidades
13529;"Revista chilena de fonoaudiología";"Universidad de Chile. Departamento de Fonoaudiología";1;1;4789;Chile;0719-4692;0717-4659;0717-4659;Medicina
13533;"Revista chilena de historia natural";"Sociedad de Biología de Chile";1;1;4790;Chile;0717-6317;0716-078X;0716-078X;Biología
13536;"Revista chilena de infectología";"Sociedad Chilena de Infectología; Editorial IKU";1;1;4791;Chile;0717-6341;0716-1018;0716-1018;"Infectología, Salud pública"
13539;"Revista chilena de literatura";"Departamento de Literatura";1;1;4792;Chile;0718-2295;0048-7651;0048-7651;"Filosofía, Literatura, Humanidades"
13545;"Revista chilena de neuro-psiquiatría";"Sociedad de Neurología, Psiquiatría y Neurocirugía";1;1;4795;Chile;0717-9227;0034-7388;0034-7388;"Medicina, Neurología, Psiquiatría"
13546;"Revista chilena de nutrición";"Sociedad Chilena de Nutrición, Bromatología y Toxicología";1;1;4796;Chile;0717-7518;0716-1549;0716-1549;"Endocrinología y nutriología, Tecnología de alimentos, Toxicología"
13548;"Revista chilena de obstetricia y ginecología";"Sociedad Chilena de Obstetricia y Ginecología";1;1;4797;Chile;0717-7526;0048-766X;0048-766X;"Ginecologia y obstetricia, Medicina"
13553;"Revista chilena de pediatría";"Sociedad Chilena de Pediatria";1;1;4799;Chile;0717-6228;0370-4106;0370-4106;Pediatría
13559;"Revista chilena de radiología";"Sociedad Chilena de Radiología";1;1;4802;Chile;0717-9308;0717-201X;0717-201X;Medicina
22088;"Revista chuy";"Universidad Nacional de Tres de Febrero. Instituto de Investigaciones en Arte y Cultura";1;1;9038;Argentina;2422-5932;2422-5932;;Literatura
23857;"Revista CIDOB d'afers internacionals";"CIDOB (Barcelona Centre for International Affairs)";1;1;10028;España;2013-035X;1133-6595;1133-6595;"Ciencia política y administración pública, Relaciones internacionales"
25941;"Revista Ciência Dinâmica";"Faculdade Dinâmica do Vale do Piranga";1;1;10733;Brasil;2176-6509;2176-6509;;"Administración, Ciencias sociales y humanidades, Contabilidad, Economía, Educación, Psicología, Economía de la empresa, Defensa y seguridad, Criminología"
29823;"Revista Ciencia Innovadora.";"Ciencia Innovadora";1;1;11795;Ecuador;3103-1226;;;"Administración, Educación, Ingeniería, Multidisciplinarias, Industria"
29978;"Revista Ciencia Interdisciplinaria Internacional";"Red Internacional de Investigación en Conocimiento Avanzado, Ciencia e Innovación para el Desarrollo (RIICACID)";1;1;11981;Ecuador;3121-2948;3121-2948;;Multidisciplinarias
24895;"Revista ciencia multidisciplinaria CUNORI";"Universidad de San Carlos de Guatemala, Centro Universitario de Oriente (CUNORI)";1;1;10358;Guatemala;2617-4758;2617-474X;2617-474X;Multidisciplinarias
27883;"Revista Ciencia y Construcción.";"Facultad de Ingeniería Civil, Centro de Estudios de la Construcción y Arquitectura Tropical (CECAT)";1;1;11467;Cuba;2789-7605;2789-7605;;"Ingeniería civil"
29750;"REVISTA CIENCIA Y DESARROLLO.";"Instituto Superior Tecnológico Riobamba";1;1;11776;Ecuador;2960-8295;;;Multidisciplinarias
30013;"Revista Ciencia y Líderes - FCE";"Universidad Estatal del Sur de Manabí (UNESUM)";1;1;12051;Ecuador;2960-8104;;;"Ingeniería, Tecnología"
22775;"Revista Ciencia y Poder Aéreo";"Instituto Militar Aeronáutico Escuela de Posgrados de la Fuerza Aérea Colombiana";1;1;9441;Colombia;2389-9468;1909-7050;1909-7050;"Multidisciplinarias, Defensa y seguridad, Ingeniería aeronáutica"
22034;"Revista Ciencia y Tecnología";"Universidad José Carlos Mariátegui";1;1;9011;Perú;2413-7057;2411-8044;2411-8044;Multidisciplinarias
4072;"Revista Ciencia y Tecnología";"Universidad de Costa Rica";1;1;1285;"Costa Rica";2215-5708;0378-052X;0378-052X;"Física, Geología, Química, Tecnología, Ciencia y Tecnología"
28436;"Revista Ciencias Básicas en Salud";"universidad de pamplona";1;1;11983;Colombia;2981-5800;2981-5800;;Multidisciplinarias
29576;"Revista Ciencias de la Educación y el Deporte.";"Centro Internacional de Altos Estudios para la Promoción de la Educación e Innovación - CIAEPEI";1;1;11723;Ecuador;3091-1648;;;Educación
28073;"Revista Ciencias de la Ingeniería y Aplicadas";"Universidad Técnica de Cotopaxi";1;1;11476;Ecuador;2953-6588;2602-8255;;"Ingeniería eléctrica, Ingeniería mecánica, Ingeniería hidráulica, Industria"
14091;"Revista Ciencias de la Salud de la Facultad de Medicina, UNIBE";"Universidad Iberoamericana (UNIBE)";1;1;11848;"Costa Rica";1659-3545;1659-3545;;Medicina
23381;"Revista Ciencias de la Salud y Educación Médica";"Área de Conocimiento Ciencias de la Salud";1;1;11579;Nicaragua;2523-0042;;;"Anatomía, Medicina, Odontología, Oftalmología"
24565;"Revista Ciências e Odontologia";"Faculdade ICESP";1;1;10251;Brasil;2527-0214;2527-0214;;Odontología
13590;"Revista Ciencias Marinas y Costeras";"Universidad Nacional, Escuela de Ciencias Biológicas, Maestría en Ciencias Marinas y Costeras";1;1;4822;"Costa Rica";1659-407X;;1659-455X;"Biología, Ecología, Oceanografía, Recursos naturales no renovables"
24792;"Revista Ciencias Pedagógicas e Innovación";"Universidad Estatal Península de Santa Elena";1;1;10321;Ecuador;1390-7603;1390-7603;;"Ciencias de la comunicación, Ciencias sociales y humanidades, Economía, Educación, Pedagogía, Sociología"
13596;"Revista ciencias técnicas agropecuarias";"Universidad Agraria de la Habana";1;1;4825;Cuba;2071-0054;1010-2760;1010-2760;Agronomía
13598;"Revista científica";"Universidad Distrital Francisco José de Caldas";1;1;4827;Colombia;2344-8350;0124-2253;0124-2253;"Multidisciplinarias, Ciencia"
21784;"Revista científica";"Universidad de San Carlos de Guatemala, Facultad de Ciencias Químicas y Farmacia, Instituto de Investigaciones Químicas y Biológicas";1;1;8830;Guatemala;2224-5545;2070-8246;2070-8246;"Farmacia, Química"
24765;"Revista científica";"Secretaría de Planeamiento, Facultad de Ingeniería, Universidad Nacional de Lomas de Zamora";1;1;10307;Argentina;2525-0396;2525-0396;;"Ingeniería industrial, Ingeniería mecánica, Industria, Ingeniería de transportes"
23180;"Revista científica agroecosistemas";"Universo Sur";1;1;9673;Cuba;2415-2862;;;Agronomía
29854;"Revista Científica ANMAT";"Administración Nacional de Medicamentos, Alimentos y Tecnología Médica";1;1;11979;Argentina;2796-7646;2796-7646;;"Epidemiología, Farmacia, Farmacología, Medicina, Microbiología, Salud pública"
26178;"Revista Científica Arbitrada de Investigación en Comunicación, Marketing y Empresa REICOMUNICAR";"IBKNORGCORP S.A.";1;1;10789;Ecuador;2737-6354;;;"Administración, Ciencias de la comunicación, Trabajo social"
23118;"Revista Científica Arbitrada de la Fundación MenteClara";"Fundación MenteClara";1;1;9646;Argentina;2469-0783;2469-0783;;"Antropología, Ciencia política y administración pública, Historia de la ciencia, Medicina, Sociología"
26268;"Revista Científica Arbitrada de Posgrado y Cooperación Internacional CLAUSTRO";"Universidad Laica Eloy Alfaro de Manabí";1;1;10821;Ecuador;2737-6478;;;"Administración, Ciencias sociales y humanidades, Multidisciplinarias, Relaciones internacionales"
26029;"Revista Científica Arbitrada en Investigaciones de la Salud GESTAR";"IBKNORGCORP S.A.";1;1;10756;Ecuador;2737-6273;;;"Farmacología, Genética, Odontología, Enfermería"
26241;"Revista Científica Arbitrada Multidisciplinaria de Ciencias Contables, Auditoría y Tributación: CORPORATUM 360";"Universidad Laica Eloy Alfaro de Manabí";1;1;10812;Ecuador;2737-6443;;;"Contabilidad, Finanzas, Trabajo social"
27096;"Revista Científica Arbitrada Multidisciplinaria PENTACIENCIAS";"EDITORIAL ALEMA INTERNACIONAL.ORG S.A.S. B.I.C.";1;1;10987;Ecuador;2806-5794;;;"Arquitectura, Arte, Ciencias sociales y humanidades, Derecho y jurisprudencia, Medicina, Salud pública, Humanidades"
29761;"Revista Científica Ciencia y Método.";"Editorial Grupo AEA";1;1;11779;Ecuador;3103-1072;;;Multidisciplinarias
27727;"Revista científica ciencia y sociedad";"Universidad Autónoma Tomás Frías";1;1;11806;Bolivia;2789-8113;2789-8113;;"Administración, Ciencias de la comunicación, Derecho y jurisprudencia, Economía, Educación, Trabajo social"
24897;"Revista Científica Ciencia y Tecnología";"Universidad Tecnológica Empresarial de Guayaquil";1;1;10360;Ecuador;2661-6734;;;Multidisciplinarias
28220;"Revista científica ciencias ingenieriles";"Universidad Nacional de Huancavelica. Escuela Profesional de Ingeniería Civil";1;1;11311;Perú;2961-2357;2961-2357;;"Ingeniería, Tecnología"
24975;"Revista científica cultura, comunicación y desarrollo";"Universo Sur";1;1;11765;Cuba;2664-3111;;;"Antropología, Ciencias de la comunicación, Ciencias sociales y humanidades, Sociología"
13613;"Revista científica de arquitectura y urbanismo";"Instituto Superior Politécnico José Antonio Echeverría, Facultad de Arquitectura";1;1;4832;Cuba;1815-5898;0258-591X;;"Arquitectura, Urbanismo"
14089;"Revista Científica de Ciencias de la Salud";"Universidad Peruana Unión, Facultad de Ciencias de la Salud - Escuela de Posgrado, Ciencias de la Salud";1;1;5040;Perú;2411-0094;2306-0603;2306-0603;"Medicina, Psicología, Enfermería"
26914;"Revista Científica de Ciencias Naturales y Ambientales";"Universidad de Guayaquil";1;1;10955;Ecuador;2773-7772;;;"Biología, Geología, Medio ambiente"
27846;"Revista Científica de Educación Superior y Gobernanza Interuniversitaria Aula 24";"Universidad Laica Eloy Alfaro de Manabí";1;1;11184;Ecuador;2953-660X;2953-660X;;"Economía, Educación, Tecnología, Industria"
13614;"Revista Científica de Enfermería";"Colegio de Enfermeros del Perú, Centro de Investigación";1;1;4833;Perú;2071-596X;2071-5080;2071-5080;Enfermería
19656;"Revista científica de Estelí";"Universidad Nacional Autónoma de Nicaragua   UNAN-MANAGUA. Centro Universitario Regional de Estelí";1;1;7489;Nicaragua;3006-6700;;;"Administración, Arte, Biología, Multidisciplinarias, Tecnología"
28149;"Revista Científica de Estudios Sociales";"Universidad Americana";1;1;11612;Nicaragua;2958-6070;2958-6070;;"Ciencias sociales y humanidades, Relaciones internacionales"
26192;"Revista Científica de Informática ENCRIPTAR";"Universidad Laica Eloy Alfaro de Manabí";1;1;10792;Ecuador;2737-6389;;;Computación
28182;"Revista Científica de Ingeniería y Arquitectura";"Universidad Americana";1;1;11652;Nicaragua;2959-9679;2959-9679;;"Arquitectura, Ingeniería, Ingeniería civil, Ingeniería industrial, Urbanismo"
28464;"Revista Científica de Innovación Educativa y Sociedad Actual ""ALCON""";"Sociedad Ecuatoriana de Investigación Científica";1;1;11367;Ecuador;2960-8473;2960-8473;;"Educación, Pedagogía"
29059;"Revista Científica de la Escuela Superior de Guerra del Ejército";"Escuela Superior de Guerra del Ejército";1;1;11766;Perú;2789-2514;2789-2514;;"Administración, Ciencia política y administración pública, Ciencias sociales y humanidades, Derecho y jurisprudencia, Historia, Relaciones internacionales"
27728;"Revista Científica de la Facultad de Derecho y Ciencias Sociales y Políticas.";"Universidad Nacional del Nordeste.";1;1;11164;Argentina;2953-4232;2953-4232;;"Derecho y jurisprudencia, Derecho agrario, Derecho comparado, Derecho internacional, Derecho público, Derechos humanos"
25524;"Revista científica de la Facultad de Filosofía";"Dirección de Investigación - Facultad de Filosofía - Universidad Nacional de Asunción";1;1;10586;Paraguay;2414-8717;;;"Antropología, Ciencias de la comunicación, Ciencias sociales y humanidades, Cultura, Educación, Etica, Filosofía, Historia, Literatura, Psicología, Sociología, Humanidades, Trabajo social"
28511;"Revista Científica de Salud BIOSANA";"Sociedad Ecuatoriana de Investigación Científica";1;1;11377;Ecuador;2960-8481;2960-8481;;"Farmacología, Ingeniería sanitaria, Medicina, Odontología, Psiquiatría, Enfermería"
26353;"Revista científica de sistemas e informática";"Universidad Nacional de San Martín";1;1;11301;Perú;2709-992X;2709-992X;;"Computación, Tecnología"
24692;"Revista Científica de UCES";"EDITUCES - Editorial de la Universidad de Ciencias Empresariales y Sociales (UCES)";1;1;10279;Argentina;2591-5266;2591-5266;;"Ciencias sociales y humanidades, Economía, Etica, Filosofía, Multidisciplinarias, Humanidades"
26665;"Revista científica del sistema de estudios de posgrado";"Universidad de San Carlos de Guatemala, Sistema de Estudios de Postgrado (SEP)";1;1;11016;Guatemala;2707-2908;2523-6121;2523-6121;Multidisciplinarias
25667;"Revista científica diálogo forense";"Instituto Nacional de Ciencias Forenses de Guatemala (INACIF)";1;1;11257;Guatemala;2789-8458;2707-8477;2707-8477;"Anatomía, Derecho laboral, Medicina legal, Criminología"
21908;"Revista Científica Ecociencia";"Universidad Tecnológica ECOTEC";1;1;8924;Ecuador;1390-9320;1390-9320;;"Ciencias sociales y humanidades, Humanidades"
26194;"Revista Científica Educ@ção Online";"Centro de Empreendedorismo, Inovação e Tecnologia (CEIT)";1;1;10794;Brasil;2526-8716;2526-8716;;"Ciencias sociales y humanidades, Educación, Pedagogía"
23175;"Revista científica El Capacho";"Universidad Tecnológica del Cibao Oriental (UTECO). Decanato de Investaigación";1;1;12027;"República Dominicana";2737-6680;2224-3623;2224-3623;Multidisciplinarias
29778;"Revista científica el surco";"Facultad de Ciencias Agrarias, Universidad Nacional de Concepción";1;1;12042;Paraguay;3081-0744;3081-0744;;Agronomía
26660;"Revista científica en ciencias de la salud";"Universidad del Pacífico - Paraguay";1;1;10904;Paraguay;2664-2891;2664-2891;;"Medicina, Salud pública"
26659;"Revista científica en ciencias sociales";"Universidad del Pacífico";1;1;10903;Paraguay;2708-0412;2708-0412;;"Ciencias sociales y humanidades"
25031;"Revista científica especialidades odontológicas UG";"Universidad de Guayaquil";1;1;10400;Ecuador;2600-576X;2600-576X;;Odontología
25526;"Revista científica estudios e investigaciones";"Universidad Iberoamericana";1;1;10587;Paraguay;2523-6113;2310-3507;;"Ciencias sociales y humanidades"
26239;"Revista Científica FINIBUS";"Universidad Laica Eloy Alfaro de Manabí";1;1;10810;Ecuador;2737-6451;;;"Arquitectura, Ingeniería, Urbanismo"
19655;"Revista Científica General José María Córdova";"Escuela Militar de Cadetes General José María Córdova";1;1;7488;Colombia;2500-7645;1900-6586;1900-6586;"Ciencia política y administración pública, Ciencias sociales y humanidades, Relaciones internacionales, Defensa y seguridad, Derechos humanos"
26594;"Revista Científica GeoLatitud";"Instituto de Investigación Geológico y Energético";1;1;10895;Ecuador;2661-6998;;;"Geología, Recursos naturales no renovables"
24546;"Revista Científica Guacamaya";"Universidad de Panamá. Centro Regional Universitario de Coclé";1;1;10249;Panamá;2616-9711;2616-9711;;Multidisciplinarias
23369;"Revista Científica Hallazgos21";"Pontificia Univesidad Católica del Ecuador, Sede Esmeraldas";1;1;9779;Ecuador;2528-7915;;;"Economía, Educación, Salud pública"
22421;"Revista Científica Horizonte Empresarial";"Universidad Señor de Sipán. Facultad de Ciencias Empresariales";1;1;9261;Perú;2313-3414;2313-3414;;Administración
28921;"Revista Científica Humanidades";"Facultad de Humanidades y Ciencias de la Educación";1;1;12047;Paraguay;3007-7354;3007-7354;;"Educación, Lingüística, Literatura, Psicología, Humanidades, Trabajo social"
26027;"Revista Científica INGENIAR: Ingeniería, Tecnología e Investigación";"IBKNORGCORP S.A.";1;1;10754;Ecuador;2737-6249;;;"Agronomía, Arquitectura, Ingeniería civil, Ingeniería eléctrica, Ingeniería mecánica, Química, Tecnología de alimentos, Industria, Medio ambiente"
22422;"Revista Científica Ingeniería: Ciencia, Tecnología e Innovación";"Universidad Señor de Sipán. Facultad de Ingeniería, Arquitectura y Urbanismo";1;1;9262;Perú;2313-1926;2313-1926;;"Ingeniería civil, Ingeniería de comunicaciones, electrónica y control, Ingeniería eléctrica, Ingeniería industrial, Ingeniería mecánica, Tecnología de alimentos, Telecomunicaciones"
20001;"Revista Científica Interdisciplinaria: Investigación y Saberes";"Universidad Técnica Luis Vargas Torres de Esmeraldas.";1;1;7754;Ecuador;1390-8146;;;"Ciencias sociales y humanidades, Economía, Educación superior, Medio ambiente"
28962;"Revista Científica Kosmos";"Editorial Innova";1;1;11530;Ecuador;3028-8819;;;"Ciencias sociales y humanidades, Ingeniería, Multidisciplinarias, Tecnología, Ciencias exactas, Ciencias naturales"
27284;"Revista Científica Multidisciplinar G-ner@ndo";"Unidad Educativa Juan Montalvo";1;1;11066;Ecuador;2806-5905;2806-5905;;Multidisciplinarias
25490;"Revista científica multidisciplinaria arbitrada ""Yachasun""";"IBKN ORG EDITORIAL INTERNACIONAL CAPACITACIÓN Y CONSULTORIA IBKNORGCORP S.A.";1;1;10576;Ecuador;2697-3456;2697-3456;;"Arte, Multidisciplinarias"
28614;"Revista Científica Multidisciplinaria HEXACIENCIAS";"Sociedad Ecuatoriana de Investigación Científica";1;1;11418;Ecuador;3028-8657;3028-8657;;"Ciencias sociales y humanidades, Computación, Ingeniería, Salud pública"
28581;"Revista Científica Multidisciplinaria InvestiGo.";"Instituto Superior Tecnológico República de Alemania (ISTRA)";1;1;11398;Ecuador;2953-6367;2953-6367;;"Administración, Ciencias sociales y humanidades, Ingeniería, Industria"
29648;"Revista Científica Multidisciplinaria OGMA.";"Grupo de Investigación Educativa y Social OGMIOS";1;1;11745;Ecuador;3028-8770;;;"Arte, Ciencias sociales y humanidades, Multidisciplinarias, Humanidades"
22977;"Revista Científica Odontológica";"Universidad Científica del Sur";1;1;9575;Perú;2523-2754;2310-2594;2310-2594;Odontología
24545;"Revista Científica Orbis Cognita";"Universidad de Panamá. Centro Regional Universitario de San Miguelito";1;1;10248;Panamá;2644-3813;2644-3813;;Multidisciplinarias
11618;"Revista Científica Pensar Enfermagem";"Centro de Investigação, Inovação e Desenvolvimento em Enfermagem de Lisboa (CIDNUR)";1;1;4037;Portugal;1647-5526;0873-8904;0873-8904;Enfermería
29973;"Revista Científica PROciencias.";"Sociedad Ecuatoriana de Investigación Científica";1;1;11960;Ecuador;3121-2972;;;Multidisciplinarias
28208;"Revista Científica Profundidad Construyendo Futuro";"Universidad Francisco de Paula Santander Ocaña";1;1;11429;Colombia;2422-2518;2422-1783;;"Administración, Contabilidad, Economía, Turismo, Estudios locales, Finanzas"
27061;"Revista Científica Ratio Iure";"Universidad Nacional de San Martín";1;1;11303;Perú;2810-8159;2810-8159;;"Derecho y jurisprudencia, Derecho penal"
26682;"Revista Científica Retos de la Ciencia";"Fundación de Gestión y Desarrollo Comunitario Ecuador";1;1;10912;Ecuador;2602-8247;;;"Ciencias sociales y humanidades"
22423;"Revista Científica Salud & Vida Sipanense";"Universidad Señor de Sipán. Facultad de Ciencias de la Salud";1;1;9263;Perú;2313-0369;2313-0369;;"Salud pública"
26028;"Revista Científica SAPIENTIAE";"Universidad Laica Eloy Alfaro de Manabí";1;1;10755;Ecuador;2600-6030;;;"Administración, Ciencias sociales y humanidades, Contabilidad, Trabajo social"
24499;"Revista Científica UISRAEL";"Universidad Tecnológica Israel";1;1;10232;Ecuador;2631-2786;1390-8545;;"Ciencias sociales y humanidades"
26422;"Revista Científica UMH Sapientiae";"Universidad Metropolitana de Honduras";1;1;11214;Honduras;2709-9903;2709-989X;;Multidisciplinarias
29404;"Revista Científica Unanchay.";"Instituto Superior Tecnológico Tecnoecuatoriano";1;1;11651;Ecuador;2953-6707;;;"Ingeniería, Industria"
21759;"Revista científica Universidad Odontológica Dominicana";"Universidad Odontológica Dominicana (UOD). Departamento de Investigación y Posgrado.";1;1;8813;"República Dominicana";2409-5400;2409-5400;;"Medicina, Odontología"
29124;"Revista científica vida natural";"Universidad Autónoma de Chiriquí, Vicerrectoría de Investigación y Posgrado";1;1;11784;Panamá;2992-6424;2992-6424;;"Biología, Ciencias atmosféricas, Química, Ciencias de la tierra, Recursos naturales no renovables, Ciencias naturales"
29953;"Revista Científica Visión Académica";"Red Internacional de Investigación en Conocimiento Avanzado, Ciencia e Innovación para el Desarrollo (RIICACID)";1;1;11904;Ecuador;3103-1536;3103-1536;;Multidisciplinarias
25952;"Revista Científica y Arbitrada de Ciencias Sociales y Trabajo Social ´´TEJEDORA´´";"Universidad Laica Eloy Alfaro de Manabí";1;1;10736;Ecuador;2697-3626;;;"Administración, Sociología, Estudios locales, Trabajo social, Derechos humanos"
26209;"Revista Científica y Arbitrada de Psicología NUNA YACHAY";"Universidad Laica Eloy Alfaro de Manabí";1;1;10800;Ecuador;2697-3588;;;"Farmacología, Genética, Psicología"
27233;"Revista Científica y Técnica Agropecuaria, Agroindustrial y Ambiental.";"Facultad de Ciencias Agrarias Universidad Nacional de Lomas de Zamora";1;1;11353;Argentina;2796-9142;2796-9142;;"Agronomía, Ganadería, Edafología, Zootecnia"
21351;"Revista Científica y Tecnológica UPSE";"Universidad Estatal Península de Santa Elena";1;1;8539;Ecuador;1390-7697;1390-7638;;"Agronomía, Biología, Ingeniería de comunicaciones, electrónica y control, Medicina, Paleontología, Ciencias naturales"
29085;"Revista Científica Zambos";"Universidad Técnica Luis Vargas Torres de Esmeraldas - Sede Santo Domingo";1;1;11577;Ecuador;3028-8843;;;"Administración, Arte, Ingeniería, Multidisciplinarias, Humanidades, Industria"
13648;"Revista Clínica de la Escuela de Medicina UCR";"Universidad de Costa Rica";1;1;4849;"Costa Rica";2215-2741;2215-2741;;Medicina
29172;"Revista CNJ";"Conselho Nacional de Justiça (CNJ)";1;1;11643;Brasil;2525-4502;2525-4502;;"Derecho y jurisprudencia, Derecho civil, Derecho comparado, Derecho penal, Derecho procesal, Derechos humanos"
23917;"Revista Cognosis";"Universidad Técnica de Manabí";1;1;10054;Ecuador;2588-0578;;;"Arte, Educación, Filosofía"
25228;"Revista colección";"Pontificia Universidad Católica Argentina - Facultad de Ciencias Sociales - Departamento de Ciencias Políticas y Relaciones Internacionales";1;1;10455;Argentina;1850-003X;0328-7998;;"Ciencia política y administración pública, Relaciones internacionales"
26271;"Revista Colegiada de Ciencia";"Universidad de Panamá";1;1;10823;Panamá;2710-7434;2710-7434;;Multidisciplinarias
26587;"Revista Coleta Científica";"Editora Coleta";1;1;10893;Brasil;2763-6496;2763-6496;;Multidisciplinarias
13659;"Revista colombiana de bioética";"Universidad El Bosque";1;1;4856;Colombia;2590-9452;1900-6896;1900-6896;"Biología, Biotecnología, Genética, Medicina, Salud pública, Ciencia y Tecnología"
13661;"Revista colombiana de cancerología";"Instituto Nacional de Cancerología";1;1;4858;Colombia;2346-0199;;0123-9015;Medicina
13664;"Revista colombiana de ciencias hortícolas";"Universidad Pedagógica y Tecnológica de Colombia";1;1;11128;Colombia;2422-3719;2011-2173;2011-2173;Agronomía
18688;"Revista Colombiana de Ciencias Sociales";"Universidad Católica Luis Amigó";1;1;6991;Colombia;2216-1201;2216-1201;;"Ciencias sociales y humanidades"
13667;"Revista Colombiana de Cirugía";"Asociación Colombiana de Cirugía";1;1;4862;Colombia;2619-6107;2011-7582;2011-7582;Cirugía
26773;"Revista Colombiana de Entomología";"Sociedad Colombiana de Entomología y Grupo Editorial Universidad del Valle";1;1;10923;Colombia;2665-4385;0120-0488;0120-0488;"Biología, Ciencias naturales"
13679;"Revista Colombiana de Medicina Física y Rehabilitación";"Asociación Colombiana de Médicina Física y Rehabilitación";1;1;11714;Colombia;2256-5655;0121-0041;0121-0041;"Terapéutica y rehabilitación"
23996;"Revista Colombiana de Nefrología";"Asociación Colombiana de Nefrología e Hipertensión Arterial";1;1;11240;Colombia;2500-5006;2389-7708;2389-7708;Nefrología
13683;"Revista colombiana de ortopedia y traumatología";"Sociedad Colombiana de Cirugía Ortopédica y Traumatología";1;1;11474;Colombia;2256-490X;0120-8845;0120-8845;"Traumatología y ortopedia"
13689;"Revista colombiana de rehabilitación";"Escuela Colombiana de Rehabilitación";1;1;4876;Colombia;2619-5879;1692-1879;1692-1879;"Terapéutica y rehabilitación"
27258;"Revista colombiana de salud ocupacional";"Universidad Libre, Posgrado en Salud Ocupacional";1;1;11385;Colombia;2322-634X;2322-634X;;"Salud pública"
13692;"Revista colombiana de tecnologías de avanzada";"Universidad de Pamplona";1;1;4877;Colombia;2500-8625;1692-7257;1692-7257;"Ingeniería, Ingeniería de comunicaciones, electrónica y control, Ingeniería eléctrica, Tecnología, Inteligencia artificial-robótica, Industria"
25113;"Revista Colón Ciencias, Tecnología y Negocios";"Universidad de Panamá, Centro Regional Universitario de Colón";1;1;10429;Panamá;2313-7819;2313-7819;;"Administración, Contabilidad, Multidisciplinarias, Tecnología, Ciencia y Tecnología, Ciencias exactas, Ciencias naturales"
19663;"Revista complutense de educación";"Ediciones Complutense. Universidad Complutense de Madrid";1;1;7495;España;1988-2793;1130-2496;1130-2496;Educación
26076;"Revista Comunicación, Política y Seguridad.";"Instituto de Investigaciones Gino Germani";1;1;10771;Argentina;2683-7374;2683-7374;;"Antropología, Ciencias de la comunicación, Ciencias sociales y humanidades, Sociología, Televisión, Defensa y seguridad, Criminología"
27693;"Revista Comunicando";"Associação Portuguesa de Ciências da Comunicação (Sopcom).";1;1;11179;Portugal;2182-4037;2182-4037;;"Ciencias de la comunicación, Ciencias de la información, Ciencias sociales y humanidades, Multidisciplinarias"
29894;"Revista Con-Secuencias";"Editorial Nuevo Enfoque";1;1;11826;"El Salvador";2791-1160;2791-1160;;Multidisciplinarias
26040;"Revista conexiones.";"Universidad de la Cuenca del Plata";1;1;11219;Argentina;2591-3344;1850-535X;;Multidisciplinarias
28805;"Revista Confluencia (Santiago)";"Universidad del Desarrollo";1;1;11627;Chile;2735-6027;2735-6027;;Medicina
22092;"Revista contenciosa";"Universidad Nacional del Litoral. Facultad de Humanidades y Ciencias. Centro de Estudios Sociales Interdisciplinarios del Litoral.";1;1;9041;Argentina;2347-0011;2347-0011;;"Ciencias sociales y humanidades, Historia, Humanidades"
22944;"Revista Controle";"Tribunal de Contas do Estado do Ceará (TCE CE)";1;1;9553;Brasil;2525-3387;1980-086X;;"Administración, Ciencia política y administración pública, Contabilidad, Derecho público, Desarrollo económico, Finanzas, Derecho fiscal, Planificación urbana"
28171;"Revista Costarricense de Orientación.";"Colegio de Profesionales de Orientación de Costa Rica";1;1;11809;"Costa Rica";2215-6615;2215-6615;;Educación
13730;"Revista Costarricense de Psicología";"Colegio Profesional de Psicólogos de Costa Rica";1;1;4898;"Costa Rica";1659-2913;0257-1439;0257-1439;Psicología
13732;"Revista Costarricense de Trabajo Social";"Colegio de Trabajadores Sociales de Costa Rica";1;1;4899;"Costa Rica";2215-5120;1409-1763;1409-1763;"Trabajo social"
28586;"Revista Cotopaxi Tech.";"Instituto Superior Universitario Cotopaxi";1;1;11410;Ecuador;2806-5573;2806-5573;;"Educación, Ingeniería industrial, Trabajo social"
13735;"Revista criminalidad";"Policía Nacional de Colombia Dirección de Investigación Criminal e Interpol";1;1;4900;Colombia;2256-5531;1794-3108;1794-3108;"Ciencia política y administración pública, Ciencias sociales y humanidades, Derecho penal, Sociología, Defensa y seguridad, Criminología"
13736;"Revista Criterios";"Publicaciones Unimar";1;1;4901;Colombia;2256-1161;2256-1161;2011-5733;Multidisciplinarias
24238;"Revista cubana de administración pública y empresarial";"Escuela Superior de Cuadros del estado y del Gobierno";1;1;10177;Cuba;2664-0856;;;"Administración, Ciencia política y administración pública, Economía, Educación, Economía de la empresa"
13747;"Revista cubana de anestesiología y reanimación";"Editorial de Ciencias Médicas";1;1;4906;Cuba;1726-6718;;;"Anestesiología, Cirugía"
25897;"Revista cubana de cardiología y cirugía cardiovascular";"Instituto Cubano de Cardiología y Cirugía Cardiovascular";1;1;10714;Cuba;1561-2937;0864-2168;;"Cardiología, Cirugía"
21494;"Revista Cubana de Ciencias Forestales";"Universidad de Pinar del Río ""Hermanos Saíz Montes de Oca"", Facultad de Ciencias Forestales y Agropecuaria y el  Centro de Estudios Forestales (CEF)";1;1;8638;Cuba;2310-3469;2310-3469;;"Agronomía, Ciencias de la tierra"
13755;"Revista cubana de cirugía";"Editorial Ciencias Médicas";1;1;4912;Cuba;1561-2945;0034-7493;0034-7493;"Cirugía, Medicina"
13762;"Revista cubana de estomatología";"Editorial Ciencias Médicas";1;1;4916;Cuba;1561-297X;0034-7507;0034-7507;Odontología
13768;"Revista Cubana de Hematología, Inmunología y Hemoterapia";"Editorial Ciencias Médicas";1;1;4919;Cuba;1561-2996;0864-0289;;"Inmunología, Medicina"
13769;"Revista Cubana de Higiene y Epidemiología";"Instituto Nacional de Higiene, Epidemiología y Microbiología de Cuba, Sociedad Cubana de Higiene y Epidemiología";1;1;4920;Cuba;1561-3003;0253-1151;0253-1151;"Epidemiología, Medicina, Salud pública"
21332;"Revista Cubana de Información en Ciencias de la Salud";"Centro Nacional de Información de Ciencias Médicas";1;1;8530;Cuba;2307-2113;;;"Ciencias de la información, Medicina"
13770;"Revista Cubana de Ingeniería";"Universidad Tecnológica de la Habana José Antonio Echeverría-Cujae";1;1;4921;Cuba;2223-1781;2223-1781;;"Ingeniería civil, Ingeniería eléctrica, Ingeniería industrial, Ingeniería mecánica, Ingeniería hidráulica, Ingeniería de transportes"
13771;"Revista cubana de investigaciones biomédicas";"Sociedad Cubana de Ciencias Básicas Biomédicas";1;1;4922;Cuba;1561-3011;0864-0300;;"Fisiología, Medicina"
13773;"Revista Cubana de Medicina";"Sociedad Cubana de Medicina";1;1;4924;Cuba;1561-302X;0034-7523;0034-7523;"Medicina, Salud pública"
13777;"Revista Cubana de Medicina Intensiva y Emergencias";"Sociedad Cubana de Medicina Intensiva y de Emergencias, Grupo Nacional de Medicina Intensiva y de Emergencias.";1;1;4928;Cuba;1810-2352;1810-2352;;Medicina
13775;"Revista cubana de medicina militar";"Universidad de Ciencias Médicas de las FAR";1;1;4926;Cuba;1561-3046;0138-6557;;Medicina
20143;"Revista cubana de reumatología";"Sociedad Cubana de Reumatología, Grupo Nacional de Reumatología";1;1;7845;Cuba;1817-5996;1606-5581;;"Reumatología, Terapéutica y rehabilitación, Traumatología y ortopedia"
27886;"Revista Cubana de Tecnología de la Salud";"Facultad de Tecnología de la Salud, Editorial de Ciencias Médicas";1;1;11514;Cuba;2218-6719;2218-6719;;"Salud pública"
26165;"Revista Cubana de Transformación Digital";"Unión de Informáticos de Cuba";1;1;11264;Cuba;2708-3411;2708-3411;;"Tecnología, Telecomunicaciones"
20916;"Revista Cubana de Urología";"Editorial Ciencias Médicas";1;1;11322;Cuba;2305-7939;2305-7939;;Medicina
19671;"Revista Cuidarte";"Universidad de Santander";1;1;7503;Colombia;2346-3414;2216-0973;2216-0973;Enfermería
13963;"Revista d'arqueología de Ponent";"Universitat de Lleida, Departament d'Historia, Seccio d'Arquologia, Prehistoria i Historia Antiga";1;1;4978;España;2385-4723;;1131-883X;Arqueología
15328;"Revista d'estudis autonòmics i federals";"Institut d'Estudis de l'Autogovern. Generalitat de Catalunya";1;1;5560;España;2014-8658;1886-2632;1886-2632;"Ciencia política y administración pública, Derecho público"
15345;"Revista d'innovació docent universitària";"Universitat de Barcelona";1;1;11048;España;2013-2298;2013-2298;2014-1319;"Educación, Educación superior"
22133;"Revista da ANPEGE";"Associação Nacional de Pós-Graduação e Pesquisa em Geografia (ANPEGE)";1;1;9068;Brasil;2317-6024;1679-768X;;Geografía
26741;"Revista da Defensoria Pública da União";"Defensoria Pública da União (DPU)";1;1;10916;Brasil;2448-4555;1984-0322;;"Ciencias sociales y humanidades, Derecho y jurisprudencia, Derecho civil, Derecho internacional, Derecho mercantil, Derecho penal, Derecho público, Derecho procesal, Estudios locales, Derechos humanos, Estudios regionales"
24682;"Revista da Defensoria Pública do Distrito Federal";"Defensoria Pública do Distrito Federal (DPDF)";1;1;10275;Brasil;2674-5755;2674-5739;;"Ciencias sociales y humanidades, Derecho y jurisprudencia, Sociología"
20918;"Revista da Escola de Guerra Naval";"Escola de Guerra Naval (EGN)";1;1;8369;Brasil;2359-3075;1809-3191;1809-3191;"Ciencia política y administración pública, Derecho internacional, Historia, Relaciones internacionales, Defensa y seguridad"
13871;"Revista da Faculdade de Direito da Universidade Federal de Minas Gerais";"Universidade Federal de Minas Gerais (UFMG)";1;1;11764;Brasil;1984-1841;0304-2340;0304-2340;"Derecho y jurisprudencia"
21887;"Revista da FAEEBA";"Universidade do Estado da Bahia (UNEB)";1;1;8914;Brasil;2358-0194;0104-7043;;"Ciencias sociales y humanidades, Educación"
13974;"Revista de Administração Contemporânea";"Associação Nacional dos Programas de Pós-Graduação em Administração (ANPAD)";1;1;4983;Brasil;1982-7849;1415-6555;1415-6555;Administración
14001;"Revista de análisis económico";"Instituto Latinoamericano de Doctrina y Estudios Sociales, Programa de Postgrado en Economía";1;1;4996;Chile;0718-8870;0716-5927;0716-5927;Economía
24766;"Revista de análisis económico y financiero";"Universidad de San Martin de Porres.  Facultad de Ciencias Contables, Económicas y Financieras";1;1;10308;Perú;2663-8908;2617-9989;2617-9989;Economía
28097;"Revista de análisis y difusión de perspectivas educativas y empresariales";"Universidad San Ignacio de Loyola, Paraguay";1;1;11883;Paraguay;2789-0899;2789-0899;;"Administración, Contabilidad, Economía, Economía de la empresa, Finanzas, Educación superior"
14010;"Revista de Antropologia";"Universidade de São Paulo (USP)";1;1;5002;Brasil;1678-9857;0034-7701;0034-7701;Antropología
19678;"Revista de antropología social";"Servicio de publicaciones. Universidad Complutense";1;1;7510;España;1988-2831;1131-558X;1131-558X;Antropología
26491;"Revista de antropología visual.";"Servicio Nacional del Patrimonio Cultural, Ministerio de las Culturas, las Artes y el Patrimonio, Departamento/Área  	Centro de Investigaciones Diego Barros Arana, Biblioteca Nacional Naturaleza de la Institución	Institución Pública";1;1;11618;Chile;2452-5189;2452-5189;;"Antropología, Arte, Cultura"
21628;"Revista de antropología y filosofía de lo sagrado";"UMA Editorial. Universidad de Málaga";1;1;8721;España;2603-6053;2530-1233;2530-1233;"Antropología, Literatura, Filología"
26885;"Revista de arqueología histórica argentina y latinoamericana.";"Asociación de Arqueólogos Profesionales de la República Argentina";1;1;11029;Argentina;2344-9918;1851-3190;1851-3190;"Antropología, Arqueología, Etnología, Historia, Estudios latinoamericanos"
22778;"Revista de arquitectura";"Universidad de Chile. Facultad de Arquitectura y Urbanismo";1;1;9442;Chile;0719-5427;0716-8772;;Arquitectura
14022;"Revista de arquitectura";"Universidad Católica de Colombia";1;1;5011;Colombia;2357-626X;1657-0308;1657-0308;"Arquitectura, Urbanismo, Industria"
14037;"Revista de Bioética y Derecho";"Universidad de Barcelona, Observatorio de Bioética y Derecho";1;1;5018;España;1886-5887;1886-5887;;"Derecho civil, Multidisciplinarias"
14042;"Revista de biología marina y oceanografía";"Universidad de Valparaíso, Facultad de Ciencias del Mar";1;1;5021;Chile;0718-1957;0717-3326;0717-3326;"Biología, Ecología, Oceanografía"
14043;"Revista de Biología Tropical";"Universidad de Costa Rica";1;1;5022;"Costa Rica";2215-2075;0034-7744;0034-7744;"Biología, Botánica, Ecología, Zoología, Recursos naturales no renovables"
20516;"Revista de cancioneros impresos y manuscritos";"Universidad de Alicante";1;1;8121;España;2254-7444;2254-7444;;Literatura
27800;"Revista de Ciência e Inovação do IF Farroupilha";"Instituto Federal de Educação, Ciência e Tecnologia Farroupilha (IFFar)";1;1;11720;Brasil;2448-4091;2448-4083;;Multidisciplinarias
27145;"Revista de ciencia e investigación en defensa";"Centro de Altos Estudios Nacionales";1;1;10995;Perú;2709-1422;2709-1422;;"Defensa y seguridad"
14054;"Revista de ciencia política";"Pontificia Universidad Católica de Chile. Instituto de Ciencia Política";1;1;5027;Chile;0718-090X;0716-1417;0716-1417;"Ciencia política y administración pública"
14059;"Revista de ciencia y tecnología";"Universidad Nacional de Misiones. Facultad de Ciencias Exactas, Químicas y Naturales. Secretaria de Investigacion y Postgrado.";1;1;5029;Argentina;1851-7587;0329-8922;0329-8922;"Biología, Multidisciplinarias, Ciencias de la tierra, Ciencia y Tecnología"
6486;"Revista de ciencia y tecnología, El Higo (En línea)";"Universidad Nacional de Ingeniería";1;1;2104;Nicaragua;2413-1911;;;Agronomía
24704;"Revista de Ciências Agrárias";"Universidade Federal Rural da Amazônia (UFRA)";1;1;10284;Brasil;2177-8760;1517-591X;1517-591X;"Agronomía, Silvicultura, Veterinaria, Zootecnia, Medio ambiente"
14073;"Revista de ciencias agrícolas";"Universidad de Nariño";1;1;5033;Colombia;2256-2273;0120-0135;0120-0135;Agronomía
26070;"Revista de Ciencias Agropecuarias ALLPA";"Universidad Laica Eloy Alfaro de Manabí";1;1;10769;Ecuador;2600-5883;;;"Agronomía, Ganadería, Química, Tecnología de alimentos, Veterinaria, Medio ambiente"
767;"Revista de ciencias ambientales";"Universidad Nacional, Facultad de la Tierra y el Mar, Escuela de Ciencias Ambientales";1;1;290;"Costa Rica";2215-3896;1409-2158;1409-2158;"Biología, Ecología, Ciencias de la tierra, Recursos naturales no renovables"
26011;"Revista de ciencias de la comunicación e información";"HISIN -Historia de los Sistemas Informativos-";1;1;10749;España;2695-5016;2695-5016;;"Ciencias de la comunicación"
26110;"Revista de Ciencias del Mar y Acuicultura YAKU";"Universidad Laica Eloy Alfaro de Manabí";1;1;10776;Ecuador;2600-5824;;;"Biología, Bioquímica, Oceanografía"
24507;"Revista de Ciências do Estado";"Universidade Federal de Minas Gerais (UFMG)";1;1;10235;Brasil;2525-8036;2525-8036;;"Derecho público, Estudios locales, Hacienda pública, Estudios de género"
19199;"Revista de Ciencias Económicas";"Universidad de Costa Rica, Facultad de Ciencias Económicas";1;1;7192;"Costa Rica";2215-3489;0252-9521;0252-9521;"Economía, Economía de la empresa, Estadística, Planeación económica"
22580;"Revista de ciencias empresariales";"Cordoba Management School, Escuela de Negocios de la Universidad Blas Pascal";1;1;9301;Argentina;2468-9807;2468-9785;2468-9785;"Economía de la empresa"
23322;"Revista de Ciencias Forenses de Honduras";"Dirección de Medicina Forense";1;1;9750;Honduras;2413-1067;2413-1067;2412-8058;"Anatomía, Medicina, Microbiología, Salud pública, Medicina legal"
21329;"Revista de Ciencias Jurídicas";"Universidad de Costa Rica";1;1;8528;"Costa Rica";2215-5155;0034-7787;0034-7787;"Derecho y jurisprudencia"
14120;"Revista de ciencias médicas de Pinar del Río";"Universidad de Ciencias Médicas de Pinar del Río";1;1;5052;Cuba;1561-3194;1561-3194;;"Medicina, Salud pública"
14125;"Revista de ciencias penales de Costa Rica";"Asociación de Ciencias Penales de Costa Rica";1;1;11939;"Costa Rica";2215-6704;2215-6704;;"Derecho penal"
23021;"Revista de ciencias sociales";"Universidad de Valparaíso. Facultad de Derecho y Ciencias Sociales";1;1;9601;Chile;0719-8442;0716-7725;;"Ciencias sociales y humanidades"
14135;"Revista de Ciencias Sociales";"Universidad de Costa Rica, Instituto de Investigaciones Sociales";1;1;5056;"Costa Rica";2215-2601;0482-5276;0482-5276;"Ciencias sociales y humanidades, Sociología, Estudios latinoamericanos, Trabajo social, Estudios de género"
14137;"Revista de ciencias sociales";"Universidad de la República, Facultad de Ciencias Sociales, Departamento de Sociología";1;1;5058;Uruguay;1688-4981;0797-5538;0797-5538;"Ciencias sociales y humanidades, Economía, Sociología, Humanidades, Estudios latinoamericanos, Trabajo social"
14132;"Revista de ciencias sociales - Universidad del Zulia. Facultad de Ciencias Económicas y Sociales";"Universidad del Zulia, Facultad de Ciencias Económicas y Sociales, Instituto de Investigaciones.";1;1;5055;Venezuela;2477-9431;1315-9518;1315-9518;"Administración, Ciencia política y administración pública, Economía, Sociología, Economía de la empresa, Economía internacional, Planeación económica"
27120;"Revista de Ciencias Sociales y Económicas.";"Universidad Técnica Estatal de Quevedo";1;1;11621;Ecuador;2588-0594;;;"Ciencias de la comunicación, Derecho y jurisprudencia, Economía, Educación, Psicología, Sociología"
24831;"Revista de ciencias tecnológicas";"Universidad Autónoma de Baja California";1;1;11604;México;2594-1925;2594-1925;;Tecnología
24255;"Revista de cirugía";"Sociedad de Cirujanos de Chile";1;1;10181;Chile;2452-4549;2452-4549;2452-4557;"Cirugía, Medicina"
14155;"Revista de Comunicación";"Universidad de Piura, Facultad de Comunicación";1;1;5065;Perú;2227-1465;1684-0933;1684-0933;"Ciencias de la comunicación, Ciencias de la información, Ciencias sociales y humanidades"
14824;"Revista de comunicación de la SEECI";"Universidad Complutense de Madrid";1;1;5373;España;1576-3420;1575-9628;1575-9628;"Ciencias de la comunicación, Sociología"
14159;"Revista de Contabilidad = Spanish Accounting Review";"Universidad de Murcia";1;1;5068;España;1988-4672;1138-4891;1138-4891;"Contabilidad, Economía"
14160;"Revista de contabilidad y tributación. Comentarios, casos prácticos";"Centro de Estudios Financieros";1;1;5069;España;2531-2138;2531-2138;1138-9540;"Contabilidad, Economía, Finanzas, Derecho fiscal"
14163;"Revista de Contabilidade e Organizações";"Universidade de São Paulo (USP)";1;1;5071;Brasil;1982-6486;1982-6486;;Contabilidad
25727;"Revista de Cultura de Paz";"Universidad Técnica Particular de Loja";1;1;10642;Ecuador;2631-2700;;;"Cultura, Educación, Planificación del desarrollo, Derechos humanos"
23878;"Revista de Culturas y Literaturas Comparadas";"Facultad de Lenguas. Universidad Nacional de Córdoba";1;1;10037;Argentina;2591-3883;1852-4737;;"Cultura, Literatura, Humanidades"
21665;"Revista de Defesa da Concorrência";"Conselho Administrativo de Defesa Econômica (CADE)";1;1;8747;Brasil;2318-2253;2318-2253;;"Derecho mercantil, Derecho público, Economía, Desarrollo económico"
14177;"Revista de derecho";"Escuela de Derecho";1;1;5078;Chile;0718-9753;0717-5345;0717-5345;"Derecho agrario, Derecho civil, Derecho internacional, Derecho marítimo, Derecho procesal, Derecho fiscal"
14202;"Revista de derecho";"Universidad Católica del Uruguay";1;1;5092;Uruguay;2393-6193;1510-3714;1510-3714;"Derecho y jurisprudencia, Derecho civil, Derecho comparado, Derecho internacional, Derecho público"
14176;"Revista de derecho";"Universidad de Concepción. Facultad de Ciencias Jurídicas y Sociales";1;1;5077;Chile;0718-591X;0303-9986;0303-9986;"Derecho y jurisprudencia, Derecho penal, Derecho procesal"
14178;"Revista de Derecho";"Universidad de Piura, Facultad de Derecho";1;1;5079;Perú;2664-3669;1608-1714;1608-1714;"Derecho y jurisprudencia, Derecho civil"
14181;"Revista de derecho";"Facultad de Ciencias Jurídicas y Sociales";1;1;5081;Chile;0718-0950;0716-9132;0716-9132;"Derecho y jurisprudencia"
14172;"Revista de Derecho";"Universidad Centroamericana. Facultad de Ciencias Jurídicas";1;1;5075;Nicaragua;2409-1685;;1993-4505;"Derecho civil, Derecho laboral, Derecho mercantil, Derecho público, Derecho procesal, Derecho fiscal"
14182;"Revista de derecho";"Pontificia Universidad Católica de Valparaíso";1;1;5082;Chile;0718-6851;0716-1883;0716-1883;"Derecho y jurisprudencia, Derecho civil, Derecho comparado, Derecho penal"
14171;"Revista de derecho";"Universidad Nacional Autónoma de Honduras";1;1;5074;Honduras;2521-5159;2309-5296;2309-5296;"Derecho civil, Derecho comparado, Derecho fiscal"
26002;"Revista de Derecho";"Facultad de Ciencias Jurídicas y Políticas. Universidad Nacional del Altiplano";1;1;10746;Perú;2707-9651;2313-6944;;"Ciencia política y administración pública, Derecho y jurisprudencia, Derecho agrario, Derecho civil, Derecho comparado, Derecho internacional, Derecho laboral, Derecho marítimo, Derecho mercantil, Derecho penal, Derecho público, Derecho procesal, Derecho fiscal, Derechos humanos"
29317;"Revista de derecho";"Universidad Centro Latinoamericano de Economía Humana";1;1;11669;Uruguay;2982-4257;2982-4257;;"Derecho y jurisprudencia, Derecho comparado, Derecho internacional, Derecho público, Derecho procesal"
27757;"Revista de derecho - Universidad Católica de la Santísima Concepción (En línea)";"UNIVERSIDAD CATOLICA DE LA SANTISIMA CONCEPCION";1;1;11243;Chile;2735-6337;0717-0599;0717-0599;"Derecho procesal"
14173;"Revista de Derecho - Universidad de Montevideo. Facultad de Derecho";"Universidad de Montevideo, Facultad de Derecho";1;1;5076;Uruguay;2301-1610;1510-5172;1510-5172;"Derecho y jurisprudencia"
23640;"Revista de derecho - Universidad San Sebastián";"Universidad San Sebastián, Facultad de Derecho";1;1;9932;Chile;0719-9376;0719-9376;;"Derecho agrario, Derecho civil, Derecho internacional, Derecho marítimo, Derecho procesal, Derecho fiscal"
14189;"Revista de derecho ambiental";"Universidad de Chile. Facultad de Derecho. Centro de Derecho Ambiental";1;1;5085;Chile;0719-4633;0718-0101;0718-0101;"Derecho y jurisprudencia, Ecología, Recursos naturales no renovables"
26062;"Revista de derecho aplicado LLM UC";"Pontificia Universidad Católica de Chile. Facultad de Derecho";1;1;10767;Chile;2452-4344;2452-4344;;"Derecho agrario, Derecho civil, Derecho internacional, Derecho marítimo, Derecho procesal, Derecho fiscal"
21400;"Revista de derecho civil";"Notyreg Hispania, S.L.";1;1;8574;España;2341-2216;2341-2216;;"Derecho civil"
14195;"Revista de derecho comunitario europeo";"Centro de Estudios Políticos y Constitucionales";1;1;5088;España;1989-5569;1138-4026;1138-4026;"Derecho y jurisprudencia, Derecho internacional"
26371;"Revista de derecho del sistema financiero";"Thomson Reuters Aranzadi";1;1;11339;España;2695-9569;2695-9534;;"Derecho y jurisprudencia, Derecho civil, Derecho comparado, Derecho mercantil, Derecho público"
26608;"Revista de derecho económico";"Departamento de Derecho Económico, Facultad de Derecho";1;1;11363;Chile;0719-7462;0716-310X;0716-310X;"Contabilidad, Desarrollo económico, Finanzas"
14210;"Revista de Derecho Electoral";"Tribunal Supremo de Elecciones de Costa Rica";1;1;5096;"Costa Rica";1659-2069;1659-2069;;"Ciencia política y administración pública, Derecho civil, Derecho público"
28093;"Revista de Derecho Fiscal";"Universidad externado de colombia";1;1;11445;Colombia;2346-2434;1692-6722;;"Derecho fiscal"
14218;"Revista de derecho penal y criminología";"Universidad Nacional de Educación a Distancia, Facultad de Derecho";1;1;5100;España;2255-3533;1132-9955;1132-9955;"Derecho y jurisprudencia, Criminología"
14221;"Revista de derecho político";"Universidad Nacional de Educación a Distancia, Departamento de Derecho Constitucional";1;1;5101;España;2174-5625;0211-979X;0211-979X;"Derecho público"
14223;"Revista de derecho privado";"Universidad Externado de Colombia, Departamento de Publicaciones";1;1;5103;Colombia;2346-2442;0123-4366;0123-4366;"Derecho y jurisprudencia"
27084;"Revista de derecho procesal del trabajo";"Poder Judicial del Perú";1;1;11097;Perú;2708-9274;2708-9274;;"Derecho laboral"
25464;"Revista de derecho público";"Marcial Pons";1;1;11055;España;2695-7191;2695-7191;;"Derecho público"
21933;"Revista de derecho UNED";"Universidad Nacional de Educación a Distancia";1;1;8942;España;2255-3436;1886-9912;;"Derecho y jurisprudencia"
29027;"Revista de derecho y ciencia política";"Universidad Nacional Mayor de San Marcos, Facultad de de Derecho y Ciencia Política";1;1;11563;Perú;3028-9343;0034-7949;0034-7949;"Derecho y jurisprudencia"
21579;"Revista de Direito";"Universidade Federal de Viçosa (UFV)";1;1;11943;Brasil;2527-0389;1806-8790;1806-8790;Filosofía
23870;"Revista de Direito da Faculdade Guanambi";"Centro Universitário FG (UniFG)";1;1;10035;Brasil;2447-6536;2447-6536;;"Derecho y jurisprudencia"
22767;"Revista de Direito Econômico e Socioambiental";"Pontifícia Universidade Católica do Paraná (PUCPR)";1;1;9437;Brasil;2179-8214;2179-345X;;"Derecho y jurisprudencia, Derecho agrario, Derecho público, Desarrollo económico, Derechos humanos"
19690;"Revista de Direito Sanitário";"Universidade de São Paulo (USP)";1;1;7521;Brasil;2316-9044;1516-4179;1516-4179;"Derecho y jurisprudencia"
28195;"Revista de Ecocardiografía Práctica y Otras Técnicas de Imagen Cardíaca - RETIC";"Grupo Editorial CTO";1;1;11302;España;2529-976X;2529-976X;;Cardiología
14283;"Revista de economía";"Universidad Autónoma de Yucatán, Facultad de Economía";1;1;5129;México;2395-8715;0188-266X;0188-266X;Economía
26663;"Revista de Economia";"Universidade Federal do Paraná (UFPR)";1;1;10905;Brasil;2316-9397;0556-5782;0556-5782;"Economía, Desarrollo económico, Econometría, Economía de la empresa, Economía internacional, Economía agrícola"
14287;"Revista de economia contemporânea";"Universidade Federal do Rio de Janeiro (UFRJ)";1;1;5133;Brasil;1980-5527;1415-9848;1415-9848;Economía
14288;"Revista de Economía Crítica";"Asociación Cultural de Economía Crítica";1;1;5134;España;2013-5254;1696-0866;;Economía
14293;"Revista de economia e sociologia rural";"Sociedade Brasileira de Economia e Sociologia Rural";1;1;5137;Brasil;1806-9479;0103-2003;0103-2003;"Agronomía, Sociología, Economía agrícola"
14295;"Revista de economía institucional";"Universidad Externado de Colombia";1;1;11269;Colombia;2346-2450;0124-5996;0124-5996;Economía
14298;"Revista de economía mundial";"Sociedad de Economía Mundial; Universidad de Huelva, Servicio de Publicaciones";1;1;5140;España;2340-4264;1576-0162;1576-0162;"Economía, Economía internacional"
14300;"Revista de economía política de Buenos Aires";"Universidad de Buenos Aires. Facultad de Ciencias Económicas";1;1;5141;Argentina;1853-1350;1850-6933;1850-6933;"Economía, Planeación económica"
28214;"Revista de Economía y Estadística";"Instituto de Economía y Finanzas, Facultad de Ciencias Económicas, Universidad Nacional de Códoba.";1;1;11309;Argentina;2451-7321;0034-8066;0034-8066;"Economía, Multidisciplinarias, Desarrollo económico, Econometría, Estadística"
25296;"Revista de Educação Física";"Centro de Capacitação Física do Exército (CCFEx)";1;1;10501;Brasil;2447-8946;2447-8946;;"Epidemiología, Fisiología"
23845;"Revista de educação geográfica - UP";"Faculdade de Letras da Universidade do Porto";1;1;10025;Portugal;2184-0091;2184-0091;;Geografía
24530;"Revista de Educação Matemática";"Sociedade Brasileira de Educação Matemática (SBEM)";1;1;10243;Brasil;2526-9062;1676-8868;;"Educación, Pedagogía, Educación primaria, Educación superior"
14310;"Revista de Educação Popular";"Universidade Federal de Uberlândia (UFU)";1;1;5146;Brasil;1982-7660;1678-5622;1678-5622;"Cultura, Educación, Salud pública"
19937;"Revista de Educação Pública";"Universidade Federal de Mato Grosso (UFMT)";1;1;7711;Brasil;2238-2097;0104-5962;0104-5962;Educación
14314;"Revista de educación";"Ministerio de Educación y Formación Profesional, Secretaría General Técnica, Subdirección General de Atención al Ciudadano, Documentación y Publicaciones";1;1;5148;España;1988-592X;0034-8082;0034-8082;Educación
14316;"Revista de educación";"Editorial de la Universidad Nacional de Mar del Plata";1;1;5149;Argentina;1853-1326;1853-1318;1853-1318;"Educación, Pedagogía"
24993;"Revista de educación ambiental y sostenibilidad";"Servicio de Publicaciones de la UCA";1;1;11971;España;2659-708X;2659-708X;;"Educación, Medio ambiente, Ciencias naturales"
6365;"Revista de Educación de la Universidad de Costa Rica";"Universidad de Costa Rica, Facultad de Educación";1;1;2060;"Costa Rica";2215-2644;0379-7082;0379-7082;Educación
27309;"Revista de Educación e Investigación en Emergencias";Permanyer;1;1;11033;España;2604-6520;2604-6520;;"Farmacología, Geriatría, Medicina, Pediatría, Toxicología"
14321;"Revista de educación en biología";"Asociación de Docentes en Ciencias Biológicas de la Argentina";1;1;5151;Argentina;2344-9225;0329-5192;0329-5192;"Biología, Educación"
28506;"Revista de educación en cuidados críticos";PERMANYER;1;1;11572;"El Salvador";2938-1304;2938-1304;;Medicina
14327;"Revista de educación inclusiva";"Universidad de Almería";1;1;5155;España;1989-4643;1889-4208;1889-4208;Educación
25742;"Revista de educación matemática.";"Universidad Nacional de Córdoba, Facultad de Matemática, Astronomía, Física y Computación.";1;1;10646;Argentina;1852-2890;0326-8780;;Matemáticas
25435;"Revista de educación religiosa";"Instituto Escuela de la Fe, Universidad Finis Terrae";1;1;10560;Chile;2452-5936;2452-4379;2452-4379;"Educación, Religión, Educación superior"
14333;"Revista de educación y derecho";"Universidad de Barcelona";1;1;5157;España;2386-4885;2013-584X;;"Derecho y jurisprudencia, Educación superior"
14336;"Revista de El Colegio de San Luis";"El Colegio de San Luis A.C.";1;1;5159;México;2007-8846;1665-899X;1665-899X;"Ciencias sociales y humanidades"
19695;"Revista de Enfermagem da UFPI";"Universidade Federal do Piauí (UFPI)";1;1;7524;Brasil;2238-7234;2238-7234;;"Epidemiología, Psiquiatría, Salud pública, Terapéutica y rehabilitación, Enfermería"
14347;"Revista de enfermería neurológica";Permanyer;1;1;5169;México;2954-3428;1870-6592;1870-6592;"Multidisciplinarias, Enfermería"
25202;"Revista de Enfermería Vascular";"Asociación Española de Enfermería Vascular y Heridas";1;1;10450;España;2604-1065;2604-1065;;Enfermería
14350;"Revista de enseñanza de la física";"Asociación de Profesores de Física de la Argentina.";1;1;5170;Argentina;2250-6101;0326-7091;0326-7091;"Educación, Física"
25700;"Revista de Ensino de Biologia da SBEnBio";"Associação Brasileira de Ensino de Biologia (SBEnBio)";1;1;10634;Brasil;2763-8898;2763-8898;;"Educación, Humanidades"
14352;"Revista de Ensino de Ciências e Matemática";"Universidade Cruzeiro do Sul";1;1;5172;Brasil;2179-426X;2179-426X;;Matemáticas
25455;"Revista de Ensino em Artes, Moda e Design";"Universidade do Estado de Santa Catarina (UDESC)";1;1;11131;Brasil;2594-4630;2594-4630;;Arte
14360;"Revista de estilos de aprendizaje";editorialREA@gmail.com;1;1;5175;España;1988-8996;1988-8996;;Educación
20298;"Revista de estudios andaluces";"Universidad de Sevilla, Servicio de Publicaciones";1;1;7968;España;2340-2776;0212-8594;;Geografía
22019;"Revista de estudios brasileños";Universia;1;1;9000;España;2386-4540;2386-4540;;"Ciencias sociales y humanidades, Derecho y jurisprudencia, Estudios latinoamericanos"
23460;"Revista de estudios clásicos";"Instituto de Lenguas y Literaturas Clásicas; Facultad de Filosofía y Letras; Universidad Nacional de Cuyo";1;1;9824;Argentina;2469-0643;0325-3465;;"Filosofía, Lingüística, Literatura, Humanidades, Teatro, Filología"
14374;"Revista de estudios de género. La ventana";"Universidad de Guadalajara, Centro de Estudios de Género";1;1;5181;México;2448-7724;1405-9436;1405-9436;"Estudios de género"
14376;"Revista de estudios de la administración local y autonómica";"Instituto Nacional de Administración Pública – INAP";1;1;5182;España;1989-8975;1699-7476;1699-7476;"Administración, Ciencia política y administración pública, Derecho y jurisprudencia"
15528;"Revista de estudios de la justicia";"Universidad de Chile. Facultad de Derecho. Centro de Estudios de la Justicia";1;1;5637;Chile;0718-4735;0718-0853;;"Derecho civil, Derecho internacional, Derecho público, Derecho procesal, Desarrollo económico, Derecho fiscal"
23221;"Revista de estudios empresariales";"Universidad de Jaén";1;1;9690;España;1988-9046;0213-8964;;"Contabilidad, Economía, Econometría, Economía de la empresa, Finanzas, Hacienda pública"
14385;"Revista de estudios histórico-jurídicos";"Pontificia Universidad Católica de Valparaíso";1;1;5189;Chile;0717-6260;0716-5455;0716-5455;"Derecho y jurisprudencia, Derecho penal, Historia"
28365;"Revista de estudios interdisciplinarios del arte, diseño y la cultura";"Universidad Nacional Autónoma de México, Facultad de Estudios Superiores Cuautitlán";1;1;11590;México;2992-7552;2992-7552;;"Arte, Cultura, Diseño, Humanidades"
14391;"Revista de Estudios Internacionales Mediterráneos";"Taller de Estudios Internacionales Mediterráneos, Departamento de Estudios Árabes e Islámicos";1;1;5191;España;1887-4460;1887-4460;;"Ciencias sociales y humanidades, Relaciones internacionales"
26383;"Revista de estudios jurídicos laborales y de seguridad social";"Universidad de Málaga";1;1;11106;España;2660-437X;2660-437X;;"Derecho y jurisprudencia, Derecho laboral, Economía de la empresa"
23498;"Revista de estudios Kantianos";"Servicio de Publicaciones de la Universitat de València";1;1;11341;España;2445-0669;2445-0669;;Filosofía
20022;"Revista de estudios latinos";"Sociedad de Estudios Latinos";1;1;7768;España;2255-5056;1578-7486;1578-7486;"Lingüística, Literatura, Humanidades, Filología"
23229;"Revista de estudios marítimos y sociales";"Universidad Nacional de Mar del Plata; Grupo de Estudios Marítimos y Sociales";1;1;9694;Argentina;2545-6237;1852-0669;;Historia
14400;"Revista de estudios políticos";"Centro de Estudios Constitucionales";1;1;5194;España;1989-0613;0048-7694;0048-7694;"Ciencia política y administración pública"
20277;"Revista de estudios políticos y estratégicos";"Universidad Tecnológica Metropolitana. Programa de Estudio de Políticas Públicas";1;1;7954;Chile;0719-3688;0719-3653;0719-3653;"Ciencia política y administración pública"
28310;"Revista de estudios regionales";"El Colegio del Estado de Hidalgo";1;1;11858;México;2992-7269;2992-7269;2992-734X;"Ciencias sociales y humanidades, Economía, Sociología, Estudios de género, Planificación urbana, Estudios regionales"
28203;"Revista de estudios regionales y mercado de trabajo.";"Universidad Nacional de La Plata";1;1;11995;Argentina;2796-9851;2796-9851;;"Ciencias sociales y humanidades, Sociología, Estudios latinoamericanos, Planificación del desarrollo"
9565;"Revista de estudios sobre genocidio";"Universidad Nacional de Tres de Febrero, Centro de Estudios sobre Genocidio";1;1;3269;Argentina;2362-3985;1851-8184;1851-8184;"Ciencias sociales y humanidades, Derecho y jurisprudencia, Sociología"
14407;"Revista de estudios sociales";"Universidad de los Andes, Facultad de Ciencias Sociales";1;1;5196;Colombia;1900-5180;0123-885X;0123-885X;"Ciencias sociales y humanidades, Psicología, Sociología"
21922;"Revista de estudios socioeducativos";"Universidad de Cádiz, Facultad de Ciencias de la Educación";1;1;8937;España;2341-3255;2341-3255;;"Educación, Sociología"
14411;"Revista de estudios y experiencias en educación";"Universidad Católica de la Santísima Concepción. Facultad de Educación";1;1;5198;Chile;0718-5162;0717-6945;0717-6945;"Educación, Planificación educativa, Educación media o secundaria, Educación preescolar, Educación primaria, Educación superior"
12706;"Revista de Estudos Antiutilitaristas e Poscoloniais";"Universidade Federal de Pernambuco (UFPE)";1;1;4454;Brasil;2179-7501;2179-7501;;"Ciencias sociales y humanidades, Sociología"
14421;"Revista de Estudos Jurídicos da Unesp";"Universidade Estadual Paulista Júlio de Mesquita Filho (UNESP)";1;1;5203;Brasil;2179-5177;1414-3097;1414-3097;"Derecho y jurisprudencia, Derecho comparado, Derecho internacional, Derecho público, Derecho procesal, Derechos humanos"
22588;"Revista de extensión universitaria";"Universidad Nacional del Litoral";1;1;9307;Argentina;2346-9986;2250-4591;;"Educación, Educación superior"
14439;"Revista de Filología Española";"Editorial CSIC";1;1;5208;España;1988-8538;0210-9174;0210-9174;"Lingüística, Filología"
19699;"Revista de filología románica";"Universidad Complutense, Servicio de Publicaciones";1;1;7527;España;1988-2815;0212-999X;0212-999X;"Lingüística, Literatura, Filología"
19700;"Revista de filología y lingüística de la Universidad de Costa Rica";"Universidad de Costa Rica";1;1;7528;"Costa Rica";2215-2628;0377-628X;0377-628X;"Lingüística, Literatura"
14445;"Revista de filología. Universidad de La Laguna";"Servicio de Publicaciones de la Universidad de la Laguna";1;1;5210;España;2530-8548;0212-4130;0212-4130;"Lingüística, Literatura, Filología"
14452;"Revista de filosofía";"Universidad de Chile. Departamento de Filosofía;  Sociedad Chilena de Filosofía";1;1;5212;Chile;0718-4360;0034-8236;0034-8236;Filosofía
19701;"Revista de filosofía";"Universidad Complutense de Madrid, Servicio de publicaciones";1;1;7529;España;1988-284X;0034-8244;0034-8244;Filosofía
27771;"Revista de filosofía - Universidad Católica de la Santísima Concepción (En línea)";"Centro Teológico";1;1;11194;Chile;2735-6353;0717-7801;0717-7801;"Etica, Filosofía, Religión"
14454;"Revista de Filosofía de la Universidad de Costa Rica";"Editorial de la Universidad de Costa Rica, Escuela de Filosofía";1;1;5214;"Costa Rica";2215-5589;0034-8252;0034-8252;Filosofía
19702;"Revista de filosofía Universidad Iberoamericana";"Universidad Iberoamericana, Departamento de Filosofía";1;1;11231;México;2954-4602;0185-3481;0185-3481;Filosofía
14458;"Revista de filosofía y teoría política";"Universidad Nacional de La Plata. Facultad de Humanidades y Ciencias de la Educación. Departamento de Filosofía.";1;1;5216;Argentina;2314-2553;0328-6223;0328-6223;Filosofía
28217;"Revista de Filosofía.";"Universidad Nacional de La Plata";1;1;12062;Argentina;2953-3392;2953-3392;;Filosofía
29514;"Revista de Finanzas.";"Centro del Emprendimiento, Innovación y Tecnología, CEIT S.A.";1;1;11709;Ecuador;3091-1729;;;Finanzas
14470;"Revista de fomento social";"Universidad Loyola";1;1;5222;España;2695-6462;0015-6043;0015-6043;"Sociología, Desarrollo económico, Planificación del desarrollo"
29766;"Revista de garantismo y derechos humanos";"Universidad Autónoma de Tlaxcala, Centro de Investigaciones Jurídico-Políticas.";1;1;12046;México;2448-833X;2448-833X;;"Ciencia política y administración pública, Derecho y jurisprudencia, Derecho internacional, Derecho penal, Derecho procesal, Derechos humanos"
14475;"Revista de gastroenterología de México";"Asociación Mexicana de Gastroenterología";1;1;5223;México;2255-5528;0375-0906;0375-0906;"Gastroenterología, Medicina"
27669;"Revista de Gastronomía y Cocina";"Asociación de Chefs del Ecuador";1;1;11586;Ecuador;2953-6480;2953-6480;;Cultura
14483;"Revista de geografía";"Universidad Nacional de San Juan; Facultad de Filosofía, Humanidades y Artes; Instituto de Geografía Aplicada; Departamento de Geografía";1;1;5225;Argentina;2618-2084;1514-1942;1514-1942;"Ciencias atmosféricas, Geografía"
14485;"Revista de geografía agrícola";"Universidad Autónoma Chapingo, Dirección de Centros Regionales Universitarios";1;1;5226;México;2448-7368;0186-4394;0186-4394;"Agronomía, Ganadería, Geografía, Economía agrícola"
14488;"Revista de geografía Norte Grande";"Pontificia Universidad Católica de Chile. Instituto de Geografía";1;1;5228;Chile;0718-3402;0379-8682;0379-8682;Geografía
23887;"Revista de geología aplicada a la ingeniería y el ambiente";"Asociación Argentina de Geología Aplicada a la Ingeniería";1;1;10043;Argentina;2422-5703;1851-7838;1851-7838;"Cartografía, Geología, Ingeniería civil, Ingeniería eléctrica, Ingeniería de materiales, Geoquímica"
29465;"Revista de Gestión, Educación y Ciencias Sociales.";"Red de Gestión, Educación e Innovación (RED-GEDI)";1;1;11665;Ecuador;3073-1127;;;"Ciencias sociales y humanidades, Educación"
14507;"Revista de historia";"Universidad de Concepción. Departamento de Ciencias Históricas y Sociales";1;1;5239;Chile;0717-8832;0716-9108;0716-9108;Historia
14508;"Revista de Historia";"Universidad Nacional, Escuela de Historia";1;1;5240;"Costa Rica";2215-4744;1012-9790;1012-9790;Historia
14515;"Revista de historia americana y argentina";"Universidad Nacional de Cuyo, Facultad de Filosofía y Letras, Instituto de Historia";1;1;5242;Argentina;2314-1549;0556-5960;0556-5960;"Antropología, Ciencias sociales y humanidades, Historia, Estudios locales, Estudios latinoamericanos, Estudios regionales"
23715;"Revista de História da Educação Matemática";"Sociedade Brasileira de História da Matemática (SBHMat)";1;1;9957;Brasil;2447-6447;2447-6447;;"Matemáticas, Humanidades"
14524;"Revista de historia de América";"Instituto Panamericano de Geografía e Historia";1;1;5248;"Organismos Internacionales";2663-371X;0034-8325;0034-8325;Historia
22071;"Revista de historia de las prisiones";"Universidad Nacional de Tucumán";1;1;9034;Argentina;2451-6473;2451-6473;;"Ciencias sociales y humanidades, Derecho penal, Filosofía, Historia, Criminología"
14534;"Revista de historia industrial";"Universitat de Barcelona, Centre d'Estudis Antoni de Capmany";1;1;5255;España;2385-3247;1132-7200;1132-7200;"Economía, Historia, Industria"
26735;"Revista de historia moderna";"Universidad de Alicante";1;1;11099;España;1989-9823;0212-5862;;Historia
14538;"Revista de historia naval";"Instituto de Historia y Cultura Naval, Museo Naval";1;1;11294;España;2530-0873;0212-467X;0212-467X;"Historia, Ingeniería marina y portuaria"
14540;"Revista de historia social y de las mentalidades";"Universidad de Santiago. Departamento de Historia";1;1;5260;Chile;0719-4749;0717-5248;0717-5248;"Ciencias sociales y humanidades, Historia, Humanidades"
27550;"Revista de historia universal.";"Universidad Nacional de Cuyo; Facultad de Filosofía y Letras";1;1;11200;Argentina;2683-8869;0328-3704;;Humanidades
21900;"Revista de historia y geografía";"Universidad Católica Silva Henríquez. Facultad de Educación. Escuela de Educación en Historia y Geografía";1;1;8921;Chile;0719-4145;0719-4137;0719-4137;"Geografía, Historia"
14546;"Revista de historiografía";"Universidad Carlos III de Madrid";1;1;5263;España;2445-0057;1885-2718;1885-2718;"Historia, Ciencias y Técnicas historiográficas"
26534;"Revista de humanidades";"Universidad Andrés Bello, Facultad de Educación";1;1;11469;Chile;2452-445X;0717-0491;;"Filosofía, Literatura, Humanidades"
4473;"Revista de humanidades de Valparaíso";"Universidad de Valparaíso. Facultad de Humanidades";1;1;1430;Chile;0719-4242;0719-4234;;"Etica, Filosofía, Historia, Humanidades"
23983;"Revista de humanidades digitales";UNED;1;1;10084;España;2531-1786;2531-1786;;Humanidades
19708;"Revista de I+D Tecnológico";"Universidad Tecnológica de Panamá";1;1;7534;Panamá;2219-6714;1680-8894;;"Ingeniería, Ciencia y Tecnología"
28419;"Revista de Inclusión Educativa y Diversidad";"Sociedad Horizonte Educativo SPA";1;1;11492;Chile;2810-6563;2810-6563;;"Ciencias sociales y humanidades, Educación, Psicología, Sociología, Planificación educativa, Educación primaria"
14559;"Revista de Indias";"Editorial CSIC";1;1;5271;España;1988-3188;0034-8341;0034-8341;"Historia, Estudios latinoamericanos"
14563;"Revista de información científica";"Universidad de Ciencias Médicas de Guantánamo";1;1;5273;Cuba;1028-9933;;;"Medicina, Salud pública"
23597;"Revista de Iniciación Científica";"Universidad Tecnológica de Panamá";1;1;9911;Panamá;2413-6786;2413-6786;;"Computación, Ingeniería civil, Ingeniería industrial, Ingeniería mecánica, Ciencias de la tierra, Ciencia y Tecnología"
27513;"Revista de Innovación y Transferencia Productiva";"Instituto Tecnológico de la Producción";1;1;11104;Perú;2810-8027;2810-8027;;"Ingeniería, Ingeniería textil, Tecnología, Tecnología de alimentos, Industria"
26319;"Revista de Investigação e Divulgação em Educação Matemática";"Universidade Federal de Juiz de Fora (UFJF)";1;1;10837;Brasil;2594-4673;2594-4673;;"Educación, Matemáticas"
14586;"Revista de investigación";"Fundación Universidad de América";1;1;5286;Colombia;2590-6062;2011-639X;2011-639X;"Ingeniería, Ciencia y Tecnología"
14590;"Revista de investigación académica sin frontera";"Universidad de Sonora, División de Ciencias Económicas y Sociales, Unidad Regional Sur";1;1;5287;México;2007-8870;2007-8870;;Multidisciplinarias
25076;"Revista de investigación académica y educación";"Instituto Superior Tecnológico Cruz Roja Ecuatoriana";1;1;10414;Ecuador;2631-2778;2631-276X;;"Derecho internacional, Salud pública"
28005;"Revista de investigación agropecuaria science and biotechnology";"Universidad Nacional Toribio Rodríguez de Mendoza de Amazonas. Facultad de Ingeniería Zootecnista, Agronegocios y Biotecnología";1;1;11254;Perú;2788-6913;2788-6913;;"Agronomía, Ganadería, Pesca, Silvicultura, Veterinaria, Zootecnia"
22620;"Revista de investigación aplicada en ciencias empresariales";"Universidad de Valparaíso. Facultad de Ciencias Económicas y Administrativa";1;1;9328;Chile;0719-9910;0719-3084;0719-3084;"Administración, Contabilidad, Economía, Desarrollo económico, Econometría, Economía internacional"
27954;"Revista de investigación científica siglo XXI";"Universidad Nacional de Huancavelica";1;1;11220;Perú;2955-8409;2955-8409;;Multidisciplinarias
25523;"Revista de Investigación científica y tecnológica";"Universidad María Serrana";1;1;10585;Paraguay;2617-2852;2521-9596;2521-9596;"Agronomía, Arte, Educación, Ingeniería, Medicina, Ciencia y Tecnología"
26214;"Revista de investigación científica y tecnológica Llamkasun";"Universidad Nacional Autónoma de Tayacaja Daniel Hernández Morillo. Vicerrectorado de Investigación. Instituto de Investigación";1;1;11004;Perú;2709-2275;2709-2275;;Multidisciplinarias
14593;"Revista de investigación clínica";"Instituto Nacional de Ciencias Medicas y Nutrición Salvador Zubirán";1;1;5289;México;2564-8896;0034-8376;0034-8376;Medicina
23968;"Revista de Investigación de Agroproducción Sustentable";"Universidad Nacional Toribio Rodríguez de Mendoza de Amazonas";1;1;10080;Perú;2520-9760;2520-5145;;Agronomía
14594;"Revista de Investigación de Física";"Universidad Nacional Mayor de San Marcos, Facultad de Ciencias Físicas, Instituto de Investigación Científica";1;1;5290;Perú;1728-2977;1605-7724;1605-7724;Física
21458;"Revista de Investigación de la Universidad Norbert Wiener";"Universidad Norbert Wiener";1;1;8611;Perú;2663-7677;2218-9254;2218-9254;"Endocrinología y nutriología, Epidemiología, Infectología, Microbiología, Salud pública"
14596;"Revista de investigación e información en salud";"Universidad Privada del Valle, Instituto de Investigación en Ciencias de la Salud";1;1;5292;Bolivia;2075-6208;2075-6194;2075-6194;"Anatomía, Cirugía, Fisiología, Medicina, Ingeniería biomédica, Estudios sociales de la salud"
24805;"Revista de investigación e innovación agropecuaria y de recursos naturales";"Universidad Mayor de San Andrés, Facultad de Agronomía, Instituto de Investigaciones Agropecuarias y de Recursos Naturales";1;1;10326;Bolivia;2518-6868;2409-1618;;"Agronomía, Ganadería, Silvicultura, Veterinaria, Zootecnia"
19709;"Revista de investigación educativa de la Escuela de Graduados en Educación";"Instituto Tecnológico y de Estudios Superiores de Monterrey, Escuela de Graduados en Educación, Centro de Investigación en Educación";1;1;7535;México;2007-2996;2007-3003;2007-3003;Educación
29958;"Revista de Investigación Educativa Niveles.";Esprint;1;1;11924;Ecuador;3073-1119;;;"Ciencias sociales y humanidades, Educación"
28387;"Revista de investigación educativa, intervención pedagógica y docencia";"Universidad Autónoma de Zacatecas";1;1;12060;México;2992-751X;2992-751X;;"Educación, Pedagogía"
29974;"Revista de Investigación en Ciencias de la Educación, Actividad Física y Salud.";"Instituto Superior Tecnológico de Fútbol de Guayaquil";1;1;11962;Ecuador;3073-1410;;;Educación
29516;"Revista de Investigación en Ciencias de la Educación.";"Fundación Internacional para la Educación la Ciencia y la Tecnología FIECYT";1;1;11690;Ecuador;3073-1461;;;"Educación, Pedagogía, Tecnología educativa"
24061;"Revista de investigación en didáctica de las ciencias sociales";"ASOCIACIÓN UNIVERSITARIA DE DIDÁCTICA DE LAS CIENCIAS SOCIALES";1;1;11645;España;2531-0968;2531-0968;;"Ciencias sociales y humanidades, Educación"
14597;"Revista de Investigación en Educación";"Universidad de Vigo";1;1;5293;España;2172-3427;1697-5200;1697-5200;Educación
5309;"Revista de investigación en modelos financieros";"Centro de Investigación en Métodos Cuantitativos Aplicados a la Economía y la Gestión; Facultad de Ciencias Económicas; Universidad de Buenos Aires";1;1;1694;Argentina;2250-6861;2250-6861;2250-687X;"Administración, Finanzas"
24960;"Revista de Investigación en Musicoterapia";"Universidad Autónoma de Madrid";1;1;10384;España;2530-8149;2530-8149;;"Música, Terapéutica y rehabilitación"
14599;"Revista de investigación en psicología";"Universidad Nacional Mayor de San Marcos, Instituto de Investigaciones Psicológicas";1;1;5295;Perú;1609-7475;1560-909X;1560-909X;Psicología
21934;"Revista de Investigación en Tecnologías de la Información";"Sistema Educativo de Investigación Científica e Innovación Tecnológica (SEICIT)";1;1;8943;España;2387-0893;2387-0893;;Computación
6750;"Revista de investigación enlace universitario";"Universidad Estatal de Bolívar";1;1;2197;Ecuador;2631-245X;;1390-6976;Multidisciplinarias
28635;"Revista de Investigación Hatun Yachay Wasi";"Universidad Tecnológica de los Andes";1;1;11452;Perú;2955-8255;2955-8255;;Multidisciplinarias
14601;"Revista de investigación lingüística";"Universidad de Murcia, Servicio de Publicaciones";1;1;5296;España;1989-4554;1139-1146;1139-1146;"Lingüística, Literatura, Filología"
28493;"Revista de investigación proyección científica";"Universidad de San Carlos de Guatemala, Centro Universitario de San Marcos (CUSAM)";1;1;11421;Guatemala;2957-8582;2957-8582;;Multidisciplinarias
26746;"Revista de Investigación SIGMA";"Universidad de las Fuerzas Armadas ESPE, Sede Latacunga";1;1;10918;Ecuador;2631-2603;;;"Administración, Contabilidad, Economía, Finanzas"
22963;"Revista de Investigación Talentos";"Universidad Estatal de Bolívar";1;1;9566;Ecuador;2631-2476;;1390-8197;"Agronomía, Ciencias sociales y humanidades, Multidisciplinarias"
25953;"Revista de investigación y disciplinas.";"Centro de Informática Educativa";1;1;11154;Argentina;2683-9040;2683-9040;;Multidisciplinarias
25394;"Revista de investigación y evaluación";"Instituto Dominicano de Evaluación e Investigación de la Calidad Educativa (IDEICE)";1;1;10546;"República Dominicana";2409-1553;;2636-2260;"Educación superior"
25919;"Revista de Investigación y Pedagogía del Arte";"Universidad de Cuenca";1;1;10724;Ecuador;2602-8158;;;Arte
23531;"Revista de Investigación, Formación y Desarrollo: Generando Productividad Institucional";"Instituo Superior Tecnológico de Formación Pofesional Administrativo y Comercial";1;1;9866;Ecuador;1390-9789;;;Multidisciplinarias
14610;"Revista de Investigaciones";"Universidad Nacional del Altiplano. Escuela de Postgrado";1;1;5299;Perú;2077-8686;1997-4035;1997-4035;Multidisciplinarias
20103;"Revista de Investigaciones Altoandinas";"Universidad Nacional del Altiplano. Vicerrectorado Académico. Oficina Universitaria de Investigación";1;1;7819;Perú;2313-2957;2306-8582;2306-8582;Multidisciplinarias
22417;"Revista de investigaciones de la Universidad Le Cordon Bleu";"Universidad Le Cordon Bleu (Lima)";1;1;9259;Perú;2409-1537;2409-1537;;Multidisciplinarias
28884;"Revista de Investigaciones del Departamento de Ciencias de la Salud";"Universidad Nacional de La Matanza";1;1;11911;Argentina;2796-9991;2796-9991;;Multidisciplinarias
29606;"Revista de investigaciones en energía, medio ambiente y tecnología.";"Universidad Técnica de Manabí";1;1;11734;Ecuador;2588-0721;;;"Arquitectura, Ingeniería civil, Ingeniería eléctrica, Ingeniería industrial, Ingeniería mecánica"
16814;"Revista de investigaciones políticas y sociológicas";"Servizo de Publicacións e Intercambio Científico Universidade de Santiago de Compostela";1;1;6297;España;2255-5986;1577-239X;1577-239X;"Ciencia política y administración pública, Sociología"
14618;"Revista de investigaciones veterinarias del Peru - RIVEP";"Universidad Nacional Mayor de San Marcos, Facultad de Medicina Veterinaria, Instituto Veterinario de Investigaciones Tropicales y de Altura";1;1;5303;Perú;1609-9117;1682-3419;1609-9117;Veterinaria
22151;"Revista de Investigações Constitucionais";"Universidade Federal do Paraná (UFPR)";1;1;9081;Brasil;2359-5639;2359-5639;;"Derecho público"
22823;"Revista de la Academia";"Universidad Academia de Humanismo Cristiano, Instituto de Humanidades";1;1;9467;Chile;0719-6318;0717-1846;;"Ciencias sociales y humanidades, Filosofía, Humanidades"
26793;"Revista de la Academia de Guerra del Ejército Ecuatoriano";"Universidad de las Fuerzas Armadas ESPE";1;1;10930;Ecuador;2600-5697;;;"Historia, Tecnología, Defensa y seguridad"
14645;"Revista de la Asociación Argentina de Ortopedia y Traumatología";"Asociación Argentina de Ortopedia y Traumatología";1;1;5310;Argentina;1852-7434;1515-1786;1515-1786;"Cirugía, Terapéutica y rehabilitación, Traumatología y ortopedia, Ingeniería biomédica"
21636;"Revista de la Asociación Española de Investigación de la Comunicación : RAEIC";"Asociación Española de Investigación de la Comunicación";1;1;8728;España;2341-2690;2341-2690;;"Ciencias de la comunicación"
25956;"Revista de la Asociación Odontológica Argentina.";"Asociación Odontológica Argentina";1;1;11485;Argentina;2683-7226;0004-4881;;Odontología
19713;"Revista de la carrera de sociología";"Universidad de Buenos Aires, Facultad de Ciencias Sociales, Carrera de Sociología";1;1;7538;Argentina;1853-6484;1853-6484;;Sociología
14684;"Revista de la construcción";"Pontificia Universidad Católica de Chile. Escuela de Construcción Civil";1;1;5327;Chile;0718-915X;0717-7925;0717-7925;"Ingeniería civil"
14687;"Revista de la educación superior";"Asociación Nacional de Universidades e Instituciones de Educación Superior";1;1;5328;México;2395-9037;0185-2760;0185-2760;Educación
26968;"Revista de la Escuela de Antropología.";"FHUMYAR Ediciones";1;1;10964;Argentina;2618-2998;1852-1576;;Humanidades
14693;"Revista de la Escuela de Ciencias de la Educación";"Universidad Nacional de Rosario. Facultad de Humanidades y Artes. Revista de la Escuela de Ciencias de la Educación.";1;1;5331;Argentina;2362-3349;1851-6297;1851-6297;"Educación, Educación superior"
14698;"Revista de la Escuela de Perfeccionamiento en Investigación Operativa";"Universidad Nacional del Centro de la Provincia de Buenos Aires. Facultad de Ciencias Económicas. Escuela de Perfeccionamiento en Investigación Operativa.";1;1;5333;Argentina;1853-9777;0329-7322;0329-7322;"Administración, Matemáticas, Multidisciplinarias"
14709;"Revista de la Facultad de Agronomía";"Universidad Nacional de La Plata, Facultad de Ciencias Agrarias y Forestales.";1;1;5337;Argentina;1669-9513;0041-8676;;Agronomía
10479;"Revista de la Facultad de Ciencias Agrarias. Universidad Nacional de Cuyo";"Facultad de Ciencias Agrarias, Universidad Nacional de Cuyo";1;1;3612;Argentina;1853-8665;0370-4661;;"Agronomía, Ganadería, Silvicultura, Veterinaria, Edafología, Zootecnia"
15698;"Revista de la Facultad de Ciencias Económicas";"Universidad de Guayaquil, Facultad de Ciencias Económicas";1;1;11083;Ecuador;2806-5980;1390-7492;1390-7492;Economía
14716;"Revista de la Facultad de Ciencias Económicas";"Universidad Nacional del Nordeste, Facultad de Ciencias Económicas";1;1;5340;Argentina;1668-6365;1668-6357;;"Administración, Derecho y jurisprudencia, Economía, Estadística, Educación superior"
14728;"Revista de la Facultad de Ciencias Médicas";"Secretaría de Ciencia y Tecnología, Facultad de Ciencias Médicas, Universidad Nacional de Córdoba";1;1;5345;Argentina;1853-0605;0014-6722;;"Cirugía, Medicina"
24128;"Revista de la Facultad de Ciencias Médicas de la Universidad de Cuenca";"Universidad de Cuenca";1;1;10134;Ecuador;2661-6777;;;"Medicina, Salud pública"
27151;"Revista de la Facultad de Ciencias Médicas de la Universidad de Guayaquil";"Universidad de Guayaquil";1;1;10999;Ecuador;2661-6726;1390-4442;;Medicina
15700;"Revista de la Facultad de Ciencias Médicas, Universidad Central del Ecuador";"Universidad Central del Ecuador";1;1;5758;Ecuador;2737-6141;2588-0691;2588-0691;Medicina
14740;"Revista de la Facultad de Derecho";"Revista de la Facultad de Derecho y Ciencias Sociales";1;1;5349;Uruguay;2301-0665;0797-8316;0797-8316;"Derecho y jurisprudencia, Derecho comparado"
14744;"Revista de la Facultad de Derecho de México";"Universidad Nacional Autónoma de México, Facultad de Derecho";1;1;5351;México;2448-8933;0185-1810;0185-1810;"Derecho y jurisprudencia"
26240;"Revista de la Facultad de Derecho y Ciencias Políticas";"Universidad Nacional San Antonio Abad del Cusco. Facultad de Derecho y Ciencias Políticas";1;1;10811;Perú;2709-8540;2519-7592;;"Derecho y jurisprudencia"
28665;"Revista de la Facultad de Medicina";"Universidad Francisco Marroquín, Facultad de Medicina";1;1;11456;Guatemala;2304-5353;2304-5329;2304-5329;"Cardiología, Cirugía, Ginecologia y obstetricia, Medicina, Oncología, Pediatría"
14775;"Revista de la Facultad de Medicina";"Universidad Nacional Autónoma de México, Facultad de Medicina";1;1;5359;México;2448-4865;0026-1742;0026-1742;Medicina
14771;"Revista de la Facultad de Medicina Humana de la Universidad Ricardo Palma";"Universidad Ricardo Palma, Facultad de Medicina";1;1;5357;Perú;2308-0531;2308-0531;1814-5469;Medicina
14773;"Revista de la Facultad de Medicina Veterinaria y de Zootecnia";"Universidad Nacional de Colombia";1;1;11729;Colombia;2357-3813;0120-2952;0120-2952;"Veterinaria, Zootecnia"
25438;"Revista de la Facultad de Odontología";"Universidad Nacional de Córdoba";1;1;10561;Argentina;2545-7594;0325-1071;0325-1071;Odontología
29676;"Revista de la Facultad de Odontología de la Universidad de Cuenca.";"Universidad de Cuenca";1;1;11762;Ecuador;2960-8325;;;Odontología
27153;"Revista de la Facultad de Odontología.";"Universidad Nacional del Nordeste, Facultad de Odontología (FOUNE)";1;1;11007;Argentina;2683-7986;1668-7280;;Odontología
26700;"Revista de la Facultad de Odontología. Universidad de Buenos Aires.";"Universidad de Buenos Aires. Facultad de Odontología";1;1;11052;Argentina;1668-8538;0326-632X;;Odontología
22280;"Revista de la OFIL";"Ibáñez&Plaza Asociados S.L.";1;1;9174;España;1699-714X;1131-9429;;"Farmacia, Farmacología, Toxicología"
24135;"Revista de la Pontificia Universidad Católica del Ecuador";"Pontificia Universidad Católica del Ecuador";1;1;10138;Ecuador;2528-8156;1390-7719;;"Economía, Multidisciplinarias, Psicología, Sociología"
14813;"Revista de la Real Academia de Ciencias Exactas, Físicas y Naturales. Serie A: Matemáticas";Springer;1;1;5370;España;1579-1505;1578-7303;1578-7303;Matemáticas
22912;"Revista de la Red de Intercátedras de Historia de América Latina Contemporánea";"Universidad Nacional de Córdoba; Facultad de Filosofía; Escuela de Historia; Historia de América";1;1;9529;Argentina;2250-7264;2250-7264;;Historia
26406;"Revista de la Sociedad Argentina de Diabetes.";"Sociedad Argentina de Diabetes/Sello Editorial Lugones";1;1;11051;Argentina;2346-9420;0325-5247;;"Endocrinología y nutriología"
28947;"Revista de la Sociedad Argentina de Endocrinología Ginecológica y Reproductiva";"Sociedad Argentina de Endocrinología Ginecológica y Reproductiva";1;1;11525;Argentina;2469-0252;1515-8845;;"Endocrinología y nutriología, Ginecologia y obstetricia"
19716;"Revista de la Sociedad Científica del Paraguay";"Sociedad Científica del Paraguay";1;1;7540;Paraguay;2617-4731;0379-9123;0379-9123;"Física, Multidisciplinarias, Energía, Ciencia y Tecnología"
14850;"Revista de la Sociedad Entomológica Argentina";"Sociedad Entomológica Argentina";1;1;5379;Argentina;1851-7471;0373-5680;0373-5680;"Biología, Zoología"
14856;"Revista de la Sociedad Geológica de España";"Sociedad Geológica de España";1;1;5383;España;2255-1379;0214-2708;0214-2708;Geología
14866;"Revista de la Sociedad Peruana de Medicina Interna";"Sociedad Peruana de Medicina Interna";1;1;5387;Perú;1609-7173;1019-309X;1681-9721;Medicina
14868;"Revista de la Sociedad Química del Perú";"Sociedad Química del Perú";1;1;5389;Perú;2309-8740;1810-634X;1810-634X;Química
14911;"Revista de las Cortes Generales";"Congreso de los Diputados. Secretaría General. Departamento de Publicaciones";1;1;5405;España;2659-9678;0213-0130;0213-0130;"Derecho y jurisprudencia"
28040;"Revista de lengua y literatura";"Universidad Nacional del Comahue, Facultad de Humanidades, Departamento de Letras";1;1;11288;Argentina;2408-4646;0327-1951;;Literatura
14917;"Revista de Lenguas Modernas";"Universidad de Costa Rica";1;1;5406;"Costa Rica";2215-5643;1659-1933;1659-1933;"Lingüística, Filología"
14918;"Revista de lenguas para fines específicos";"Universidad de Las Palmas de Gran Canaria, Servicio de Publicaciones";1;1;5407;España;2340-8561;1133-1127;1133-1127;Lingüística
14919;"Revista de lenguas y literaturas catalana, gallega y vasca";"Universidad Nacional de Educación a Distancia";1;1;5408;España;2340-0285;1130-8508;1130-8508;"Literatura, Filología"
14927;"Revista de lingüística y lenguas aplicadas";"Universitat Politècnica de València";1;1;5412;España;1886-6298;1886-2438;1886-2438;Lingüística
14928;"Revista de literatura";"Editorial CSIC";1;1;5413;España;1988-4192;0034-849X;0034-849X;Literatura
14932;"Revista de literatura medieval";"Universidad de Alcalá de Henares, Departamento de Filología";1;1;5415;España;2660-4574;1130-3611;1130-3611;Literatura
27667;"Revista de literaturas modernas.";"Instituto de Literaturas Modernas, Facultad de Filosofía y Letras, Universidad Nacional de Cuyo";1;1;11391;Argentina;2683-8389;0556-6134;;"Arte, Cine, Cultura, Literatura, Teatro, Poesía"
19718;"Revista de llengua i dret";"Escola dAdministració Publica de Catalunya";1;1;7542;España;2013-1453;0212-5056;;"Derecho y jurisprudencia, Lingüística"
25307;"Revista de marina";"Armada de Chile";1;1;10509;Chile;0719-4129;0034-8511;0034-8511;"Defensa y seguridad"
24705;"Revista de marketing y publicidad";"Editorial Centro de Estudios Financieros";1;1;10285;España;2792-405X;2659-3904;2659-3904;"Ciencias de la comunicación"
14948;"Revista de Matemáticas: Teoría y Aplicaciones";"Universidad de Costa Rica";1;1;5422;"Costa Rica";2215-3373;1409-2433;1409-2433;Matemáticas
23772;"Revista de Medicina e investigación Universidad Autónoma del Estado de México";"Universidad Autónoma del Estado de México, Facultad de Medicina";1;1;9986;México;2594-0600;2594-0600;;"Medicina, Salud pública"
19719;"Revista de Medicina Veterinaria";"Sociedad de Medicina Veterinaria";1;1;7543;Argentina;1852-771X;0325-6391;;Veterinaria
26332;"Revista de medicina y cine";"Ediciones Universidad de Salamanca";1;1;10841;España;1885-5210;1885-5210;;"Ciencias de la comunicación, Cine, Medicina"
14966;"Revista de metalurgia";"Consejo Superior de Investigaciones Científicas, Centro Nacional de Investigaciones Metalúrgicas, Editorial CSIC";1;1;5429;España;1988-4222;0034-8570;0034-8570;Metalurgia
14967;"Revista de métodos cuantitativos para la economía y la empresa";"Universidad Pablo de Olavide, Departamento de Economía, Métodos Cuantitativos e Historia Económica";1;1;5430;España;1886-516X;;;Economía
26995;"Revista de modelamiento matemático de sistemas biológicos";"Universidad Tecnológica Metropolitana";1;1;11276;Chile;2735-6817;2735-6817;;"Matemáticas, Ciencias naturales"
21967;"Revista de morfologia urbana";"Rede Lusófona de Morfologia Urbana";1;1;8964;Portugal;2182-7214;2182-7214;;"Arquitectura, Geografía, Historia, Sociología, Urbanismo, Planificación del desarrollo, Planificación urbana"
24886;"Revista de nefrología, diálisis y trasplante";"Asociación Regional de Diálisis y Trasplantes Renales de Capital Federal y Provincia de Buenos Aires";1;1;10353;Argentina;2346-8548;0326-3428;;Nefrología
14977;"Revista de Neuro-Psiquiatría";"Universidad Peruana Cayetano Heredia. Facultad de Medicina";1;1;5437;Perú;1609-7394;1609-7394;0034-8597;Psiquiatría
28223;"Revista de Nutrición Clínica y Metabolismo";Distribuna;1;1;11380;Colombia;2619-3906;2619-564X;;"Endocrinología y nutriología"
16848;"Revista de ocio y turismo";"Servizo de Publicacións da Universidade da Coruña";1;1;6310;España;2695-6357;1888-6884;1888-6884;"Economía, Turismo"
20320;"Revista de odontopediatría latinoamericana";"Ripano. Editorial Médica";1;1;7988;"Organismos Internacionales";2174-0798;2174-0798;;"Odontología, Pediatría"
14991;"Revista de orientación educacional";"Universidad de Playa Ancha de Ciencias de la Educación. Facultad de Ciencias de la Educación";1;1;5444;Chile;0719-5117;0716-5714;0716-5714;Educación
14994;"Revista de otorrinolaringología y cirugía de cabeza y cuello";"Sociedad Chilena de Otorrinolaringología, Medicina y Cirugía de Cabeza y Cuello";1;1;5446;Chile;0718-4816;0716-4084;0716-4084;"Cirugía, Medicina, Otorrinolaringología"
15000;"Revista de Paz y Conflictos";"Universidad de Granada, Instituto de la Paz y los Conflictos";1;1;5449;España;1988-7221;;;"Ciencia política y administración pública, Sociología"
20625;"Revista de poética medieval";"Editorial Universidad de Alcalá";1;1;8199;España;2660-891X;1137-8905;1137-8905;"Arte, Lingüística, Literatura, Filología"
23717;"Revista de Política Económica";"Editorial de la Universidad Nacional";1;1;9958;"Costa Rica";2215-4167;2215-4167;;Economía
26627;"Revista de Psicanálise da SPPA";"Sociedade Psicanalítica de Porto Alegre (SPPA)";1;1;10901;Brasil;2674-919X;1413-4438;1413-4438;"Medicina, Psicología, Psiquiatría"
15029;"Revista de Psicodidáctica";"Universidad del País Vasco  Servicio Editorial;  Barcelona: Elsevier España";1;1;5458;España;2254-4372;1136-1034;1136-1034;"Educación, Psicología"
15036;"Revista de Psicologia";"Universidade Federal do Ceará (UFC)";1;1;5461;Brasil;2179-1740;0102-1222;0102-1222;Psicología
15034;"Revista de psicología";"Universidad Católica San Pablo";1;1;5459;Perú;2311-7397;2306-0565;2306-0565;Psicología
15040;"Revista de psicología";"Universidad de Chile. Facultad de Ciencias Sociales. Departamento de Psicología";1;1;5463;Chile;0719-0581;0716-8039;0716-8039;Psicología
24735;"Revista de Psicología";"Universidad Nacional de La Plata, Facultad de Psicología";1;1;10296;Argentina;2422-572X;0556-6274;;"Psicología, Estudios sociales de la salud"
15049;"Revista de Psicología del Trabajo y de las Organizaciones";"Colegio Oficial de Psicólogos de Madrid";1;1;5467;España;2174-0534;1576-5962;1576-5962;Psicología
15056;"Revista de Psicología Social";Sage;1;1;5471;España;1579-3680;0213-4748;0213-4748;Psicología
21943;"Revista de psicología y ciencias del comportamiento de la Unidad Académica de Ciencias Jurídicas y Sociales";"Universidad Autónoma de Tamaulipas, Unidad Académica de Ciencias Jurídicas y Sociales";1;1;8950;México;2683-1813;2007-1833;2007-1833;Psicología
29473;"Revista de psicología y psicopedagogía";"Universidad del Salvador";1;1;11974;Argentina;2545-6253;2545-6253;;"Educación, Multidisciplinarias, Psicología"
28006;"Revista de psicología.";"Departamento de Psicología, Facultad de Psicología y Psicopedagogía, Pontificia Universidad Católica Argentina";1;1;11258;Argentina;2469-2050;1669-2438;;Psicología
15077;"Revista de psiquiatría infanto-juvenil";Siglo;1;1;5484;España;2660-7271;1130-9512;1130-9512;"Psicología, Psiquiatría"
15083;"Revista de química";"Pontificia Universidad Católica del Perú";1;1;5487;Perú;2518-2803;1012-3946;1012-3946;Química
15112;"Revista de sociología";"Facultad de Filosofía, Humanidades y Educación. Departamento de Sociología";1;1;5499;Chile;0719-529X;0716-632X;0716-632X;Sociología
26561;"Revista de sociología";"Universidad nacional mayor de San Marcos. Facultad de Ciencias Sociales.";1;1;10886;Perú;1609-7580;1605-8933;;Sociología
23896;"Revista de sociología de la educación";"Universitat de València";1;1;10047;España;2605-1923;2605-1923;;"Educación, Sociología"
15121;"Revista de teledetección";"Universitat Politècnica de València";1;1;5504;España;1988-8740;1133-0953;1133-0953;"Física, Geografía, Ciencias de la tierra"
7154;"Revista de trabajo y seguridad social. Comentarios, casos prácticos";"Centro de Estudios Financieros";1;1;2371;España;2531-212X;2531-212X;1138-9532;"Derecho y jurisprudencia, Trabajo social"
26071;"Revista de treball social";"Col·legi Oficial de Treball Social de Catalunya";1;1;11215;España;2339-6385;0212-7212;0212-7212;"Sociología, Trabajo social"
15136;"Revista de urbanismo";"Universidad de Chile. Facultad de Arquitectura y Urbanismo. Departamento de Urbanismo";1;1;5510;Chile;0717-5051;0717-5051;;"Ciencias sociales y humanidades, Urbanismo"
26379;"Revista de USITE, Supervisión 21";USIE;1;1;11203;España;1886-5895;1886-5895;;Educación
27144;"Revista de veterinaria y zootecnia amazónica";"Universidad Nacional de San Martín";1;1;11849;Perú;2810-8175;2810-8175;;Veterinaria
22826;"Revista de victimología";Huygens;1;1;9469;España;2385-779X;2385-779X;;"Derecho penal, Derecho procesal, Psicología, Sociología, Trabajo social, Criminología"
15141;"Revista debate público";"Universidad de Buenos Aires, Facultad de Ciencias Sociales, Carrera de Trabajo Social";1;1;5513;Argentina;1853-6654;1853-6654;;"Ciencia política y administración pública, Sociología, Trabajo social"
20102;"Revista Decifrar";"Universidade Federal do Amazonas (UFAM)";1;1;7818;Brasil;2318-2229;2318-2229;;"Lingüística, Literatura"
29405;"Revista Decisión Gerencial.";"Universidad Católica de Cuenca";1;1;11666;Ecuador;2953-6391;;;"Administración, Contabilidad, Economía"
29822;"Revista del Archivo General de la Nación";"Archivo General de la Nación";1;1;11794;Perú;2707-2746;0259-2371;0259-2371;"Ciencias de la información, Ciencias sociales y humanidades, Museología"
15145;"Revista del Archivo Nacional";"Dirección General del Archivo Nacional";1;1;5515;"Costa Rica";2215-5600;1409-0279;1409-0279;"Administración, Bibliotecología"
15158;"Revista del Centro de Estudios de Sociología del Trabajo";"Universidad de Buenos Aires; Facultad de Ciencias Económicas; Centro de Estudios de Sociología del Trabajo";1;1;5518;Argentina;1852-494X;1852-4648;1852-4648;"Derecho laboral, Economía, Sociología, Trabajo social"
15164;"Revista del Centro de Investigación de la Universidad La Salle";"Universidad La Salle, Centro de Investigación";1;1;5519;México;2992-6823;1665-8612;1665-8612;Multidisciplinarias
15173;"Revista del CESLA";"Universidad de Varsovia, Centro de Estudios Latinoamericanos";1;1;5522;Iberoamericanistas-Europa;2081-1160;1641-4713;1641-4713;"Estudios latinoamericanos"
15212;"Revista del Hospital de Niños";"Asociación de Profesionales del Hospital de Niños Ricardo Gutiérrez";1;1;5530;Argentina;2314-1239;0521-517X;0521-517X;Pediatría
23448;"Revista del Hospital Italiano de Buenos Aires";"Universidad Hospital Italiano de Buenos Aires";1;1;9817;Argentina;2314-3312;1669-2578;;Medicina
24903;"Revista del IICE";"Facultad de Filosofía y Letras, Universidad de Buenos Aires";1;1;10362;Argentina;2451-5434;0327-7763;;Educación
27141;"Revista del Instituto de Historia Antigua Oriental ""Dr. Abraham Rosenvasser"".";"Universidad de Buenos Aires, Facultad de Filosofía y Letras";1;1;10994;Argentina;2683-9660;0325-1209;;"Ciencias sociales y humanidades, Historia, Humanidades"
15246;"Revista del Instituto de Investigación de la Facultad de Geología, Minas, Metalurgia y Ciencias Geográficas";"Universidad Nacional Mayor de San Marcos, Facultad de Ingeniería Geológica, Minera, Metalúrgica y Geográfica. Facultad de Minas, Metalurgia y Ciencias Geográficas";1;1;5537;Perú;1682-3087;1561-0888;;"Geografía, Geología, Metalurgia"
25687;"Revista del Instituto de Investigaciones en Educación.";"Instituto de Investigaciones en Educación UNNE";1;1;10631;Argentina;1853-1393;1853-1393;;"Educación, Multidisciplinarias"
1398;"Revista del Instituto Electoral del Estado de México Apuntes electorales";"Instituto Electoral del Estado de México, Centro de Formación y Documentación Electoral";1;1;519;México;2448-8585;1665-0921;1665-0921;"Ciencia política y administración pública"
20941;"Revista del Instituto Español de Estudios Estratégicos";"Ministerio de Defensa, Secretaría General Técnica";1;1;8384;España;2255-3479;2255-3479;;"Ciencia política y administración pública, Defensa y seguridad"
27658;"Revista del Instituto Superior de Música (En línea)";"Ediciones UNL";1;1;11338;Argentina;2362-3322;1666-7603;;Música
26291;"Revista del laboratorio iberoamericano para el estudio sociohistórico de las sexualidades";"Universidad Pablo de Olavide";1;1;10828;España;2659-8620;2659-8620;;"Antropología, Multidisciplinarias, Sociología, Estudios de género"
15285;"Revista del Museo Argentino de Ciencias Naturales";"Museo Argentino de Ciencias Naturales Bernardino Rivadavia e Instituto Nacional de Investigación de las Ciencias Naturales";1;1;5547;Argentina;1853-0400;1514-5158;1514-5158;"Biología, Botánica, Ecología, Geología, Paleontología, Zoología"
15289;"Revista del Museo de Antropología";"Museo de Antropología; Facultad de Filosofía y Humanidades; Universidad Nacional de Córdoba";1;1;5548;Argentina;1852-4826;1852-060X;1852-060X;"Antropología, Museología"
23790;"Revista del Museo de La Plata";"Universidad Nacional de La Plata, Facultad de Ciencias Naturales y Museo";1;1;9995;Argentina;2545-6377;2545-6369;;"Antropología, Arqueología, Biología, Botánica, Ecología, Geología, Paleontología, Zoología, Ciencias de la tierra, Recursos naturales no renovables, Geoquímica"
25032;"Revista del posgrado en derecho de la UNAM";"Universidad Nacional Autónoma de México, Coordinación del Programa de Posgrado en Derecho";1;1;10401;México;2683-1783;2007-5995;2007-5995;"Derecho y jurisprudencia"
23393;"Revista del Seminario de Historia Rural Andina";"Universidad Nacional Mayor de San Marcos. Facultad de Ciencias Sociales. Instituto Seminario de Historia Rural y Andina";1;1;11123;Perú;2616-664X;2519-0687;2519-0687;"Arqueología, Ciencias sociales y humanidades, Historia"
23383;"Revista Derecho";"Aequus Editorial";1;1;9787;"El Salvador";2789-3960;2411-1465;2411-1465;"Derecho civil, Derecho internacional, Derecho mercantil, Derecho penal, Derecho público"
25311;"Revista derecho del estado";"Universidad Externado de Colombia";1;1;11271;Colombia;2346-2051;0122-9893;0122-9893;"Derecho y jurisprudencia, Derecho público"
26988;"Revista Derecho Penal Central";"FacultaddeJurisprudencia,CienciasPolíticasySocialesdelaUniversidadCentraldelEcuadorydelInstitutoEcuatorianode Derecho Penal e Investigaciones Criminológicas";1;1;10973;Ecuador;2697-3359;;;"Derecho y jurisprudencia"
23960;"Revista derecho y salud";"Universidad Blas Pascal";1;1;10079;Argentina;2591-3476;2591-3468;;"Ciencia política y administración pública, Ciencias sociales y humanidades, Derecho y jurisprudencia, Derechos humanos, Estudios sociales de la salud"
23971;"Revista derechos en acción";ReDeA;1;1;10082;Argentina;2525-1686;2525-1678;;"Administración, Derecho y jurisprudencia"
20301;"Revista Desenvolvimento Social";"Universidade Estadual de Montes Claros (UNIMONTES)";1;1;7971;Brasil;2179-6807;1982-8608;;Sociología
28141;"Revista diecisiete";"Fundación Acción contra el Hambre";1;1;11289;España;2695-4427;2695-4427;;"Ciencia política y administración pública, Economía, Multidisciplinarias, Sociología"
21318;"Revista Digital de Derecho Administrativo";"Universidad Externado de Colombia";1;1;11272;Colombia;2145-2946;2145-2946;;"Derecho público"
20660;"Revista Digital de Investigación en Docencia Universitaria";"Universidad Peruana de Ciencias Aplicadas. Área de Calidad Educativa";1;1;8220;Perú;2223-2516;2223-2516;;Educación
15337;"Revista Digital de la Maestría en Ciencias Penales";"Universidad de Costa Rica, Sistema de Estudios de Posgrado";1;1;5564;"Costa Rica";1659-4479;1659-4479;;"Derecho penal"
15338;"Revista digital de políticas lingüísticas";"Universidad Nacional de Córdoba, Facultad de Lenguas";1;1;5565;Argentina;1853-3256;1853-3256;;Lingüística
23802;"Revista Digital de Postgrado";"Coordinación de Estudios de Postgrado de la Facultad de Medicina de la Universidad Central de Venezuela (UCV)";1;1;10002;Venezuela;2244-761X;2244-761X;;Medicina
22872;"Revista Digital del Departamento de Ingeniería e Investigaciones Tecnológicas";"Departamento de Ingeniería e Investigaciones Tecnológicas de la Universidad Nacional de La Matanza";1;1;9496;Argentina;2525-1333;2525-1333;;"Ingeniería de comunicaciones, electrónica y control, Ingeniería eléctrica, Ingeniería industrial, Tecnología, Inteligencia artificial-robótica, Ingeniería de materiales"
26821;"Revista digital del Instituto Internacional de Costos.";"Instituto Internacional de Costos";1;1;10937;Argentina;2718-8507;2718-8507;;"Administración, Contabilidad, Economía de la empresa, Educación superior"
21431;"Revista digital internacional de psicología y ciencia social";"Universidad Nacional Autónoma de México, Facultad de Estudios Superiores, Plantel Iztacala";1;1;8597;México;2448-8119;2448-8119;;Psicología
15341;"Revista Digital Matemática, Educación e Internet";"Tecnológica de Costa Rica";1;1;5566;"Costa Rica";1659-0643;;;Matemáticas
24896;"Revista Digital Tambara";"Universidad de las Fuerzas Armadas - ESPE";1;1;10359;Ecuador;2588-0977;;;"Administración, Economía, Finanzas, Planeación económica"
15343;"Revista digital universitaria";"Universidad Nacional Autónoma de México, Coordinación de Evaluación, Innovación y Desarrollo Educativos (CEIDE)";1;1;5567;México;1607-6079;1607-6079;;Multidisciplinarias
26871;"Revista Direito e Sexualidade";"Universidade Federal da Bahia (UFBA)";1;1;10949;Brasil;2675-3596;2675-3596;;"Ciencias sociales y humanidades, Derecho civil, Derecho internacional, Derecho penal, Derecho público, Criminología, Estudios de género, Derechos humanos"
22836;"Revista discapacidad, clínica, neurociencias";"Universidad de Alicante";1;1;9474;España;2341-2526;2341-2526;;"Neurología, Psicología, Trabajo social"
26476;"Revista Discusiones.";EdiUns;1;1;10871;Argentina;2718-6474;1515-7326;;"Derecho y jurisprudencia, Derecho penal, Derecho público, Etica, Filosofía, Derechos humanos"
28963;"Revista diversidad de las culturas.";"Universidad Nacional de Jujuy; Universidad Federal de Goiás";1;1;11737;Argentina;2718-8310;2718-8310;;"Arte, Ciencias sociales y humanidades, Fotografía, Literatura, Humanidades, Poesía"
19733;"Revista do CAAP";"Universidade Federal de Minas Gerais (UFMG)";1;1;7554;Brasil;2238-3840;1415-0344;1415-0344;"Ciencia política y administración pública, Ciencias sociales y humanidades, Derecho civil, Derecho laboral, Sociología, Derechos humanos"
15397;"Revista do Instituto Adolfo Lutz";"Instituto Adolfo Lutz";1;1;5578;Brasil;1983-3814;0073-9855;0073-9855;"Epidemiología, Farmacia, Microbiología, Salud pública"
15400;"Revista do Instituto de Medicina Tropical de São Paulo";"Universidade de São Paulo, Faculdade de Medicina";1;1;5579;Brasil;1678-9946;0036-4665;0036-4665;Medicina
25290;"Revista dObra[s]";"Associação Brasileira de Estudos e Pesquisas em Moda (ABEPEM)";1;1;10495;Brasil;2358-0003;1982-0313;;Multidisciplinarias
21827;"Revista Docência do Ensino Superior";"Universidade Federal de Minas Gerais (UFMG)";1;1;8861;Brasil;2237-5864;2237-5864;;"Educación, Educación superior"
26402;"Revista docencia universitaria";"Universidad de San Carlos de Guatemala, Facultad de Humanidades";1;1;11453;Guatemala;2709-5428;2709-5428;;Humanidades
25177;"Revista Economía";"Universidad Central del Ecuador";1;1;10447;Ecuador;2697-3340;2697-3332;;"Ciencia política y administración pública, Ciencias sociales y humanidades, Economía, Sociología"
23788;"Revista Economía y Política";"Universidad de Cuenca";1;1;9994;Ecuador;2477-9075;2477-9075;;"Administración, Contabilidad, Economía, Sociología"
26681;"Revista Económica";"Universidad Nacional de Loja";1;1;10911;Ecuador;2737-6257;;;Economía
15459;"Revista económica do nordeste";"Banco do Nordeste";1;1;12015;Brasil;2357-9226;0100-4956;0100-4956;Economía
23589;"Revista Ecuatoriana de Medicina y Ciencias Biológicas";"Pontificia Universidad Católica del Ecuador";1;1;9904;Ecuador;2477-9148;;;"Biología, Medicina, Ciencia"
29347;"Revista Ecuatoriana de Nutrición Clínica y Metabolismo.";"Sociedad Ecuatoriana de Nutrición Parenteral, Enteral, Clínica y Metabolismo. Núcleo Azuay";1;1;11636;Ecuador;3073-1097;;;"Endocrinología y nutriología"
29774;"Revista Ecuatoriana de Ornitología.";"USFQ PRESS de la Universidad San Francisco de Quito";1;1;11782;Ecuador;2697-3685;;;Ecología
25758;"Revista Ecuatoriana de Ortopedia y Traumatología SEOT";"Sociedad Ecuatoriana de Ortopedia y Traumatología";1;1;10648;Ecuador;2600-5999;;;"Traumatología y ortopedia"
24673;"Revista educa UMCH";"Universidad Marcelino Champagnat. Facultad de Educación y Psicología";1;1;10271;Perú;2617-0337;2617-8087;2617-8087;Educación
20140;"Revista Educação e Políticas em Debate";"Universidade Federal de Uberlândia (UFU)";1;1;7843;Brasil;2238-8346;2238-8346;;Educación
27099;"Revista Educación";"Universidad Nacional de San Cristobal de Huamanga";1;1;10988;Perú;2709-8761;2709-8761;;Educación
24873;"Revista educación Las Américas";"Universidad de las Américas. Facultad de Educación";1;1;10349;Chile;0719-7128;0719-7128;;"Educación, Planificación educativa, Educación media o secundaria, Educación preescolar, Educación primaria, Educación superior"
22911;"Revista educación, política y sociedad";"Asociación Investigación, Formación y Desarrollo de Proyectos Educativos";1;1;9528;España;2445-4109;2445-4109;;"Ciencia política y administración pública, Educación, Sociología"
28760;"Revista Edutec";"Universidade Federal de Mato Grosso do Sul (UFMS)";1;1;11874;Brasil;2764-9067;2764-9067;;"Educación, Tecnología educativa"
15500;"Revista electrónica";"Universidad de Buenos Aires; Facultad de Derecho; Instituto de Investigaciones Jurídicas y Sociales";1;1;5616;Argentina;1851-3069;1851-3069;;"Derecho y jurisprudencia, Derecho comparado"
15503;"Revista Electrónica Calidad en la Educación Superior";"Universidad Estatal a  Distancia";1;1;5617;"Costa Rica";1659-4703;;;"Educación superior"
15504;"Revista electrónica complutense de investigación en educación musical";"Ediciones Complutense";1;1;5618;España;1698-7454;;;"Educación, Música"
23868;"Revista electrónica de AnestesiaR";"AnestesiaR. IDEhA- H. Universitario Fundación Alcorcón";1;1;10033;España;1989-4090;1989-4090;;"Anestesiología, Epidemiología, Medicina"
23974;"Revista Electrónica de Ciencia y Tecnología del Instituto Universitario de Tecnología de Maracaibo";"Instituto Universitario de Tecnología de Maracaibo (IUTM)";1;1;10083;Venezuela;2443-4426;2443-4426;;"Administración, Agronomía, Arquitectura, Contabilidad, Ingeniería civil, Ingeniería de comunicaciones, electrónica y control, Ingeniería industrial, Ingeniería petrolera, Ingeniería química, Matemáticas, Tecnología de alimentos, Inteligencia artificial-robótica, Tecnología educativa, Metalurgia, Ciencia y Tecnología"
23773;"Revista Electrónica de Conocimientos, Saberes y Prácticas";"Profesores Investigadores de la Comunidad Matemática de la Costa Caribe Nicaragüense(CMCCN)";1;1;9987;Nicaragua;2616-8294;;;"Educación, Matemáticas, Multidisciplinarias, Humanidades"
25475;"Revista Electrónica de Derecho Internacional Contemporáneo";"Instituto de Relaciones Internacionales";1;1;10569;Argentina;2618-303X;2618-303X;;"Derecho y jurisprudencia, Derecho internacional"
23139;"Revista Electrónica de Direito";"Universidade do Porto, Faculdade de Direito";1;1;9653;Portugal;2182-9845;2182-9845;;"Derecho y jurisprudencia, Derecho civil, Derecho comparado, Derecho internacional, Derecho laboral, Derecho marítimo, Derecho mercantil, Derecho fiscal"
26366;"Revista Electrónica de divulgación de STEM de la Universidad Nacional de la Patagonia San Juan Bosco.";REDIUNP;1;1;11086;Argentina;2683-8648;2683-8648;;"Ingeniería, Matemáticas, Ciencia y Tecnología"
15514;"Revista electrónica de estudios internacionales";"Asociación Española de Profesores de Derecho internacional y Relaciones internacionales";1;1;5625;España;1697-5197;;;"Derecho internacional"
20052;"Revista electrónica de fuentes y archivos";"Centro de Estudios ""Prof. Carlos S. A. Segreti""";1;1;7784;Argentina;1853-4503;1853-4503;;Historia
15516;"Revista electrónica de investigación educativa";"Universidad Autónoma de Baja California, Instituto de Investigación y Desarrollo Educativo";1;1;5627;México;1607-4041;1607-4041;;"Educación, Pedagogía, Tecnología educativa, Educación media o secundaria, Educación primaria, Educación superior"
26477;"Revista electrónica de investigación en docencia universitaria.";"Universidad de Antofagasta";1;1;11147;Chile;2452-4875;2452-4875;;"Educación, Odontología, Pedagogía, Educación superior"
15518;"Revista electrónica de investigación en educación en ciencias";"Universidad Nacional del Centro de la Provincia de Buenos Aires, Facultad de Ciencias Exactas";1;1;5629;Argentina;1850-6666;1850-6666;;Educación
15519;"Revista electrónica de investigación y docencia";"Universidad de Jaén";1;1;5630;España;1989-2446;;;"Educación, Planificación educativa, Tecnología educativa"
25951;"Revista electrónica de la Cátedra Jean Monnet de la Facultad de Derecho de la Universidad de Buenos Aires.";"Centro de Excelencia Jean Monnet Integración Regional & Derechos Humanos de la Facultad de Derecho de la Universidad de Buenos Aires";1;1;10735;Argentina;2346-9196;2346-9196;;"Ciencia política y administración pública, Derecho y jurisprudencia, Derecho civil, Derecho comparado, Derecho internacional, Derecho mercantil, Derecho público, Derecho procesal, Relaciones internacionales, Derecho fiscal, Estudios latinoamericanos, Derechos humanos, Estudios regionales"
15532;"Revista electrónica historias del Orbis Terrarum";[s.n];1;1;5639;Chile;0718-7246;0718-7246;;"Cultura, Filosofía, Historia del arte, Literatura, Humanidades"
15533;"Revista electrónica Iberoamericana";"Centro de Estudios de Iberoamérica de la Universidad Rey Juan Carlos e Instituto Universitario de Estudios Internacionales y Europeos “Francisco de Vitoria” de la Universidad Carlos III de Madrid";1;1;5640;España;1988-0618;;;"Estudios latinoamericanos"
15537;"Revista electrónica interuniversitaria de formación del profesorado";"Edit. UM; Asociación Universitaria de Formación del Profesorado (AUFOP)";1;1;5643;España;1575-0965;;;"Educación, Psicología"
23410;"Revista elektron";"Departamento de Electrónica de la Facultad de Ingeniería de la Universidad de Buenos Aires, Facultad de Ingeniería, Departamento de Electrónica";1;1;9801;Argentina;2525-0159;2525-0159;;"Computación, Física, Ingeniería de comunicaciones, electrónica y control, Tecnología, Inteligencia artificial-robótica, Energía, Ingeniería de materiales, Ingeniería de instrumentos, Telecomunicaciones"
22193;"Revista Eletrônica Científica da UERGS";"Universidade Estadual do Rio Grande do Sul (UERGS)";1;1;9120;Brasil;2448-0479;2448-0479;;Multidisciplinarias
24361;"Revista Eletrônica Competências Digitais para Agricultura Familiar";"Universidade Estadual Paulista Júlio de Mesquita Filho (UNESP)";1;1;10201;Brasil;2448-0452;2448-0452;;"Agronomía, Ciencias de la información, Derecho agrario, Economía agrícola, Ciencia y Tecnología"
21241;"Revista eletrônica de direito processual";"Universidade do Estado do Rio de Janeiro, Faculdade de Direito, Departamento de Direito Processual";1;1;8452;Brasil;1982-7636;;;"Derecho procesal"
15551;"Revista Eletrônica de Enfermagem";"Universidade Federal de Goiás (UFG)";1;1;5652;Brasil;1518-1944;1518-1944;;Enfermería
15572;"Revista Empresa y humanismo";"Universidad de Navarra, Servicio de Publicaciones";1;1;5672;España;2254-6413;1139-7608;1139-7608;"Administración, Economía, Economía de la empresa"
25198;"Revista Enfermería a la Vanguardia";"Universidad Nacional San Luis Gonzaga de Ica. Facultad de Enfermería";1;1;10449;Perú;2308-7838;2308-1791;;Enfermería
15579;"Revista Enfermería Herediana";"Universidad Peruana Cayetano Heredia, Facultad de Enfermería";1;1;5677;Perú;2075-4000;2225-7616;1998-5487;Enfermería
26763;"Revista enfermería neonatal.";"FUNDASAMIN-Fundación para la Salud Materno Infantil";1;1;10922;Argentina;2591-6424;2591-6424;;Enfermería
15580;"Revista enfoques";"Universidad Central de Chile, Facultad de Ciencias Políticas y Administración Pública";1;1;5678;Chile;0718-9656;0718-0241;0718-0241;"Ciencia política y administración pública"
27398;"Revista Enfoques de la Comunicación";"Consejo de Regulación, Desarrollo y Promoción de la Información y Comunicación";1;1;11056;Ecuador;2806-5646;2661-6939;;"Ciencias de la comunicación, Derechos humanos"
27620;"Revista enfoques educacionales (En línea)";"Universidad de Chile, Facultad de Ciencias Sociales";1;1;11125;Chile;2735-7279;0717-3229;;Educación
21801;"Revista entramados";"Universidad Nacional de Mar del Plata. Facultad de Humanidades. Centro de Investigaciones Multidisciplinarias en Educación. Grupo de Investigaciones en Educación y Estudios Culturales";1;1;8840;Argentina;2422-6459;2422-6459;;"Educación superior"
28334;"Revista Entropía Educativa";"Entropía Educativa";1;1;11984;Colombia;2981-4723;2981-4723;;"Ciencias de la información, Ciencias sociales y humanidades, Educación, Tecnología educativa, Educación superior"
26680;"Revista ERUDITUS";"Universidad Tecnológica Israel";1;1;10910;Ecuador;2697-3413;;;"Administración, Contabilidad, Economía, Finanzas"
29374;"Revista Escuela, Familia y Comunidad.";"Universidad Técnica de Machala";1;1;11641;Ecuador;2960-8023;;;Educación
21693;"Revista ESMAT";"Tribunal de Justiça do Estado do Tocantins (TJTO)";1;1;8767;Brasil;2447-9896;2177-0360;2177-0360;"Derecho y jurisprudencia"
20273;"Revista ESPAMCIENCIA";"Escuela Superior Politécnica Agropecuaria de Manabí Manuel Félix López";1;1;7953;Ecuador;1390-8103;1390-597X;;Multidisciplinarias
19750;"Revista española de antropología americana";"Servicio de publicaciones. Universidad Complutense de Madrid";1;1;7567;España;1988-2718;0556-6533;0556-6533;"Antropología, Estudios latinoamericanos"
23903;"Revista española de casos clínicos de medicina interna";"Grupo CTO";1;1;10051;España;2530-0792;2530-0792;;Medicina
15592;"Revista española de ciencia política";"Asociación Española de Ciencia Política y de la Administración";1;1;5683;España;2173-9870;1575-6548;1575-6548;"Ciencia política y administración pública"
15602;"Revista española de cirugía oral y maxilofacial";"Sociedad Española de Cirugía Oral y Maxilofacial";1;1;5690;España;2173-9161;1130-0558;1130-0558;"Cirugía, Medicina"
15604;"Revista española de cirugía osteoarticular";"Sociedad de Traumatología y Cirugía Ortopédica de la Comunidad Valenciana";1;1;11270;España;2605-1656;0304-5056;0304-5056;"Cirugía, Medicina, Traumatología y ortopedia"
15605;"Revista Española de Comunicación en Salud";"Departamento de Comunicación de la Universidad Carlos III de Madrid y la Asociación Española de Comunicación Sanitaria";1;1;5691;España;1989-9882;1989-9882;;"Ciencias de la comunicación, Salud pública"
15608;"Revista española de derecho constitucional";"Centro de Estudios Constitucionales";1;1;5694;España;1989-0648;0211-5743;0211-5743;"Derecho y jurisprudencia"
15612;"Revista española de desarrollo y cooperación";"Universidad Complutense de Madrid";1;1;5698;España;2794-0462;2794-0462;1137-8875;"Ciencia política y administración pública, Ciencias sociales y humanidades, Relaciones internacionales, Sociología, Desarrollo económico"
20954;"Revista española de discapacidad";"Centro Español de Documentación e Investigación sobre Discapacidad (CEDIC)";1;1;8391;España;2340-5104;2340-5104;;"Derecho público, Educación, Multidisciplinarias, Psicología, Sociología, Trabajo social"
15613;"Revista española de documentación científica";"Editorial CSIC";1;1;5699;España;1988-4621;0210-0614;0210-0614;"Bibliotecología, Ciencias de la información"
15619;"Revista Española de Educación Comparada";"Universidad Nacional de Educación a Distancia;Sociedad Española de Educación Comparada (SEEC)";1;1;5703;España;2174-5382;1137-8654;1137-8654;Educación
15625;"Revista española de estudios agrosociales y pesqueros";"Universidad de Valladolid";1;1;5707;España;2605-0323;1575-1198;1575-1198;"Economía, Economía agrícola"
15634;"Revista española de investigación criminológica";"Sociedad Española de Investigación Criminológica";1;1;5714;España;1696-9219;;;"Derecho penal, Psicología, Sociología, Criminología"
15637;"Revista española de investigaciones sociológicas";"Centro de Investigaciones Sociológicas";1;1;5716;España;1988-5903;0210-5233;0210-5233;"Ciencia política y administración pública, Sociología"
22287;"Revista española de la transparencia: RET";"Asociación Española de Acreditación de la Transparencia";1;1;9180;España;2444-2607;;;"Ciencia política y administración pública"
15640;"Revista española de lingüística";"Sociedad Española de Lingüística";1;1;5718;España;2254-8769;0210-1874;0210-1874;Lingüística
26;"Revista española de orientación y psicopedagogía";"Asociación Española de Orientación y Psicopedagogía (AEOP)";1;1;17;España;1989-7448;1139-7853;1139-7853;"Educación, Pedagogía, Psicología"
15653;"Revista española de pedagogía";"Universidad Internacional de La Rioja (UNIR)";1;1;5725;España;2174-0909;0034-9461;0034-9461;"Educación, Pedagogía"
15655;"Revista española de podología";"Consejo General de Colegios Oficiales de Podólogos";1;1;5727;España;2695-463X;0210-1238;0210-1238;"Traumatología y ortopedia"
12941;"Revista española de sociología";"Federación Española de Sociología";1;1;4527;España;2445-0367;1578-2824;1578-2824;Sociología
24003;"Revista especializada en investigación jurídica";"Universidad Autónoma de Ciudad Juárez, Instituto de Ciencias Sociales y Administración";1;1;10090;México;2448-8739;2448-8739;;"Derecho y jurisprudencia"
28704;"Revista Especializada Justicia Electoral y Democracia.";"Tribunal Contencioso Electoral";1;1;11792;Ecuador;2960-8155;2960-8155;;"Ciencia política y administración pública, Derecho y jurisprudencia"
21322;"Revista Espiga";"Universidad Estatal a Distancia";1;1;8525;"Costa Rica";2215-454X;1409-4002;1409-4002;"Arte, Literatura, Humanidades"
20187;"Revista Espinhaço";"Universidade Federal dos Vales do Jequitinhonha e Mucuri (UFVJM)";1;1;7878;Brasil;2317-0611;2317-0611;;Geografía
22684;"Revista ESTOA";"Universidad de Cuenca, Facultad de Arquitectura y Urbanismo, Centro de Investigación";1;1;9375;Ecuador;1390-9274;;;"Arquitectura, Urbanismo, Humanidades"
15675;"Revista Estomatológica Herediana";"Universidad Peruana Cayetano Heredia, Facultad de Estomatología";1;1;5741;Perú;2225-7616;1019-4355;;Odontología
26859;"Revista Estudiantil CEUS (Ciencia Estudiantil Unidad de Salud)";"Universidad Católica de Cuenca";1;1;10947;Ecuador;2806-5514;;;"Medicina, Salud pública"
7061;"Revista Estudios";"Universidad de Costa Rica";1;1;2319;"Costa Rica";1659-3316;1659-1925;1659-1925;Humanidades
20693;"Revista estudios ambientales";"Universidad Nacional del Centro de la Provincia de Buenos Aires; Facultad de Ciencias Humanas; Centro de Investigaciones y Estudios Ambientales";1;1;8246;Argentina;2347-0941;2347-0941;;"Ecología, Multidisciplinarias"
28333;"Revista estudios de la información";"Universidad Autónoma de Chihuahua, Cuerpo Académico de Estudios de la Información";1;1;11856;México;2992-8184;2992-8184;;"Bibliotecología, Ciencias de la información"
23859;"Revista Estudios Socio-Juridicos";"Universidad del Rosario";1;1;11464;Colombia;2145-4531;0124-0579;0124-0579;"Derecho comparado, Derecho internacional, Derecho penal, Derecho público"
24681;"Revista Estudos e Pesquisas em Administração";"Universidade Federal de Mato Grosso (UFMT)";1;1;10274;Brasil;2594-7559;2594-7559;;Administración
15679;"Revista Estudos Feministas";"Universidade Federal de Santa Catarina (UFSC)";1;1;5745;Brasil;1806-9584;0104-026X;0104-026X;"Sociología, Estudios de género"
24137;"Revista Eugenio Espejo";"Universidad Nacional de Chimborazo";1;1;10139;Ecuador;2661-6742;1390-7581;;"Salud pública"
15683;"Revista Eureka sobre enseñanza y divulgación de las Ciencias";"Universidad de Cádiz";1;1;5748;España;1697-011X;1697-011X;;Educación
22623;"Revista euroamericana de antropología";"Ediciones Universidad de Salamanca";1;1;9331;España;2387-1555;2387-1555;;"Antropología, Estudios latinoamericanos"
22832;"Revista eurolatinoamericana de derecho administrativo";"Ediciones UNL";1;1;9472;Argentina;2362-583X;2362-583X;;"Derecho y jurisprudencia, Derecho comparado, Derecho público"
15687;"Revista Europea de Estudios Latinoamericanos y del Caribe";"Centro de Estudios y Documentación Latinoamericanos (CEDLA)";1;1;5751;Iberoamericanistas-Europa;0924-0608;1879-4750;;"Ciencias sociales y humanidades, Estudios latinoamericanos"
29078;"Revista ex lege electrónica";"Universidad La Salle Bajío, Facultad de Derecho, Criminología y Gobernanza";1;1;12049;México;2395-9223;2395-9223;;"Ciencia política y administración pública, Derecho y jurisprudencia, Derecho internacional, Criminología, Derechos humanos"
22879;"Revista Experiencia en Medicina";"Hospital Regional de Lambayeque";1;1;9502;Perú;2412-4214;2412-4214;;Medicina
24635;"Revista Expressão Católica";"Centro Universitário Católica de Quixadá (UNICATÓLICA)";1;1;10262;Brasil;2357-8483;2237-8782;;Multidisciplinarias
19758;"Revista Facultad de Ingeniería";"Universidad Pedagógica y Tecnológica de Colombia";1;1;7574;Colombia;2357-5328;0121-1129;0121-1129;"Ingeniería, Tecnología, Metalurgia, Telecomunicaciones"
25419;"Revista Facultad de Ingeniería Universidad de Antioquia";"Universidad de Antioquia";1;1;10553;Colombia;2422-2844;0120-6230;0120-6230;Ingeniería
26557;"Revista Facultad de Jurisprudencia.";"Pontificia Universidad Católica del Ecuador";1;1;10885;Ecuador;2588-0837;;;"Ciencia política y administración pública, Derecho y jurisprudencia, Economía, Historia, Sociología"
15705;"Revista Facultad de Odontología Universidad de Antioquia";"Universidad de Antioquia";1;1;5762;Colombia;2145-7670;0121-246X;0121-246X;Odontología
26272;"Revista FAECO Sapiens";"Universidad de Panamá, Facultad de Administración de Empresas y Contabilidad";1;1;10824;Panamá;2644-3821;2644-3821;;"Administración, Contabilidad, Multidisciplinarias, Finanzas"
25776;"Revista Fidélitas";"Universidad Fidélitas";1;1;11282;"Costa Rica";2215-6070;2215-6070;;Multidisciplinarias
24174;"Revista filosofía UIS";"Universidad Industrial de Santander";1;1;10161;Colombia;2145-8529;1692-2484;1692-2484;Filosofía
15738;"Revista Forestal del Perú";"Universidad Nacional Agraria La Molina, Facultad de Ciencias Forestales";1;1;5772;Perú;2523-1855;0556-6592;0556-6592;Agronomía
15740;"Revista Forestal Mesoamericana Kurú";"Instituto Tecnológico de Costa Rica";1;1;5774;"Costa Rica";2215-2504;;;"Recursos naturales no renovables"
26528;"Revista Franz Tamayo";"Universidad Adventista de Bolivia (UAB)";1;1;12020;Bolivia;2710-088X;2710-088X;;"Educación, Pedagogía, Educación media o secundaria, Educación preescolar, Educación primaria, Educación superior"
15749;"Revista Fuentes";"Universidad de Sevilla. Facultad de Ciencias de la Educación";1;1;5780;España;2172-7775;1575-7072;;Educación
24888;"Revista galega de dereito social";"Consello Galego de Relacións Laborais";1;1;10355;España;1696-3083;1131-6926;;"Derecho comparado, Derecho laboral"
15751;"Revista galega de economía";"Universidad de Santiago de Compostela, Servicio de Publicaciones e Intercambio Científico";1;1;5782;España;2255-5951;1132-2799;1132-2799;Economía
15752;"Revista Galega de Filoloxía";"Servizo de Publicacións da Universidade da Coruña";1;1;5783;España;2444-9121;1576-2661;1576-2661;"Lingüística, Filología"
19763;"Revista general de información y documentación";"Servicio de publicaciones. Universidad Complutense";1;1;7579;España;1988-2858;1132-1873;1132-1873;"Bibliotecología, Ciencias de la información"
15775;"Revista Geoespacial";"Universidad de las Fuerzas Armadas";1;1;5803;Ecuador;2600-5921;;1390-3993;"Geodesia, Geofísica, Multidisciplinarias, Tecnología, Ciencia y Tecnología"
15780;"Revista Geográfica de América Central";"Universidad Nacional";1;1;5808;"Costa Rica";2215-2563;1011-484X;1011-484X;Geografía
26522;"Revista geográfica de Chile Terra Australis";"Instituto Geográfico Militar y el Observatorio de Gestión de Riesgo de Desastres de la Universidad Bernardo O'Higgins";1;1;10876;Chile;0719-9562;0378-8482;;"Cartografía, Ciencias atmosféricas, Geodesia, Geofísica, Ciencias de la tierra, Ciencia"
26957;"Revista Geographia";"Universidade Federal Fluminense (UFF)";1;1;10958;Brasil;2674-8126;1517-7793;;Geografía
15786;"Revista Geológica de América Central";"Universidad de Costa Rica";1;1;5812;"Costa Rica";2215-261X;0256-7024;0256-7024;Geología
20672;"Revista Geotemas";"Universidade do Estado do Rio Grande do Norte (UERN)";1;1;8231;Brasil;2236-255X;2236-255X;;"Agronomía, Geografía, Planificación del desarrollo, Planificación urbana"
24462;"Revista Gepesvida";"Instituto de Consultoria e Pós-graduação (ICEP)";1;1;10224;Brasil;2447-3545;2447-3545;;Educación
19764;"Revista Gestão & Conexões";"Universidade Federal do Espírito Santo (UFES)";1;1;7580;Brasil;2317-5087;2317-5087;;Administración
15566;"Revista Gestão & Saúde";"Universidade de Brasília (UnB)";1;1;5666;Brasil;1982-4785;1982-4785;;"Administración, Ciencia política y administración pública, Salud pública, Enfermería, Estudios sociales de la salud"
24297;"Revista Gestão & Sustentabilidade";"Universidade Federal da Fronteira Sul (UFFS)";1;1;11630;Brasil;2596-142X;2596-142X;;Administración
26858;"Revista Gestão e Organizações";"Instituto Federal de Educação, Ciência e Tecnologia da Paraíba (IFPB)";1;1;10946;Brasil;2526-2289;2526-2289;;Administración
23327;"Revista Gestión de la Innovación en Educación Superior";"Centro de Innovación en Educación CIEDU";1;1;9751;Chile;0719-7624;0719-742X;0719-742X;"Educación superior"
15795;"Revista Gestión de las Personas y Tecnología";"Universidad de Santiago de Chile, Facultad Tecnológica. Departamento de Tecnologías Generales";1;1;5819;Chile;0718-5693;0718-5693;;Administración
24382;"Revista GICOS";"Universidad de Los Andes";1;1;10208;Venezuela;2610-797X;2610-797X;;"Epidemiología, Salud pública"
15799;"Revista Globalización, competitividad y gobernabilidad";"Georgetown University";1;1;5820;España;1988-7116;1988-7116;;"Ciencia política y administración pública, Economía de la empresa"
22418;"Revista Gobierno y Gestión Pública";"Universidad San Martin de Porres, Instituto de Gobierno y de Gestión Pública";1;1;9260;Perú;2414-4991;2414-4991;;"Ciencia política y administración pública"
29913;"Revista Gregoriana de Ciencias de la Salud";"Universidad San Gregorio de Portoviejo";1;1;11942;Ecuador;3028-8940;;;"Medicina, Odontología, Enfermería"
28679;"Revista guatemalteca de cultura";"Universidad de San Carlos de Guatemala, Facultad de Humanidades";1;1;11459;Guatemala;2789-4207;2789-4207;;Multidisciplinarias
26042;"Revista guatemalteca de educación superior";"Universidad de San Carlos de Guatemala, Facultad de Humanidades, Escuela de Estudios de Postgrado";1;1;10762;Guatemala;2708-9584;2708-9584;;"Ciencias sociales y humanidades"
28825;"Revista guatemalteca de urología";"Asociación Urológica de Centro América y el Caribe";1;1;11725;Guatemala;2706-8048;2706-8048;2707-9805;Cirugía
8124;"Revista Guillermo de Ockham";"Universidad de San Buenaventura";1;1;2764;Colombia;2256-3202;1794-192X;1794-192X;"Ciencias sociales y humanidades"
15805;"Revista habanera de Ciencias médicas";"Universidad de Ciencias Médicas de La Habana";1;1;5822;Cuba;1729-519X;;;"Salud pública"
19766;"Revista hábitat sustentable";"Universidad del Bío Bío, Facultad de Arquitectura, Construcción y Diseño";1;1;7582;Chile;0719-0700;0719-0700;;"Arquitectura, Ecología, Recursos naturales no renovables, Energía"
27215;"Revista herediana de rehabilitación";"Universidad Peruana Cayetano Heredia, Facultad de Medicina Alberto Hurtado,  Escuela de Tecnologia Médica";1;1;11053;Perú;2518-8526;2518-8526;;"Terapéutica y rehabilitación"
24941;"Revista hidrolatinoamericana de jóvenes investigadores y profesionales";"International Association for Hydro-Environment Engineering and Research (IAHR)";1;1;10375;España;2520-2960;2520-2960;;"Ingeniería civil, Ingeniería marina y portuaria, Ingeniería hidráulica, Medio ambiente"
27177;"Revista Higía de la Salud";"Instituto Superior Universitario Portoviejo";1;1;11002;Ecuador;2773-7705;;;"Medicina, Salud pública"
21719;"Revista hispanoamericana de ciencias de la salud";"Universidad Hispanoamericana de Costa Rica";1;1;8787;"Costa Rica";2215-4256;2215-4248;2215-4248;"Medicina, Salud pública"
19769;"Revista Historia Autónoma";"Universidad Autónoma de Madrid";1;1;7585;España;2254-8726;2254-8726;;"Historia, Multidisciplinarias"
28964;"Revista Historia Económica de América Latina";"Asociación Uruguaya de Historia Económica (AUDHE)";1;1;11934;Uruguay;2982-4443;2982-4443;;"Ciencias sociales y humanidades, Economía, Historia"
28398;"Revista Hormigón";"Asociación Argentina de Tecnología del Hormigón";1;1;11375;Argentina;2718-9058;0325-8947;;"Ingeniería, Ingeniería de materiales, Industria"
29999;"Revista Humanidades";"Universidad de El Salvador";1;1;12028;"El Salvador";3080-7050;2309-687X;;"Arte, Cultura, Filosofía, Lingüística, Literatura, Humanidades"
20303;"Revista Humanismo y Cambio Social";"Miguel Ayerdis Garcia";1;1;7972;Nicaragua;2412-2572;;2309-6713;"Bibliotecología, Ciencias de la comunicación, Ciencias sociales y humanidades, Derecho y jurisprudencia, Historia, Relaciones internacionales"
25707;"Revista Iberoamericana Ambiente & Sustentabilidad";"Universidad Estatal del Sur de Manabí";1;1;10635;Ecuador;2697-3529;2697-3510;;"Ecología, Turismo, Medio ambiente"
25493;"Revista iberoamericana de aprendizaje servicio";"Universidad de Barcelona";1;1;10579;España;2339-9341;2339-9341;;Educación
15824;"Revista iberoamericana de argumentación";"Universidad Autónoma de Madrid Ediciones";1;1;5831;España;2172-8801;;;Filosofía
15827;"Revista iberoamericana de automática e informática industrial";"Universidad Politécnica de Valencia [PoliPapers]";1;1;5834;España;1697-7920;1697-7912;;"Ingeniería de comunicaciones, electrónica y control, Inteligencia artificial-robótica"
22391;"Revista Iberoamericana de Bioeconomía y Cambio Climàtico";"Editorial Universitaria, UNAN-León";1;1;9244;Nicaragua;2410-7980;2410-7980;;"Biotecnología, Ciencias de la tierra, Economía agrícola"
23488;"Revista iberoamericana de bioética";"Universidad Pontificia Comillas";1;1;9843;España;2529-9573;2529-9573;;"Etica, Filosofía"
15828;"Revista iberoamericana de ciencia tecnología y sociedad";"Centro de Estudios sobre Ciencia Desarrollo y Educación Superior";1;1;5835;Argentina;1850-0013;1668-0030;;Multidisciplinarias
24183;"Revista iberoamericana de economía solidaria e innovación socioecológica";"Servicio de Publicaciones de la Universidad de Huelva";1;1;10163;España;2659-3351;2659-3351;;"Administración, Economía, Geografía, Sociología, Desarrollo económico, Economía de la empresa"
26450;"Revista Iberoamericana de Educación";"Instituto Tecnológico Superior Corporativo Edwards Deming";1;1;10867;Ecuador;2737-632X;;;Educación
15838;"Revista iberoamericana de educación";"Organización de Estados Iberoamericanos";1;1;5841;España;1681-5653;1022-6508;1022-6508;Educación
27308;"Revista Iberoamericana de Educación e Investigación en Enfermería";"Difusión Avances de Enfermería (DAE)";1;1;11049;España;2254-4100;2174-6915;2174-6915;"Multidisciplinarias, Salud pública, Enfermería, Educación superior"
15839;"Revista iberoamericana de educación superior";"Universidad Nacional Autónoma de México,  Instituto de Investigaciones sobre la Universidad y la Educación; Universia";1;1;5842;México;2007-2872;2007-2872;;Educación
19776;"Revista Iberoamericana de Estudios de Desarrollo";"Red Española de Estudios del Desarrollo (REEDES); Universidad de Zaragoza, Cátedra de Cooperación para el Desarrollo";1;1;7589;España;2254-2035;2254-2035;;"Multidisciplinarias, Estudios latinoamericanos"
22784;"Revista iberoamericana de estudios municipales";"Doctorado Ciencias Sociales";1;1;9445;Chile;0719-1790;0718-8838;;"Ciencia política y administración pública, Ciencias sociales y humanidades, Planificación del desarrollo"
15843;"Revista Iberoamericana de Evaluación Educativa";"Universidad Autónoma de Madrid; Red Iberoamericana de Investigación sobre Cambio y Eficacia Escolar";1;1;5846;España;1989-0397;1989-0397;;Educación
20960;"Revista iberoamericana de gobierno local";"Centro Iberoamericano de Gobernabilidad, Administración y Políticas Públicas Locales (CIGOB)";1;1;11497;España;2173-8254;2173-8254;;"Administración, Ciencia política y administración pública, Derecho comparado, Derecho público, Desarrollo económico"
29382;"Revista Iberoamericana de Innovación Científica JA TUAIDA";"Universidad Autónoma de Chiriquí";1;1;11956;Panamá;2992-6440;2992-6440;;"Administración, Ciencias sociales y humanidades, Educación, Psicología, Turismo, Trabajo social"
28003;"Revista Iberoamericana de Investigación en Educación (RIIED)";EDUNETIC;1;1;11389;Bolivia;2789-3499;2790-2021;;"Ciencias sociales y humanidades, Educación, Pedagogía, Tecnología educativa, Educación preescolar, Educación primaria"
22069;"Revista iberoamericana de la propiedad intelectual";"Universidad Austral (Argentina), Universidad de La Sabana (Colombia), Universidad Panamericana (México).";1;1;11009;Argentina;2422-569X;2422-569X;;"Derecho y jurisprudencia"
15852;"Revista iberoamericana de psicología";"Corporación Universitaria Iberoamericana";1;1;5853;Colombia;2500-6517;2027-1786;2027-1786;Psicología
19777;"Revista iberoamericana de tecnología en educación y educación en tecnología";"Red de Universidades Nacionales con Carreras de Informática (RedUNCI); Facultad de Informática, Universidad Nacional de La Plata";1;1;7590;Argentina;1850-9959;1850-9959;;Educación
15535;"Revista Iberoamericana sobre Calidad, Eficacia y Cambio en Educación";"Universidad Autónoma de Madrid";1;1;5641;España;1696-4713;;;Educación
28090;"Revista ID EST (Investigación, Desarrollo, Educación, Servicio y Trabajo)";"La fundación Fundación de Estudios Superiores Monseñor Abraham Escudero Montoya FUNDES";1;1;11881;Colombia;2745-1194;2745-1194;;"Ciencias sociales y humanidades"
15870;"Revista IDEAS";"Universidade Federal Rural do Rio de Janeiro (UFRRJ)";1;1;5861;Brasil;1984-9834;1982-257X;;"Antropología, Ciencias sociales y humanidades, Sociología, Desarrollo económico, Economía agrícola, Planificación del desarrollo"
26308;"Revista IDI (+).";"Instituto Tecnológico de Costa Rica";1;1;10834;"Costa Rica";2215-5112;2215-5112;;Industria
27082;"Revista IECOS";"Universidad Nacional de Ingeniería. Facultad de Ingeniería Económica Estadística y Ciencias Sociales";1;1;10986;Perú;2788-7480;2788-7480;;"Economía, Estadística"
21912;"Revista indexada de textos académicos";"redfundamentos S.L.";1;1;8928;España;2386-7027;2340-9711;2340-9711;Arquitectura
22231;"Revista infancia, educación y aprendizaje";"Universidad de Valparaíso. Facultad de Medicina, Escuela de Educación Parvularia";1;1;9146;Chile;0719-6202;0719-6202;;"Educación, Planificación educativa, Educación media o secundaria, Educación preescolar, Educación primaria"
26962;"Revista Informação na Sociedade Contemporânea";"Universidade Federal do Rio Grande do Norte (UFRN)";1;1;10961;Brasil;2447-0198;2447-0198;;"Bibliotecología, Ciencias de la información"
15887;"Revista ingeniería de construcción";"Pontificia Universidad Católica de Chile";1;1;5868;Chile;0718-5073;0716-2952;0716-2952;"Ingeniería civil, Ingeniería minera"
28905;"Revista Ingeniería e Innovación del Futuro";"Editorial Scientific Future";1;1;11552;Ecuador;3028-869X;;;"Ciencias exactas"
26527;"Revista ingeniería y sus alcances";"Centro de Estudios Transdisciplinarios Bolivia";1;1;11673;Bolivia;2664-8245;2664-8245;;Ingeniería
28209;"Revista Ingenio";"Universidad Francisco de Paula Santander Ocaña";1;1;11394;Colombia;2389-864X;2011-642X;;"Ingeniería civil, Ingeniería mecánica, Tecnología, Inteligencia artificial-robótica, Telecomunicaciones"
28966;"Revista Ingenio global";"Editorial Innova";1;1;11535;Ecuador;3028-8800;;;"Ciencias sociales y humanidades, Ingeniería, Tecnología, Ciencias exactas, Ciencias naturales"
26003;"Revista innova educación";"Instituto Universitario de Innovación Ciencia y Tecnología Inudi Perú";1;1;10747;Perú;2664-1496;2664-1488;;Educación
27854;"Revista Innovación Digital y Desarrollo Sostenible - IDS";"Institución Universitaria Digital de Antioquia";1;1;12030;Colombia;2711-3760;2711-3760;;"Administración, Ingeniería, Medicina, Humanidades, Zootecnia, Ciencias naturales"
29306;"Revista Innovación Universitaria";"Universidad Internacional de las Américas";1;1;11928;"Costa Rica";2953-7606;2953-7606;;Multidisciplinarias
24747;"Revista Insignare Scientia";"Universidade Federal da Fronteira Sul (UFFS)";1;1;10299;Brasil;2595-4520;2595-4520;;Ciencia
22256;"Revista Institucional de Investigación Metanoia: Ciencia, Tecnología, Innovación";"Universidad Regional Autónoma de los Andes-Extensión Tulcán";1;1;9162;Ecuador;2953-6545;1390-9282;1390-9282;"Administración, Ciencias sociales y humanidades, Computación, Salud pública"
15905;"Revista integración y cooperación internacional";"Vanesa Castello";1;1;5878;Argentina;1852-9798;1852-9798;;"Ciencia política y administración pública"
15906;"Revista interamericana de ambiente y turismo";"Universidad de Talca";1;1;5879;Chile;0718-235X;0717-6651;0717-6651;"Economía, Turismo, Desarrollo económico, Economía de la empresa"
29579;"Revista interamericana de cardiología";"Publicaciones Permanyer";1;1;12000;España;2938-4443;2938-4443;;Cardiología
26834;"Revista Interdisciplinar de Ciência Aplicada";"Universidade de Caxias do Sul (UCS)";1;1;11631;Brasil;2525-3824;2525-3824;;Multidisciplinarias
29082;"Revista Interdisciplinaria de Educación, Salud, Actividad Física y Deporte.";"Centro Internacional de Altos Estudios para la Promoción de la Educación e Innovación - CIAEPEI";1;1;11936;Ecuador;3073-1046;;;Educación
21484;"Revista interdisciplinaria de estudios de género de El Colegio de México";"El Colegio de México, Programa Interdisciplinario de Estudios de la Mujer";1;1;8630;México;2395-9185;2395-9185;;"Sociología, Estudios de género"
25569;"Revista interdisciplinaria de estudios sociales.";"Ediciones del CEISO";1;1;10598;Argentina;2469-1860;1853-1679;;"Ciencias sociales y humanidades"
27260;"Revista interdisciplinaria de fenomenología";EditUCES;1;1;11237;Argentina;2718-8698;2718-8698;;"Antropología, Filosofía, Lingüística, Literatura, Psicología, Sociología"
28249;"Revista Interdisciplinaria de Teología";"Seminario Internacional Teológico Bautista";1;1;11977;Argentina;2953-5336;2953-5336;;Religión
24263;"Revista Interinstitucional Artes de Educar";"Universidade do Estado do Rio de Janeiro (UERJ)";1;1;11326;Brasil;2359-6856;2359-6856;;Educación
23190;"Revista internacional Consinter de direito";"Consiter - Conselho Internacional de Estudos Contemporâneos em Pós-Graduação";1;1;9678;Portugal;2183-9522;2183-6396;;"Derecho civil, Multidisciplinarias"
22835;"Revista internacional de apoyo a la inclusión, logopedia, sociedad y multiculturalidad";"Universidad de Jaén";1;1;9473;España;2387-0907;2387-0907;;"Ciencias sociales y humanidades, Educación, Pedagogía, Psicología"
29498;"Revista internacional de ciencias sociales";"Universidad Nacional de Tumbes. Facultad de Ciencias Sociales";1;1;11768;Perú;2955-8778;2955-8778;;"Ciencias de la comunicación, Psicología, Educación media o secundaria, Educación superior"
24052;"Revista internacional de cooperación y desarrollo";"Universidad de San Buenaventura";1;1;11882;Colombia;2382-5014;2382-5014;;"Ciencias sociales y humanidades, Economía, Relaciones internacionales, Desarrollo económico, Educación superior, Derechos humanos"
15928;"Revista Internacional de Culturas y Literaturas";"Universidad de Sevilla";1;1;5890;España;1885-3625;1885-3625;;"Literatura, Estudios de género"
15930;"Revista Internacional de Derecho Romano";"Universidad de Oviedo, Facultad de Derecho, Área de Derecho Romano";1;1;5892;España;1989-1970;1989-1970;;"Derecho y jurisprudencia"
750;"Revista internacional de derechos humanos";"Universidad Austral";1;1;11929;Argentina;2422-7188;2250-5210;2250-5210;"Derecho civil"
20486;"Revista Internacional de Doctrina y Jurisprudencia";"Universidad de Almería, Grupo de Investigación ""Derecho Civil y Bienestar Social""";1;1;8102;España;2255-1824;;;"Derecho y jurisprudencia, Derecho civil"
22910;"Revista internacional de educación para la justicia social";"Universidad Autónoma de Madrid";1;1;9527;España;2254-3139;2254-3139;;Educación
29955;"Revista Internacional de Estudios Asiáticos";"Universidad de Costa Rica";1;1;11915;"Costa Rica";2215-6623;2215-6623;;Cultura
29916;"Revista Internacional de Estudios en Ciencias Administrativas STRATEGOS.";"Universidad de Guayaquil";1;1;11851;Ecuador;3073-1291;3073-1291;;"Administración, Contabilidad, Economía, Turismo, Finanzas"
25410;"Revista internacional de estudios en educación";"Universidad de Montemorelos";1;1;11196;México;2954-3401;1405-9525;1405-9525;Educación
19784;"Revista internacional de estudios migratorios";"Centro de Estudios de las Migraciones y las Relaciones Interculturales (CEMyRI)";1;1;7597;España;2173-1950;2173-1950;;Sociología
15938;"Revista Internacional de Folkcomunicação";"Universidade Estadual de Ponta Grossa (UEPG)";1;1;5897;Brasil;1807-4960;1807-4960;;"Ciencias de la comunicación"
28298;"Revista Internacional de Gestión, Innovación y Sostenibilidad Turística";"Escuela Superior Poliltécnica Agropecuaria de Manabí Manuel Félix López";1;1;11335;Ecuador;2806-5700;2806-5700;;Turismo
21503;"Revista Internacional de Historia de la Comunicación";"Editorial de la Universidad de Sevilla";1;1;8645;España;2255-5129;2255-5129;;"Ciencias de la comunicación, Ciencias de la información, Historia"
15941;"Revista internacional de ingeniería de estructuras";"Universidad de las Fuerzas Armadas ESPE";1;1;5898;Ecuador;2697-3669;1390-0315;1390-0315;Ingeniería
23749;"Revista internacional de investigación en adicciones";"Centros de Integración Juvenil A.C.";1;1;9975;México;2448-6396;2448-573X;2448-573X;"Psicología, Psiquiatría"
25876;"Revista internacional de lenguas extranjeras";"Universidad Rovira i Virgili";1;1;10704;España;2014-8100;2014-8100;;"Educación, Lingüística, Filología"
15949;"Revista internacional de métodos numéricos para cálculo y diseño en ingeniería";SCIPEDIA;1;1;5905;España;1886-158X;0213-1315;0213-1315;Matemáticas
15950;"Revista Internacional de Organizaciones";"Universidad Rovira i Virgili";1;1;5906;España;1886-4171;;;Sociología
15951;"Revista Internacional de Pensamiento Político";"Aconcagua Libros";1;1;5907;España;2695-575X;1885-589X;1885-589X;"Ciencia política y administración pública"
15956;"Revista Internacional de Relaciones Públicas";"Instituto de Investigación en Relaciones Públicas";1;1;5912;España;2174-3681;2174-3681;;"Ciencias de la comunicación"
24882;"Revista internacional de salud materno fetal";"Sociedad Materno Fetal";1;1;10352;Perú;2519-9994;2519-9994;;"Ginecologia y obstetricia"
15957;"Revista internacional de sociología";"Editorial CSIC";1;1;5913;España;1988-429X;0034-9712;0034-9712;Sociología
24825;"Revista internacional de turismo y empresa";"UCOPress. Editorial Universidad de Córdoba";1;1;10334;España;2530-7134;2530-7134;;Turismo
22334;"Revista internacional DIGILEC";"Universidade da Coruña";1;1;9208;España;2386-6691;2386-6691;;"Cultura, Educación, Lingüística"
22450;"Revista Internacional y Comparada de Relaciones Laborales y Derecho del Empleo";"ADAPT University Press";1;1;9281;Iberoamericanistas-Europa;2282-2313;;;"Derecho laboral"
22897;"Revista interuniversitaria de investigación en tecnología educativa";"Universidad de Murcia";1;1;9517;España;2529-9638;2529-9638;;"Educación, Pedagogía, Tecnología educativa"
30003;"Revista Investigación y Educación en Salud";"Universidad Estatal del Sur de Manabí";1;1;12034;Ecuador;2960-818X;2960-818X;;"Medicina, Enfermería"
26335;"Revista Investigaciones Agropecuarias";"Universidad de Panamá. Facultad de Ciencias Agropecuarias";1;1;10843;Panamá;2644-3856;2644-3856;;"Agronomía, Ganadería, Pesca, Veterinaria, Edafología, Zootecnia"
15973;"Revista INVI";"Universidad de Chile, Facultad de Arquitectura y Urbanismo, Instituto de la Vivienda";1;1;5924;Chile;0718-8358;0718-1299;0718-1299;"Arquitectura, Sociología, Urbanismo"
24769;"Revista IRICE";"Instituto Rosario de Investigaciones en Ciencias de la Educación";1;1;10311;Argentina;2618-4052;0327-392X;;"Educación, Pedagogía, Psicología"
27397;"Revista Ítalo-Española de Derecho Procesal";"Marcial Pons";1;1;11058;España;2605-5244;2605-5244;;"Derecho procesal"
15982;"Revista IURIS";"Universidad de Cuenca";1;1;5929;Ecuador;2602-8425;2602-8425;1390-0846;"Trabajo social"
15984;"Revista IUS";"Instituto de Ciencias Jurídicas de Puebla, Departamento de Investigaciones";1;1;5930;México;2594-2816;1870-2147;1870-2147;"Derecho y jurisprudencia"
24722;"Revista JRG de Estudos Acadêmicos";"Editora JRG";1;1;10292;Brasil;2595-1661;2595-1661;;"Ciencias sociales y humanidades, Psicología, Salud pública"
26119;"Revista Jurídica Austral.";"Universidad Austral";1;1;10778;Argentina;2684-057X;2684-057X;;"Derecho y jurisprudencia"
22425;"Revista Jurídica Científica SSIAS";"Universidad Señor de Sipán. Facultad de Derecho";1;1;9265;Perú;2313-3325;2313-3325;2663-0753;"Arquitectura, Derecho civil"
27110;"Revista Jurídica Crítica y Derecho";"Universidad Central del Ecuador";1;1;11284;Ecuador;2737-6281;2737-629X;;"Derecho y jurisprudencia"
5925;"Revista Jurídica da Ufersa";"Universidade Federal Rural do Semi-Árido (UFERSA)";1;1;1918;Brasil;2526-9488;2526-9488;;"Administración, Antropología, Ciencia política y administración pública, Ciencias sociales y humanidades, Derecho y jurisprudencia, Derecho agrario, Derecho civil, Derecho comparado, Derecho internacional, Derecho laboral, Derecho marítimo, Derecho mercantil, Derecho penal, Derecho público, Derecho procesal, Sociología, Derecho fiscal"
16013;"Revista jurídica de Castilla y León";"Junta de Castilla y León, Consejería de Presidencia y Administración Territorial";1;1;5937;España;2254-3805;1696-6759;1696-6759;"Derecho y jurisprudencia, Derecho civil, Derecho procesal"
29976;"Revista jurídica de la Procuraduría General del Estado";"Centro de Formación y Capacitación, Procuraduría General del Estado";1;1;11989;Perú;;2955-8948;;"Derecho y jurisprudencia"
26425;"Revista Jurídica de la Universidad Americana";"Universidad Americana";1;1;10862;Paraguay;2522-3968;;;"Ciencia política y administración pública, Derecho y jurisprudencia"
24729;"Revista jurídica digital UAndes";"Universidad de los Andes, Facultad de Derecho";1;1;10294;Chile;0719-7942;0719-7942;;"Derecho agrario, Derecho civil, Derecho marítimo, Derecho procesal, Derecho fiscal, Derechos humanos"
27586;"Revista jurídica Investigación en ciencias jurídicas y sociales";"Centro de Entrenamiento del Ministerio Público. Asunción, Paraguay.";1;1;11134;Paraguay;2415-5071;2415-5071;;"Ciencias sociales y humanidades, Derecho y jurisprudencia, Derecho comparado, Derecho laboral, Derecho penal, Criminología"
29099;"Revista Jurídica Trabalho e Desenvolvimento Humano";"Procuradoria Regional do Trabalho da 15ª Região";1;1;11773;Brasil;2595-9689;2595-9689;;"Ciencias sociales y humanidades, Derecho laboral, Sociología, Derechos humanos, Estudios sociales de la salud"
29828;"Revista Jurídica Universidad Nacional del Oeste.";EDUNO;1;1;11830;Argentina;3008-8321;3008-8062;;"Derecho y jurisprudencia"
20094;"Revista Jurídicas CUC";"Universidad de la Costa";1;1;7813;Colombia;2389-7716;2389-7716;1692-3030;"Derecho y jurisprudencia"
28353;"Revista Justicia & trabajo";COLEX;1;1;11838;España;2952-1955;2952-1955;;"Ciencia política y administración pública, Ciencias sociales y humanidades, Derecho y jurisprudencia, Derecho laboral, Derecho público, Derechos humanos"
24732;"Revista justicia y derecho";"Facultad de Derecho";1;1;10295;Chile;0719-9392;0719-9392;;"Derecho y jurisprudencia, Derecho internacional, Derecho laboral, Derecho marítimo, Derecho penal, Derecho público"
16050;"Revista Katálysis";"Universidade Federal de Santa Catarina (UFSC)";1;1;5948;Brasil;1982-0259;1414-4980;1414-4980;"Ciencias sociales y humanidades, Trabajo social"
26282;"Revista Kawsaypacha";"Pontificia Universidad Católica del Perú. Instituto de Ciencias de la Naturaleza, Territorio y Energías Renovables";1;1;10825;Perú;2709-3689;2523-2894;;"Ecología, Recursos naturales no renovables, Energía, Ciencia y Tecnología, Medio ambiente, Ciencias naturales"
26881;"Revista Kera Yvoty: reflexiones sobre la cuestión social";"Universidad Nacional de Asunción, Facultad de Ciencias Sociales";1;1;11096;Paraguay;2788-9572;2519-7797;;"Sociología, Trabajo social, Estudios de género"
23689;"Revista Killkana Salud y Bienestar";"Universidad Católica de Cuenca";1;1;9943;Ecuador;2588-0640;;;"Salud pública"
23581;"Revista Killkana Sociales";"Universidad Católica de Cuenca";1;1;9899;Ecuador;2588-087X;;;"Educación, Psicología, Trabajo social"
25723;"Revista Killkana Técnica";"Universidad Católica de Cuenca";1;1;10641;Ecuador;2588-0888;;;"Arquitectura, Ingeniería de comunicaciones, electrónica y control, Multidisciplinarias, Ciencias exactas, Ciencias naturales"
16060;"Revista Latente";"Servicio de Publicaciones de la Universidad de La Laguna";1;1;5952;España;2386-8503;1697-459X;1697-459X;"Bellas artes, Cine, Fotografía"
16062;"Revista Latina de Comunicación Social";HISIN;1;1;5954;España;1138-5820;;;"Ciencias de la comunicación"
23888;"Revista Latinoamericana de Antropología del Trabajo";"CEIL-CONICET y CIESAS - CONACYT";1;1;10044;Argentina;2591-2755;2591-2755;;"Antropología, Ciencias sociales y humanidades, Etnología, Estudios locales, Estudios latinoamericanos"
20015;"Revista Latinoamericana de Ciencias de la Comunicación";"Asociación Latinoamericana de Investigadores de la Comunicación (ALAIC)";1;1;7764;Brasil;2238-1694;1807-3026;;"Ciencias de la comunicación"
3879;"Revista Latinoamericana de Comunicación Chasqui";"Centro Internacional de Estudios Superiores de Comunicación para América Latina - CIESPAL";1;1;1206;Ecuador;1390-924X;1390-1079;1390-1079;"Ciencias de la comunicación, Ciencias sociales y humanidades, Educación"
16067;"Revista latinoamericana de derecho social";"Universidad Nacional Autónoma de México, Instituto de Investigaciones Jurídicas";1;1;5956;México;2448-7899;1870-4670;1870-4670;"Derecho y jurisprudencia"
22792;"Revista Latinoamericana de Derechos Humanos";"Universidad Nacional, Instituto de Estudios Latinoamericanos";1;1;9451;"Costa Rica";2215-4221;1659-3219;1659-4304;"Estudios latinoamericanos"
16072;"Revista latinoamericana de educación inclusiva";"Universidad Central de Chile";1;1;5960;Chile;0718-7378;0718-5480;0718-5480;Educación
22798;"Revista latinoamericana de estudios críticos animales";"Instituto Latinoamericano de Estudios Críticos Animales (Institute of Critical Animal Studies)";1;1;9455;Argentina;2346-920X;2346-920X;;"Ciencias sociales y humanidades, Cultura, Filosofía, Literatura, Humanidades, Estudios latinoamericanos"
16077;"Revista latinoamericana de estudios educativos";"Universidad Iberoamericana";1;1;5964;México;2448-878X;0185-1284;0185-1284;Educación
22893;"Revista latinoamericana de estudios rurales";"Asociación Latinoamericana de Sociología Rural (ALASRU)";1;1;9513;Argentina;2525-1635;2525-1635;;Sociología
16079;"Revista latinoamericana de filosofía";"Centro de Investigaciones Filosóficas";1;1;5966;Argentina;1852-7353;0325-0725;0325-0725;Filosofía
20477;"Revista latinoamericana de filosofía política";"Centro de Investigaciones Filosóficas";1;1;8094;Argentina;2250-8619;0325-0725;;"Ciencia política y administración pública, Filosofía"
25763;"Revista latinoamericana de herpetología";"Sociedad Herpetológica Mexicana A.C.";1;1;10650;México;2594-2158;2594-2158;;Zoología
16085;"Revista latinoamericana de investigación en matemática educativa";"Instituto Politécnico Nacional, Centro de Investigación y de Estudios Avanzados, Comité Latinoamericano de Matemática Educativa";1;1;5969;México;2007-6819;1665-2436;1665-2436;"Educación, Matemáticas"
16086;"Revista latinoamericana de la papa";"Asociación Latinoamericana de la Papa";1;1;5970;Argentina;1853-4961;1853-4961;;Agronomía
20384;"Revista latinoamericana de metodología de las ciencias sociales";"Centro Interdisciplinario de Metodología de las Ciencias Sociales, Facultad de Humanidades y Ciencias de la Educación, Universidad Nacional de La Plata";1;1;8032;Argentina;1853-7863;1853-7863;;"Ciencias sociales y humanidades"
26084;"Revista latinoamericana de opinión pública";"Ediciones Universidad de Salamanca";1;1;10773;España;2660-700X;1852-9003;;"Ciencias de la comunicación, Ciencias sociales y humanidades, Sociología, Estudios latinoamericanos"
23178;"Revista latinoamericana de políticas y administración de la educación";"Núcleo Interdisciplinario de Formación y Estudios para el Desarrollo de la Educación (NIFEDE), Universidad Nacional de Tres de Febrero (UNTREF)";1;1;9672;Argentina;2408-4573;2408-4573;;"Ciencia política y administración pública, Ciencias sociales y humanidades, Educación"
25241;"Revista latinoamericana de psicología existencial";"Fundación CAPAC";1;1;10456;Argentina;1853-3051;1853-3051;;Psicología
16101;"Revista latinoamericana de recursos naturales";"Instituto Tecnológico de Sonora";1;1;5978;México;2594-0384;1870-0667;1870-0667;"Ecología, Tecnología, Recursos naturales no renovables"
16105;"Revista latinoamericana de tecnología educativa";"Universidad de Extremadura";1;1;5979;España;1695-288X;1695-288X;;"Educación, Tecnología educativa"
28193;"Revista Latinoamericana de Trabajo y Trabajadores";"Red Latinoamericana de Trabajo y Trabajadores";1;1;11297;Iberoamericanistas-Europa;2667-3231;2667-3231;;Historia
23146;"Revista latinoamericana en discapacidad, sociedad y derechos humanos";"Red Iberoamericana de Expertos sobre la Convención de los Derechos de las Personas con Discapacidad";1;1;9655;Argentina;2525-1643;2525-1643;;"Derecho y jurisprudencia, Derecho civil, Derecho internacional, Estudios de género"
26032;"Revista Latinoamericana Estudios de la Paz y el Conflicto";"Universidad Nacional Autónoma de Honduras";1;1;10758;Honduras;2707-8922;2707-8914;;"Desarrollo económico, Estadística, Estudios latinoamericanos, Trabajo social, Derechos humanos"
25899;"Revista lengua y cultura";"Universidad Autónoma del Estado de Hidalgo";1;1;11069;México;2683-2321;2683-2321;;"Educación, Lingüística"
25131;"Revista Lengua y Literatura";"Universidad Nacional Autónoma de Nicaragua,  (UNAN-Managua).";1;1;10435;Nicaragua;2707-0107;;;"Lingüística, Literatura, Humanidades"
25695;"Revista Linguagem em Foco";"Universidade Estadual do Ceará (UECE)";1;1;10632;Brasil;2674-8266;2176-7955;;"Lingüística, Literatura"
29615;"Revista Logos Guardia Civil";"Centro Universitario de la Guardia Civil";1;1;11800;España;2952-394X;2952-394X;2952-3249;"Ciencia política y administración pública, Ciencias sociales y humanidades, Derecho y jurisprudencia, Derecho penal, Multidisciplinarias, Medicina legal"
27527;"Revista Lusófona de Estudos Culturais";"Centro de Estudos de Comunicação e Sociedade, Universidade do Minho";1;1;11181;Portugal;2183-0886;2183-0886;2184-0458;"Ciencias de la comunicación, Ciencias sociales y humanidades"
23363;"Revista M";"Universidade Federal do Estado do Rio de Janeiro (UNIRIO)";1;1;9773;Brasil;2525-3050;2525-3050;;Multidisciplinarias
23495;"Revista Magazine de las Ciencias";"Universidad Técnica de Babahoyo";1;1;9848;Ecuador;2528-8091;;;"Administración, Agronomía, Ciencias sociales y humanidades, Ingeniería de comunicaciones, electrónica y control, Salud pública, Ciencias exactas"
21286;"Revista Maracanan";"Universidade do Estado do Rio de Janeiro (UERJ)";1;1;8493;Brasil;2359-0092;1807-989X;1807-989X;Historia
16143;"Revista matemática complutense";Springer;1;1;5996;España;1988-2807;1139-1138;1139-1138;Matemáticas
16144;"Revista matemática iberoamericana";"EMS Publishing House";1;1;5997;España;2235-0616;0213-2230;0213-2230;Matemáticas
23475;"Revista médica";"Hospital Hipólito Unanue de Tacna";1;1;9835;Perú;2617-7803;2521-859X;2521-859X;Medicina
24877;"Revista médica";"Colegio de Médicos y Cirujanos de Guatemala (COLMEDEGUA)";1;1;10350;Guatemala;2664-3677;2074-7004;2074-7004;Medicina
16155;"Revista Médica Basadrina";"Universidad Nacional Jorge Basadre Grohmann. Facultad de Ciencias de la Salud";1;1;6002;Perú;2617-6068;2077-0014;2077-0014;Medicina
25741;"Revista Médica Científica Cambios";"Hospital de Especialidades Carlos Andrade Marín";1;1;10645;Ecuador;2661-6947;;;"Salud pública"
16163;"Revista médica de Chile";"Sociedad Médica de Santiago";1;1;6005;Chile;0717-6163;0034-9887;0034-9887;Medicina
16169;"Revista Médica de la Universidad de Costa Rica";"Universidad de Costa Rica, Facultad de Medicina";1;1;6008;"Costa Rica";1659-2441;1659-2441;;"Farmacología, Medicina"
26960;"Revista Médica de Minas Gerais";"Associação Médica de Minas Gerais (AMMG)";1;1;10960;Brasil;2238-3182;0103-880X;0103-880X;Medicina
24707;"Revista médica de Trujillo";"Universidad Nacional de Trujillo. Facultad de Medicina";1;1;10286;Perú;2522-6150;1028-7272;;Medicina
16187;"Revista médica del Hospital General de México";Permanyer;1;1;6011;México;2524-177X;0185-1063;0185-1063;Medicina
16191;"Revista médica del Instituto Mexicano del Seguro Social";"Instituto Mexicano del Seguro Social, Coordinación de Educación en Salud";1;1;6012;México;2448-5667;0443-5117;0443-5117;Medicina
16194;"Revista médica del Uruguay";"Sindicato Médico del Uruguay";1;1;6013;Uruguay;1688-0390;0303-3295;0303-3295;Medicina
27674;"Revista Médica Electrónica";"Universidad de Ciencias Médicas de Matanzas. Editorial Ciencias Médicas";1;1;11139;Cuba;1684-1824;1684-1824;;"Epidemiología, Medicina, Salud pública, Enfermería"
16204;"Revista médica hondureña";"Colegio Médico de Honduras";1;1;6016;Honduras;1995-7068;0375-1112;;"Medicina, Salud pública"
25091;"Revista médica panacea";"Universidad Nacional San Luis Gonzaga. Facultad de Medicina";1;1;10421;Perú;2225-6989;2223-2893;;Medicina
25422;"Revista Médica Vozandes";"Hospital Vozandes Quito";1;1;10556;Ecuador;2697-3472;2697-3472;;Medicina
29609;"Revista Medicina Académica.";"Centro Médico de Mar del Plata";1;1;12053;Argentina;2953-5832;2953-5832;;"Educación, Medicina, Estudios sociales de la salud"
29231;"Revista médico científica UNACHI";UNACHI;1;1;11954;Panamá;2992-6610;2992-6610;;"Cardiología, Farmacología, Geriatría, Odontología, Pediatría, Enfermería"
16220;"Revista Mediterránea de Comunicación";"Universidad de Alicante";1;1;6022;España;1989-872X;1989-872X;;"Ciencias de la comunicación, Ciencias sociales y humanidades, Estudios de género"
29067;"Revista Melibea.";"Universidad Nacional de Cuyo, Facultad de Filosofía y Letras, Instituto de Literaturas Modernas, Centro Interdisciplinario de Estudios sobre las Mujeres";1;1;11810;Argentina;2422-8117;2422-8117;;"Arte, Cultura, Historia, Sociología, Humanidades, Estudios de género"
24683;"Revista Methodo";"Universidad Católica de Córdoba - Facultad de Ciencias de la Salud";1;1;10276;Argentina;2545-8302;2545-8302;;"Biología, Bioquímica, Medicina, Ciencia y Tecnología"
25743;"Revista Metropolitana de Ciencias Aplicadas";"Universidad Metropolitana";1;1;10647;Ecuador;2631-2662;;;"Administración, Agronomía, Derecho y jurisprudencia, Economía, Educación, Multidisciplinarias"
16229;"Revista mexicana de análisis de la conducta";"Sociedad Mexicana de Análisis de la Conducta; Universidad Nacional Autónoma de México";1;1;6027;México;2007-0802;0185-4534;0185-4534;Psicología
19801;"Revista mexicana de análisis político y administración pública";"Universidad de Guanajuato, División de la División de Derecho, Política y Gobierno, Departamento de Estudios Políticos y Departamento de Gestión Pública";1;1;7609;México;2007-4638;2007-4425;2007-4425;"Ciencia política y administración pública"
16234;"Revista mexicana de bachillerato a distancia";"Universidad Nacional Autónoma de México, Coordinación de Universidad Abierta y Educación a Distancia";1;1;6032;México;2007-4751;2395-9800;2395-9800;Educación
16235;"Revista mexicana de biodiversidad";"Universidad Nacional Autónoma de México, Instituto de Biología";1;1;6033;México;2007-8706;1870-3453;1870-3453;"Biología, Botánica, Ecología, Zoología"
16238;"Revista mexicana de ciencias agrícolas";"Instituto Nacional de Investigaciones Forestales, Agrícolas y Pecuarias";1;1;6035;México;2007-9230;2007-0934;2007-0934;Agronomía
27896;"Revista mexicana de ciencias de la cultura física";"Universidad Autónoma de Chihuahua, Facultad de Ciencias de la Cultura Física, Dirección de Investigación y Posgrado";1;1;11860;México;2992-7048;2992-7048;;"Deportes, Educación, Multidisciplinarias"
16241;"Revista mexicana de ciencias forestales";"Instituto Nacional de Investigaciones Forestales, Agrícolas y Pecuarias";1;1;6038;México;2448-6671;2007-1132;2007-1132;"Agronomía, Silvicultura"
16242;"Revista mexicana de ciencias geológicas";"Universidad Nacional Autónoma de México, Facultad de Ingeniería, Instituto de Geología, Centro de Geociencias; Sociedad Geológica Mexicana, Instituto Nacional de Geoquímica; Sociedad Mexicana de Paleontología";1;1;6039;México;2007-2902;1026-8774;1026-8774;"Geología, Ciencias de la tierra"
16243;"Revista mexicana de ciencias pecuarias";"Instituto Nacional de Investigaciones Forestales, Agrícolas y Pecuarias";1;1;6040;México;2448-6698;2007-1124;2007-1124;"Ganadería, Veterinaria"
24086;"Revista Mexicana de Ciencias Penales";"Instituto Nacional de Ciencias Penales";1;1;11557;México;2954-4963;0187-0416;0187-0416;"Derecho penal, Derecho procesal, Criminología"
16244;"Revista mexicana de ciencias políticas y sociales";"Universidad Nacional Autónoma de México, Facultad de Ciencias Políticas y Sociales";1;1;6041;México;2448-492X;0185-1918;0185-1918;"Antropología, Ciencia política y administración pública, Ciencias de la comunicación, Ciencias sociales y humanidades, Relaciones internacionales, Sociología"
19802;"Revista mexicana de economía y finanzas nueva época REMEF";"Instituto Mexicano de Ejecutivos de Finanzas, A.C.";1;1;7610;México;2448-6795;1665-5346;1665-5346;"Economía, Finanzas"
20966;"Revista mexicana de endocrinología, metabolismo y nutrición";"Publicaciones Permanyer";1;1;8399;México;2462-4144;2339-9643;2339-9643;"Endocrinología y nutriología"
28674;"Revista mexicana de enfermería";Permanyer;1;1;11913;México;2696-8584;2339-7284;2339-7284;"Epidemiología, Geriatría, Medicina, Nefrología, Salud pública, Enfermería"
16256;"Revista mexicana de física";"Sociedad Mexicana de Física A.C.";1;1;6050;México;2683-2224;0035-001X;0035-001X;Física
16257;"Revista mexicana de física E";"Sociedad Mexicana de Física, A.C.";1;1;6051;México;2683-2216;1870-3542;1870-3542;Física
16259;"Revista mexicana de fitopatología";"Sociedad Mexicana de Fitopatología A.C.";1;1;6053;México;2007-8080;0185-3309;0185-3309;Agronomía
16260;"Revista mexicana de ingeniería biomédica";"Sociedad Mexicana de Ingeniería Biomédica";1;1;6054;México;2395-9126;0188-9532;0188-9532;Biofísica
16261;"Revista mexicana de ingeniería química";"Universidad Autónoma Metropolitana, Unidad Iztapalapa, División de Ciencias Básicas e Ingeniería";1;1;6055;México;2395-8472;1665-2738;1665-2738;"Ingeniería química"
28591;"Revista Mexicana de Investigación e Intervención Educativa";"Grupo Educativo GVG A.C.";1;1;11440;México;2992-7927;2992-7927;;"Educación, Educación primaria"
16262;"Revista mexicana de investigación educativa";"Consejo Mexicano de Investigación Educativa A.C.";1;1;6056;México;2594-2271;1405-6666;1405-6666;Educación
16273;"Revista mexicana de neurociencia";Pernmayer;1;1;6060;México;2604-6180;1665-5094;1665-5044;Neurología
16276;"Revista Mexicana de Opinión Pública";"Universidad Nacional Autónoma de México, Facultad de Ciencias Políticas y Sociales";1;1;6062;México;2448-4911;1870-7300;1870-7300;"Ciencia política y administración pública, Ciencias de la comunicación, Sociología"
16290;"Revista mexicana de sociología";"Universidad Nacional Autónoma de México, Instituto de Investigaciones Sociales";1;1;6072;México;2594-0651;0188-2503;0188-2503;Sociología
16291;"Revista mexicana de trastornos alimentarios";"Universidad Nacional Autónoma de México, Facultad de Estudios Superiores Iztacala, Unidad de Investigación Interdisciplinaria en Ciencias de la Salud y la Educación";1;1;6073;México;2007-1523;2007-1523;;"Endocrinología y nutriología"
16292;"Revista mexicana de urología";"Elsevier. Masson Doyma México";1;1;6074;México;2007-4085;0185-4542;0185-4542;"Medicina, Nefrología, Salud pública"
26336;"Revista minerva";"Universidad de El Salvador";1;1;10844;"El Salvador";2521-8794;2521-8794;;"Agronomía, Biotecnología, Ganadería, Toxicología, Ciencia y Tecnología, Medio ambiente"
27405;"Revista Minerva";"Universidad de Guayaquil";1;1;11060;Ecuador;2953-6316;2953-6316;;"Educación, Filosofía, Pedagogía, Psicología"
26419;"Revista mosaicum";"Faculdade do Sul da Bahia (FASB)";1;1;10860;Brasil;1980-4180;1808-589X;;"Antropología, Ciencias de la comunicación, Ciencias sociales y humanidades, Educación"
21950;"Revista Multi-Ensayos";"Universidad Nacional Autónoma de Nicaragua - UNAN-MANAGUA. Facultad Regional Multidisciplinaria de Estelí. FAREM-Estelí";1;1;8954;Nicaragua;2412-3285;;;"Administración, Ciencias sociales y humanidades, Economía, Tecnología educativa"
29348;"Revista Multidisciplinar de Estudios Generales (REG).";"Unidad Educativa Juan Montalvo";1;1;11668;Ecuador;3073-1259;;;Multidisciplinarias
29557;"Revista Multidisciplinar InnovaSciT.";"Unidad Educativa Particular Juan Montalvo";1;1;11707;Ecuador;3091-1826;;;Multidisciplinarias
29915;"Revista Multidisciplinaria de Investigación Científica.";"Instituto Superior Tecnológico Superior Alberto Enríquez";1;1;11844;Ecuador;3103-1188;;;Multidisciplinarias
29618;"Revista Multidisciplinaria Ecuacientífica.";"Instituto Superior Tecnológico José Ortega y Gasset";1;1;11739;Ecuador;3091-1796;;;"Arte, Educación, Ingeniería, Matemáticas, Multidisciplinarias, Ciencias naturales"
28056;"Revista Multidisciplinaria Investigación Contemporánea";"Red Editorial Latinoamericana de Investigación Contemporánea";1;1;11647;Ecuador;2960-8015;2960-8015;;Multidisciplinarias
28584;"Revista Multidisciplinaria Perspectivas Investigativas";"Instituto de Investigación Multidisciplinaria Perspectivas Globales (IIMPG)";1;1;11404;Ecuador;2773-7411;2773-7411;;"Administración, Ciencias sociales y humanidades, Educación, Ingeniería, Medio ambiente"
28687;"Revista Multidisciplinaria Voces de América y el Caribe";"Plataforma de acción, gestión e investigacion social S.A.S.";1;1;11987;Colombia;2981-7463;2981-7463;;Multidisciplinarias
26263;"Revista Mundo Recursivo";"Instituto Superior Tecnológico Atlantic";1;1;10819;Ecuador;2600-5700;;;"Administración, Arte, Ciencias sociales y humanidades, Educación, Ingeniería, Matemáticas, Salud pública, Humanidades, Industria, Ciencias naturales"
16307;"Revista Mundos do Trabalho";"Associação Nacional de História (ANPUH) ; Universidade Federal de Santa Catarina (UFSC)";1;1;6083;Brasil;1984-9222;1984-9222;;Historia
16308;"Revista murciana de antropología";"Universidad de Murcia";1;1;6084;España;1989-6204;1135-691X;1135-691X;Antropología
16312;"Revista musical chilena";"Universidad de Chile. Facultad de Artes";1;1;6085;Chile;0717-6252;0716-2790;0716-2790;Música
16313;"Revista Mvz Córdoba";"Universidad de Córdoba";1;1;11357;Colombia;1909-0544;0122-0268;0122-0268;"Epidemiología, Microbiología, Salud pública, Veterinaria, Zootecnia"
16315;"Revista Nacional de Administración";"Universidad Estatal a Distancia, Escuela de Ciencias de la Administración";1;1;6086;"Costa Rica";1659-4932;1659-4908;1659-4908;Administración
21411;"Revista naturaleza, sociedad y ambiente";"Universidad de San Carlos de Guatemala, Centro Universitario de Sur Oriente (CUNSURORI)";1;1;8582;Guatemala;2707-9643;2707-9643;2313-786X;"Ciencias de la tierra, Recursos naturales no renovables, Medio ambiente"
20211;"Revista Neiba : Cadernos Argentina-Brasil";"Universidade do Estado do Rio de Janeiro (UERJ)";1;1;7897;Brasil;2317-3459;2317-3459;;"Relaciones internacionales"
16337;"Revista nicolaita de estudios económicos";"Universidad Michoacana de San Nicolás de Hidalgo, Instituto de Investigaciones Económicas y Empresariales";1;1;6094;México;2007-9877;1870-5464;1870-5464;"Economía, Econometría, Economía internacional"
24489;"Revista Nordestina de História do Brasil";"Universidad de Playa Ancha (UPLA)";1;1;10231;Brasil;2596-0334;2596-0334;;Humanidades
26722;"Revista notas de enfermería.";"Sanatorio Allende, Departamento de Enfermaría";1;1;10914;Argentina;2618-3692;1668-8821;;Enfermería
19808;"Revista nuestramérica";"Ediciones nuestrAmérica desde Abajo";1;1;7614;Chile;0719-3092;0719-3092;;"Antropología, Ciencias sociales y humanidades, Historia, Psicología, Sociología, Derechos humanos"
20997;"Revista Nuevo Humanismo";"Universidad Nacional, Centro de Estudios Generales";1;1;8415;"Costa Rica";2215-4078;1405-0234;1405-0234;"Ciencias sociales y humanidades, Multidisciplinarias"
22310;"Revista Numismática Hécate";"Revista Numismática Hécate";1;1;9192;España;2386-8643;2386-8643;;Humanidades
16347;"Revista NUPEM";"Universidade Estadual do Paraná (UNESPAR)";1;1;6098;Brasil;2176-7912;2175-7429;2175-7429;"Antropología, Ciencias sociales y humanidades, Educación, Historia, Humanidades"
25269;"Revista Observatório";"Universidade Federal do Tocantins (UFT)";1;1;10477;Brasil;2447-4266;2447-4266;;"Ciencias sociales y humanidades, Educación, Educación superior"
24049;"Revista ocupación humana";"Colegio Colombiano de Terapia Ocupacional";1;1;11354;Colombia;2590-7816;0122-0942;0122-0942;"Ciencias sociales y humanidades, Salud pública"
23771;"Revista Odeere";"Universidade Estadual do Sudoeste da Bahia (UESB)";1;1;9985;Brasil;2525-4715;2525-4715;;"Ciencias sociales y humanidades"
26677;"Revista ODIGOS";"Universidad Tecnológica Israel";1;1;10908;Ecuador;2697-3405;;;"Ingeniería de comunicaciones, electrónica y control, Telecomunicaciones"
26226;"Revista Odontológica Basadrina";"Universidad Nacional Jorge Basadre Grohmann";1;1;10806;Perú;2664-4649;2664-1216;;Odontología
27955;"Revista oeconomicus UNH.";"Universidad Nacional de Huancavelica";1;1;11224;Perú;2955-859X;2955-859X;;Economía
26362;"Revista oficial del poder judicial";"Corte Suprema de Justicia de la República del Perú";1;1;10850;Perú;2663-9130;1997-6682;;"Derecho civil"
29505;"Revista oftálmica";"Asociación Guatemalteca de Oftalmología";1;1;11991;Guatemala;2791-2787;2791-2787;;Oftalmología
22191;"Revista Opinião Jurídica";"Centro Universitário Christus";1;1;9118;Brasil;2447-6641;1806-0420;;"Derecho y jurisprudencia"
26221;"Revista Oratores";"Universidad Metropolitana de Educación, Ciencia y Tecnología";1;1;10803;Panamá;2644-3988;2644-3988;;Multidisciplinarias
25882;"Revista ORL";"Ediciones Universidad de Salamanca";1;1;10708;España;2444-7986;2444-7986;;Otorrinolaringología
20151;"Revista Ouricuri";"Universidade do Estado da Bahia (UNEB)";1;1;7851;Brasil;2317-0131;2176-3216;;"Biología, Ecología, Recursos naturales no renovables, Ciencia"
26790;"Revista Panameña de Ciencias Sociales";"Colegio de Sociología y Ciencias Sociales de Panamá";1;1;10928;Panamá;2710-7531;2710-7531;;"Ciencias sociales y humanidades, Demografía, Estudios latinoamericanos, Estudios de género, Estudios regionales"
24963;"Revista panamericana de comunicación";"Centros Culturales de México, A.C.";1;1;10386;México;2683-2208;2683-2208;;"Ciencia política y administración pública, Ciencias de la comunicación"
16379;"Revista panamericana de pedagogía";"Universidad Panamericana, Escuela de Pedagogía";1;1;6111;México;2594-2190;1665-0557;1665-0557;"Ciencias sociales y humanidades, Educación, Pedagogía"
19809;"Revista Paraguaya de Educación";"Ministerio de Educación y Ciencias";1;1;7615;Paraguay;2305-1787;2305-1787;2305-1787;"Educación, Pedagogía, Planificación educativa, Tecnología educativa, Educación media o secundaria, Educación preescolar"
27553;"Revista Paraguaya de Educación a Distancia";"Facultad de Ciencias Exactas y Naturales";1;1;11281;Paraguay;2707-3297;;;"Ciencias sociales y humanidades, Educación, Psicología, Educación superior"
25762;"Revista Paranaense de Enfermagem";"Faculdade de Filosofia, Ciências e Letras de Mandaguari (FAFIMAN)";1;1;10649;Brasil;2596-0342;2596-0342;;"Salud pública, Enfermería"
26782;"Revista Pares";"Revista Pares";1;1;11295;Argentina;2718-8582;2718-8582;;"Ciencias sociales y humanidades, Derecho y jurisprudencia, Filosofía, Historia, Historia del arte, Literatura"
24310;"Revista Pathos";"Publicação independente";1;1;10195;Brasil;2447-6137;2447-6137;;"Educación, Psicología, Derechos humanos"
16401;"Revista Pedagógica";"Universidade Comunitária Regional de Chapecó (UNOCHAPECÓ)";1;1;6118;Brasil;1984-1566;1415-8175;;"Educación, Pedagogía"
29053;"Revista Pediátrica Especializada";"Instituto Nacional de Salud del Niño";1;1;11767;Perú;2955-8964;2955-8964;2955-8956;"Cirugía, Endocrinología y nutriología, Epidemiología, Medicina, Pediatría, Salud pública"
23544;"Revista Perspectiva Empresarial";"Fundación Universitaria CEIPA";1;1;9877;Colombia;2389-8194;2389-8186;2389-8186;Economía
26449;"Revista Perspectivas";"Escuela Superior Politécnica de Chimborazo";1;1;10866;Ecuador;2661-6688;;;"Ingeniería de comunicaciones, electrónica y control, Telecomunicaciones"
24829;"Revista Pertinencia Acádemica";"Universidad Técnica de Babahoyo";1;1;10335;Ecuador;2588-1019;;;"Ciencias sociales y humanidades, Ingeniería, Ingeniería de comunicaciones, electrónica y control, Medicina, Ciencias exactas, Ciencias naturales"
16416;"Revista peruana de biología";"Universidad Nacional Mayor de San Marcos, Facultad de Ciencias Biológicas";1;1;6126;Perú;1727-9933;1561-0837;1561-0837;"Biología, Biotecnología, Ecología"
26193;"Revista peruana de ciencias de la salud";"Universidad de Huánuco";1;1;10793;Perú;2707-6954;2707-6946;;"Medicina, Salud pública"
26259;"Revista peruana de computación y sistemas";"Universidad Nacional Mayor de San Marcos. Facultad de Ingeniería de Sistemas e Informática";1;1;10818;Perú;2617-2003;2617-2003;;Computación
29484;"Revista Peruana de Derecho Constitucional";"Tribunal Constitucional";1;1;11736;Perú;2664-2719;2222-0615;;"Derecho y jurisprudencia, Derecho comparado, Derecho público, Derecho procesal, Derechos humanos"
26452;"Revista peruana de educación";"Universidad José Carlos Mariategui";1;1;11622;Perú;2708-7107;2708-7107;;Educación
28059;"Revista Peruana de Investigación Agropecuaria";"Universidad Nacional Autónoma de Alto Amazonas";1;1;11624;Perú;2955-831X;2955-831X;;"Agronomía, Biología, Pesca, Zootecnia"
27422;"Revista peruana de investigación e innovación educativa";"Universidad Nacional Mayor de San Marcos, Facultad de Educación";1;1;11262;Perú;2789-0880;2789-0880;;"Ciencias sociales y humanidades, Pedagogía, Planificación educativa, Estudios latinoamericanos, Educación media o secundaria, Educación superior"
23895;"Revista Peruana de Investigación en Salud";"Universidad Nacional Hermilio Valdizan. Facultad de Medicina";1;1;10046;Perú;2616-6097;2616-6097;;"Salud pública"
22409;"Revista Peruana de Investigación Materno Perinatal";"Instituto Nacional Materno Perinatal";1;1;9252;Perú;2663-113X;2305-3887;2305-3887;"Anestesiología, Ginecologia y obstetricia, Pediatría"
16428;"Revista Peruana de Pediatría";"Sociedad Peruana de Pediatría";1;1;11749;Perú;1993-6834;1993-6826;;Pediatría
22986;"Revista Pesquisa Qualitativa";"Sociedade Brasileira de Estudos e Pesquisa Qualitativos (SE&PQ)";1;1;9580;Brasil;2525-8222;1809-0257;1809-0257;"Filosofía, Humanidades"
25672;"Revista PesquisAgro";"Instituto Federal de Educação, Ciência e Tecnologia de Mato Grosso (IFMT)";1;1;10624;Brasil;2596-0644;2596-0644;;"Agronomía, Botánica"
16439;"Revista Pilquen. Sección Ciencias Sociales";"Universidad Nacional del Comahue; Centro Universitario Regional Zona Atlántica";1;1;6136;Argentina;1851-3123;1666-0579;1666-0579;"Ciencias sociales y humanidades"
24126;"Revista Plus Economía";"Universidad Autónoma de Chiriquí, Facultad de Economía, Centro de Investigación en Ciencias Económicas, Estadísticas y de Tecnologías de Información y Comunicación (CICEETIC).";1;1;10133;Panamá;2644-4046;2644-4046;;"Ciencias sociales y humanidades, Economía, Educación, Tecnología, Estadística, Telecomunicaciones"
24413;"Revista Poliedro";"Instituto Federal de Educação, Ciência e Tecnologia Sul-rio-grandense (IFRS)";1;1;10214;Brasil;2594-4398;2594-4398;;"Arquitectura, Arte, Artes plásticas, Diseño, Ingeniería, Tecnología, Industria, Ciencia y Tecnología"
16449;"Revista Politécnica";"Escuela Politécnica Nacional";1;1;6140;Ecuador;2477-8990;2477-8990;1390-0129;"Tecnología, Ciencia, Industria"
29627;"Revista Politécnica de la Ciencia.";"Instituto Superior Tecnológico Politécnica del Ecuador";1;1;11740;Ecuador;3091-2008;;;"Matemáticas, Multidisciplinarias, Telecomunicaciones, Ciencias naturales"
28044;"Revista Política Austral";"Escuela de Gobierno, Facultad de Derecho, Universidad Austral";1;1;11481;Argentina;2953-4321;2953-4151;;"Ciencia política y administración pública, Relaciones internacionales"
28908;"Revista Política y Ciencias Administrativas";"Editorial Scientific Future";1;1;11554;Ecuador;3028-8703;;;"Ciencia política y administración pública"
16467;"Revista portuguesa de educação";"Instituto de Educação - Universidade do Minho";1;1;6147;Portugal;2183-0452;0871-9187;0871-9187;"Educación, Multidisciplinarias, Sociología"
26445;"Revista portuguesa de enfermagem de reabilitação";"Associação Portuguesa dos Enfermeiros de Reabilitação";1;1;10864;Portugal;2184-3023;2184-3023;;Enfermería
21682;"Revista Portuguesa de Investigação Comportamental e Social";"Instituto Superior Miguel Torga - Departamento de Investigação & Desenvolvimento";1;1;8759;Portugal;2183-4938;2183-4938;;Psicología
22040;"Revista portuguesa de investigação educacional";"Universidade Católica Portuguesa ";1;1;11821;Portugal;2182-4614;1645-4006;;Educación
23529;"Revista Practicum";"Asociación para el Desarrollo del Prácticum y de las Prácticas Externas: Red de Practicum (REPPE)";1;1;9864;España;2530-4550;2530-4550;;"Ciencias sociales y humanidades, Educación"
23854;"Revista Prática Docente";"Instituto Federal de Educação, Ciência e Tecnologia do Estado do Mato Grosso (IFMT)";1;1;10027;Brasil;2526-2149;2526-2149;;"Educación, Educación media o secundaria, Educación preescolar, Educación primaria, Educación superior"
27212;"Revista prefacio.";"Escuela de Bibliotecología. Facultad de Filosofía y Humanidades de la Universidad Nacional de Córdoba";1;1;11027;Argentina;2591-3905;;;Bibliotecología
12086;"Revista Principia";"Instituto Federal da Paraíba (IFPB)";1;1;4235;Brasil;2447-9187;1517-0306;1517-0306;"Agronomía, Computación, Ingeniería civil, Ingeniería eléctrica, Ingeniería mecánica, Ingeniería química"
29956;"Revista PRISMA Amazónico.";"Centro Amazónico de Investigación y Publicaciones Científicas (CAIPC)";1;1;11916;Ecuador;3103-1099;3103-1099;;"Ciencias sociales y humanidades, Ganadería"
24863;"Revista Processus de Estudos de Gestão, Jurídicos e Financeiros";"Faculdade Processus";1;1;10345;Brasil;2178-2008;2178-2008;;Multidisciplinarias
25629;"Revista Processus de políticas Públicas e Desenvolvimento Social";"Instituto Processus de Cultura e Aperfeiçoamento Jurídico Ltda";1;1;10607;Brasil;2675-0236;2675-0236;;Sociología
26697;"Revista protesta y carisma";"Universidad Arturo Prat";1;1;11318;Chile;2452-5308;2452-5308;;Religión
22961;"Revista psicodebate: psicología, cultura y sociedad";"Universidad de Palermo. Facultad de Ciencias Sociales";1;1;9565;Argentina;2451-6600;1515-2251;;"Ciencias sociales y humanidades, Educación, Psicología, Psiquiatría, Sociología, Estudios de género"
27805;"Revista Psicologia, Diversidade e Saúde";"Fundação Bahiana para o Desenvolvimento das Ciências";1;1;11872;Brasil;2317-3394;2317-3394;;"Psicología, Psiquiatría, Estudios de género, Estudios sociales de la salud"
16525;"Revista Psicologia(s)";"Editorial Universidad de Puerto - Recinto de Río Piedras";1;1;6168;"Puerto Rico";1948-559X;;;Psicología
16527;"Revista Psicológica Herediana";"Universidad Peruana Cayetano Heredia, Facultad de Psicología Leopoldo Chiappo Galli";1;1;6170;Perú;2663-8797;1818-6408;1818-6408;Psicología
16531;"Revista pueblos y fronteras digital";"Universidad Nacional Autónoma de México, Centro de Investigaciones Multidisciplinarias sobre Chiapas y la Frontera Sur";1;1;6174;México;1870-4115;1870-4115;;"Etnología, Estudios locales, Estudios latinoamericanos"
27052;"Revista Punto Género";"Universidad de Chile";1;1;10981;Chile;2735-7473;0719-0417;;"Historia, Sociología"
29642;"Revista quaestio iuris";"Facultad de Derecho y Ciencias Políticas, Universidad Nacional de Cajamarca";1;1;12038;Perú;2664-3960;2664-3952;2664-3952;"Derecho civil, Derecho laboral, Derecho penal, Derecho público, Derecho procesal, Derechos humanos"
16538;"Revista question.";"Universidad Nacional de La Plata, Facultad de Periodismo y Comunicación Social";1;1;6181;Argentina;1669-6581;1669-6581;;"Ciencias de la comunicación"
26769;"Revista realidad educativa";"Universidad Finis Terrae";1;1;11361;Chile;2452-6134;2452-6134;;"Educación, Psicología"
25487;"Revista Reamec";"Universidade Federal de Mato Grosso (UFMT)";1;1;10574;Brasil;2318-6674;2318-6674;;Educación
29912;"Revista Recursos Naturales Producción y Sostenibilidad (RENPYS)";"Universidad Técnica de Cotopaxi";1;1;11842;Ecuador;2953-6561;;;"Biología, Bioquímica, Veterinaria"
25933;"Revista RedCA";"Universidad Autónoma del Estado de México";1;1;10729;México;2594-2824;2594-2824;;Educación
12784;"Revista reflexiones";"Universidad de Costa Rica";1;1;4488;"Costa Rica";1659-2859;1021-1209;1021-1209;"Antropología, Ciencias de la comunicación, Ciencias sociales y humanidades, Desarrollo económico, Estudios de género"
28053;"Revista Relaciones internacionales";"Aequus Editorial";1;1;11251;"El Salvador";2709-4936;2664-2611;2664-2611;"Relaciones internacionales"
24016;"Revista RELAYN micro y pequeña empresa en Latinoamérica";"iQuatro Editores";1;1;10092;México;2594-1674;2594-1674;;"Economía, Economía de la empresa"
28907;"Revista Retos para la Investigación";"Editorial Scientific Future";1;1;11555;Ecuador;3028-8681;;;"Arte, Filosofía"
28104;"Revista Reumatología al Día";"Sociedad Ecuatoriana de Reumatología";1;1;11975;Ecuador;2953-6332;2953-6332;;"Inmunología, Reumatología"
16043;"Revista RJUAM";"Universidad Autónoma de Madrid";1;1;5944;España;2174-0844;1575-720X;1575-720X;"Derecho y jurisprudencia"
16871;"Revista rupturas";"Universidad Estatal a Distancia, Vicerrectoría de Investigación, Centro de Investigación en Cultura y Desarrollo";1;1;6317;"Costa Rica";2215-2466;2215-2989;;"Ciencias sociales y humanidades"
16554;"Revista SAAP";"Sociedad Argentina de Análisis Político";1;1;6189;Argentina;1853-1970;1666-7883;1666-7883;"Ciencia política y administración pública"
29981;"Revista Saber Estratégico Internacional";"Red Internacional de Investigación en Conocimiento Avanzado, Ciencia e Innovación para el Desarrollo (RIICACID)";1;1;11993;Ecuador;3121-2956;3121-2956;;Multidisciplinarias
26305;"Revista Saberes APUDEP";"Universidad de Panamá, Asociación de Profesores de la Universidad de Panamá (APUDEP)";1;1;10831;Panamá;2644-3805;2644-3805;;Multidisciplinarias
29920;"Revista Salud integral";"Universidad de El Salvador";1;1;12011;"El Salvador";3005-5954;3005-5946;;"Anatomía, Anestesiología, Cardiología, Cirugía, Endocrinología y nutriología, Ginecologia y obstetricia"
16556;"Revista salud pública y nutrición";"Universidad Autónoma  de Nuevo León, Facultad de Salud Pública y Nutrición, Coordinación General de Investigación";1;1;6190;México;1870-0160;1870-0160;;"Epidemiología, Medicina, Salud pública"
24555;"Revista salud y bienestar social";"Universidad Autónoma de Yucatán, Facultad de Enfermería";1;1;11155;México;2448-7767;2248-7767;;"Ciencias sociales y humanidades, Salud pública, Trabajo social, Enfermería, Estudios sociales de la salud"
21705;"Revista Salud y Tecnología Veterinaria";"Universidad Peruana Cayetano Heredia. Facultad de Veterinaria y Zootecnia";1;1;8776;Perú;2312-3907;2312-3907;;"Silvicultura, Veterinaria, Zootecnia"
25325;"Revista San Gregorio";"Universidad San Gregorio de Protoviejo";1;1;10516;Ecuador;2528-7907;2528-7907;;Multidisciplinarias
19823;"Revista Sarance";"Instituto Otavaleño de Antropología";1;1;7623;Ecuador;2661-6718;1390-9207;1390-9207;"Antropología, Arqueología, Computación, Filosofía, Sociología"
23775;"Revista Scientific";"Instituto Internacional de Investigación y Desarrollo Tecnológico Educativo INDTEC, C.A.";1;1;9988;Venezuela;2542-2987;2542-2987;;"Ciencias de la comunicación, Multidisciplinarias, Tecnología, Tecnología educativa, Ciencia y Tecnología"
28031;"Revista Semilla del Este";"Universidad de Panamá";1;1;11245;Panamá;2710-7469;2710-7469;;"Agronomía, Ciencias atmosféricas, Ganadería, Veterinaria, Zootecnia, Medio ambiente"
29323;"Revista Senderos.";"Universidad Nacional de Formosa. Facultad de Humanidades";1;1;11649;Argentina;2684-0456;2684-0456;;"Ciencias sociales y humanidades"
17376;"Revista Sexología y Sociedad";"Centro Nacional de Educación Sexual";1;1;11701;Cuba;1682-0045;1025-6512;;Medicina
16575;"Revista signos";"Pontificia Universidad Católica de Valparaíso";1;1;6200;Chile;0718-0934;0035-0451;0035-0451;Lingüística
24687;"Revista Sítio Novo";"Instituto Federal de Educação, Ciência e Tecnologia do Tocantins (IFTO)";1;1;11866;Brasil;2594-7036;2594-7036;;Multidisciplinarias
16583;"Revista sobre Estudios e Investigaciones del Saber Académico";"Universidad Nacional de Itapúa";1;1;6202;Paraguay;2078-7928;2078-5577;2078-5577;"Ciencias sociales y humanidades, Economía, Educación, Multidisciplinarias, Finanzas"
16584;"Revista sobre la infancia y la adolescencia";"Universidad Politécnica de Valencia";1;1;6203;España;2174-7210;2174-7210;;"Derecho y jurisprudencia, Trabajo social"
27314;"Revista Social Fronteriza";"Instituto Superior Tecnológico Luis Tello";1;1;11402;Ecuador;2806-5913;2806-5913;;"Derecho y jurisprudencia, Economía, Educación, Psicología, Trabajo social"
26333;"Revista sociedad.";"Facultad de Ciencias Sociales de la Universidad de Buenos Aires";1;1;10842;Argentina;2618-3137;2618-3137;;"Ciencia política y administración pública, Ciencias de la comunicación, Ciencias sociales y humanidades, Sociología, Desarrollo económico, Estudios latinoamericanos, Trabajo social"
29661;"Revista Societas IURIS.";"Red de Gestión, Educación e Innovación (RED-GEDI).";1;1;11789;Ecuador;3091-1702;;;"Derecho y jurisprudencia"
20636;"Revista sonda";"Editorial de la Universitat Politèctica de València";1;1;8205;España;2254-6073;2254-6073;;"Artes plásticas, Bellas artes, Filosofía, Historia del arte, Humanidades, Filología"
25663;"Revista stultifera";"Universidad Austral de Chile";1;1;10617;Chile;0719-983X;0719-983X;;"Lingüística, Humanidades, Filología"
21297;"Revista Sul-Americana de Psicologia";"Universidad Católica Silva Henríquez, Escuela de Psicología";1;1;8504;Chile;2318-650X;2318-650X;;Psicología
25584;"Revista Técnica Energía";"Operador Nacional de Electricidad - CENACE";1;1;10603;Ecuador;2602-8492;;;"Ingeniería eléctrica, Tecnología"
16614;"Revista técnica tributaria";"Asociación Española de Asesores Fiscales";1;1;6211;España;2695-6365;0214-6010;0214-6010;"Economía, Finanzas, Hacienda pública"
17830;"Revista tecnológica";"Escuela Superior Politécnica del Litoral  ESPOL";1;1;6619;Ecuador;1390-3659;0257-1749;;"Ciencias sociales y humanidades, Ingeniería, Multidisciplinarias, Tecnología"
25059;"Revista Tecnológica Ciencia y Educación Edwards Demings";"Instituto Tecnológico Superior Corporativo Edwards Deming";1;1;10412;Ecuador;2600-5867;;;"Ciencias sociales y humanidades, Computación, Multidisciplinarias, Tecnología, Educación superior"
28906;"Revista Tecnopedagogía e Innovación";"Editorial Scientific Future";1;1;11553;Ecuador;3028-8711;;;"Arte, Humanidades"
16631;"Revista TEFROS";"Universidad Nacional de Río Cuarto. Asociación Taller de Etnohistoria de la Frontera Sur";1;1;6216;Argentina;1669-726X;1669-726X;;Historia
22011;"Revista temas sociológicos";"Universidad Católica Silva Henríquez. Facultad de Ciencias Sociales, Económicas y Jurídicas. Escuela de Sociología";1;1;8995;Chile;0719-6458;0719-644X;0719-644X;Sociología
12839;"Revista Tempos e Espaços em Educação";"Universidade Federal de Sergipe (UFS)";1;1;4508;Brasil;2358-1425;1983-6597;1983-6597;Educación
26971;"Revista Teología.";"Ediciones Facultad de Teología";1;1;10967;Argentina;2683-7307;0328-1396;;"Ciencias sociales y humanidades, Religión"
19876;"Revista Terapéutica";"Universidad Santa Paula";1;1;7667;"Costa Rica";2215-5562;1409-3529;1409-3529;"Terapéutica y rehabilitación"
26845;"Revista Textos y Contextos";"Universidad Central del Ecuador";1;1;10944;Ecuador;2600-5735;;;"Ciencias de la comunicación, Ciencias sociales y humanidades, Filosofía"
16648;"Revista thélos";"Universidad Tecnológica Metropolitana";1;1;11018;Chile;0718-3259;0718-3259;;"Ciencias sociales y humanidades"
19829;"Revista Thesis Juris";"Universidade Nove de Julho";1;1;7628;Brasil;2317-3580;;;"Derecho y jurisprudencia"
28178;"Revista Tlatelolco: democracia democratizante y cambio social";"Universidad Nacional Autónoma de México, Programa Universitario de Estudios sobre Democracia, Justicia y Sociedad";1;1;11483;México;2992-7099;2992-7099;;"Antropología, Ciencia política y administración pública, Ciencias sociales y humanidades, Economía, Estudios latinoamericanos, Estudios de género"
19885;"Revista Torreón Universitario";"Universidad Nacional Autónoma de Nicaragua   UNAN MANAGUA. Centro Regional Universitario de Carazo";1;1;7675;Nicaragua;2313-7215;;;Multidisciplinarias
15129;"Revista trabajo social";"Universidad de San Carlos de Guatemala, Instituto de Investigaciones de la Escuela de Trabajo Social (IIETS)";1;1;11256;Guatemala;2706-8072;2664-1208;2664-1208;"Trabajo social"
16654;"Revista Tradumatica";"Universitat Autònoma de Barcelona, Departament de Traducció i d'Interpretació";1;1;6227;España;1578-7559;;;Filología
20973;"Revista transporte y territorio";"Universidad de Buenos Aires; Facultad de Filosofía y Letras; Instituto de Geografía; Programa Transporte y Territorio";1;1;8405;Argentina;1852-7175;1852-7175;;"Ciencias sociales y humanidades, Geografía"
19830;"Revista trazos universitarios";"Universidad Católica Argentina de Santiago del Estero, Facultad de Ciencias de la Educación";1;1;7629;Argentina;1853-6425;1853-6425;;"Ciencias sociales y humanidades, Psicología"
23794;"Revista turpade";"Confederación Panamericana de Escuelas de Hotelería, Gastronomía y Turismo (CONPEHT)";1;1;9997;México;2448-6809;2448-6809;;Turismo
27996;"Revista U-Mores";"Universidad Tecnológica Israel";1;1;11477;Ecuador;2806-593x;2806-593x;;Neurología
22062;"Revista UCES D.G. ""Enseñanza y aprendizaje del diseño";"Editorial de la Universidad de Ciencias Empresariales y Sociales";1;1;9032;Argentina;2344-9551;2344-9551;;"Arte, Cultura, Diseño, Fotografía, Historia del arte"
28683;"Revista Ucronías";"CONUSUR, Consorcio ""Colaboratorio Universitario de Ciencias, Artes, Tecnología, Innovación y Saberes del Sur""";1;1;11570;Argentina;2684-012X;2684-012X;;Multidisciplinarias
28967;"Revista UGC";"Universidad del Golfo de California";1;1;11558;México;2448-8097;2594-2352;;Multidisciplinarias
16674;"Revista Umbral";"Universidad de Puerto Rico, Recinto de Río Piedras";1;1;6235;"Puerto Rico";2151-8386;2151-8386;;Multidisciplinarias
28246;"Revista UNIANDES de Ciencias de la Salud";"Universidad Regional Autónoma de los Andes.";1;1;11316;Ecuador;2661-6556;2661-6556;;"Farmacología, Ginecologia y obstetricia, Odontología, Pediatría, Salud pública, Enfermería"
27895;"Revista UniAraguaia.";"Centro Universitário Araguaia";1;1;11246;Brasil;2676-0436;2676-0436;;Multidisciplinarias
26496;"Revista Unidad Sanitaria XXI.";"Palabras del Viento Pampa";1;1;11374;Argentina;2718-8388;2718-8388;;"Medicina, Multidisciplinarias, Salud pública, Estudios latinoamericanos, Enfermería, Estudios sociales de la salud"
26198;"Revista Uningá";"Centro Universitário Ingá (UNINGÁ)";1;1;11409;Brasil;2318-0579;1807-5053;1807-5053;"Epidemiología, Farmacia, Infectología, Medicina, Odontología, Pediatría"
16695;"Revista Universidad de Guayaquil";"Universidad de Guayaquil";1;1;6246;Ecuador;2806-5751;2477-913X;2477-913X;"Ciencias sociales y humanidades"
16692;"Revista universidad y empresa";"Universidad del Rosario";1;1;6243;Colombia;2145-4558;0124-4639;0124-4639;Administración
19832;"Revista universitaria de historia militar";"Centro de Estudios de Historia Militar.";1;1;7631;España;2254-6111;2254-6111;;Historia
16712;"Revista universitaria de la educación física y el deporte";"Instituto Universitario Asociación Cristiana de Jóvenes, Facultad de Educación Física";1;1;6250;Uruguay;2393-6444;1688-4949;1688-4949;Deportes
25339;"Revista Universitaria del Caribe";"Universidades de las Regiones Autónomas de la Costa Caribe Nicaragüense(URACCAN)";1;1;10526;Nicaragua;2311-7346;;2311-5807;Multidisciplinarias
28;"Revista Universitaria Europea";"Asociación Universitaria de Estudios Comunitarios ECSA. Centro de Documentación Europea";1;1;18;España;2695-5857;1139-5796;1139-5796;"Ciencia política y administración pública, Derecho internacional, Multidisciplinarias"
16724;"Revista Urología Colombiana";"Sociedad Colombiana de Urología";1;1;6253;Colombia;2027-0119;0120-789X;0120-789X;Nefrología
25352;"Revista uruguaya de antropología y etnografía";"Universidad de la República, Facultad de Humanidades y Ciencias de la Educación";1;1;10535;Uruguay;2393-6886;2393-6886;;"Antropología, Ciencias sociales y humanidades, Etnología, Sociología, Estudios locales, Estudios latinoamericanos"
16726;"Revista uruguaya de cardiología";"Sociedad Uruguaya de Cardiología";1;1;6254;Uruguay;1688-0420;0797-0048;0797-0048;Cardiología
16727;"Revista uruguaya de ciencia política";"Universidad de la República, Facultad de Ciencias Sociales, Instituto de Ciencia Política";1;1;6255;Uruguay;1688-499X;0797-9789;0797-9789;"Ciencia política y administración pública, Estudios locales"
20323;"Revista uruguaya de enfermería";"Universidad de la República, Facultad de Enfermería";1;1;7991;Uruguay;2301-0371;0797-6194;;Enfermería
26046;"Revista uruguaya de medicina interna";"Sociedad Uruguaya de Medicina Interna";1;1;10764;Uruguay;2393-6797;2393-6797;;Medicina
24056;"Revista uruguaya de ortopedia y ortodoncia";"Instituto Universitario Centro de Estudios y Diagnóstico de las Disgnacias del Uruguay";1;1;10107;Uruguay;2393-767x;2393-767x;;"Medicina, Odontología"
16735;"Revista uruguaya de psicoanálisis";"Asociación Psicoanálitica del Uruguay";1;1;6258;Uruguay;1688-7247;0484-8268;0484-8268;"Psicología, Estudios locales"
23706;"Revista Varela";"Universidad Central ""Marta Abreu"" de las Villas";1;1;9952;Cuba;1810-3413;;;"Educación, Pedagogía"
20974;"Revista vasca de economía social";"Servicio Editorial de la Universidad del País Vasco";1;1;8406;España;2444-3107;1698-7446;1698-7446;"Ciencias sociales y humanidades, Derecho y jurisprudencia, Derecho laboral, Economía, Economía de la empresa, Derecho fiscal"
21374;"Revista vasca de gestión de personas y organizaciones públicas";"Instituto Vasco de Administración Pública";1;1;8557;España;2531-2103;2173-6405;2173-6405;"Administración, Ciencia política y administración pública, Derecho laboral, Psicología"
27636;"Revista Venezolana de Investigación en Educación Matemática (REVIEM)";"Asociación Aprender en Red; Asociación Venezolana de Educación Matemática";1;1;11672;Venezuela;2739-039X;2739-039X;;"Educación, Pedagogía, Educación media o secundaria, Educación preescolar, Educación primaria, Educación superior"
25055;"Revista Venezolana de Salud Pública";"Universidad Centroccidental Lisandro Alvarado";1;1;10411;Venezuela;2343-5534;2343-5526;;"Epidemiología, Medicina, Microbiología, Parasitología, Salud pública"
16761;"Revista Verde de Agroecologia e Desenvolvimento Sustentável";"Editora Verde";1;1;6270;Brasil;1981-8203;1981-8203;;"Agronomía, Biología, Ciencias sociales y humanidades, Multidisciplinarias, Ciencias de la tierra, Recursos naturales no renovables, Ciencia y Tecnología, Ciencias naturales"
18637;"Revista veterinaria";"Universidad Nacional del Nordeste, Facultad de Ciencias Veterinarias";1;1;6969;Argentina;1669-6840;1668-4834;;Veterinaria
28664;"Revista vida";"Universidad de San Carlos de Guatemala, Centro Universitario de Oriente (CUNORI), Instituto de Investigación";1;1;11710;Guatemala;2710-4702;2710-4702;;Multidisciplinarias
16768;"Revista virtual Universidad Católica del Norte";"Universidad Católica del Norte";1;1;6274;Colombia;0124-5821;0124-5821;;Multidisciplinarias
24787;RevistaMultidisciplinar.com;"Escola Superior de Educação e Comunicação";1;1;11235;Portugal;2184-5492;2184-5492;;"Arte, Ciencias sociales y humanidades, Cultura, Educación, Multidisciplinarias, Humanidades"
16783;RevistArquis;"Universidad de Costa Rica";1;1;6281;"Costa Rica";2215-275X;2215-275X;;Arquitectura
28941;RevITA.;"Universidad Nacional de la Patagonia Austral";1;1;11828;Argentina;3008-7694;3008-7694;;"Ingeniería, Tecnología, Inteligencia artificial-robótica, Ciencia, Energía, Ciencias exactas"
28194;"RevSALUS - Revista Científica Internacional da Rede Académica das Ciências da Saúde da Lusofonia – RACS";"RACS - Rede Académica das Ciências da Saúde da Lusofonia";1;1;11598;Portugal;2184-836X;2184-4860;2184-4860;"Farmacia, Odontología, Salud pública, Terapéutica y rehabilitación, Toxicología, Enfermería"
25964;Revueltas;"Nucleo de Historia Social Popular y Autoeducación Popular";1;1;11952;Chile;2452-5707;2452-5707;;"Ciencias sociales y humanidades, Cultura, Etica, Sociología, Humanidades, Filología"
24037;"RHS revista humanismo y sociedad";"Corporación Universitaria Remington";1;1;10102;Colombia;2339-4196;2339-4196;;"Ciencias sociales y humanidades"
29452;"RIAF.Revista Internacional de Actividad Física.";"Universidad de Guayaquil - Facultad de Ciencias de la Actividad Física";1;1;11802;Ecuador;2953-6693;;;"Terapéutica y rehabilitación"
16802;"RIE. Revista de investigación educativa";"Murcia : Editum";1;1;6290;España;1989-9106;0212-4068;0212-4068;Educación
16803;"RIED. Revista iberoamericana de educación a distancia";"Asociación Iberoamericana de Educación Superior a Distancia (AIESAD)";1;1;6291;España;1390-3306;1138-2783;1138-2783;"Educación, Estudios latinoamericanos"
20975;"RIESED. Revista internacional de estudios sobre sistemas educativos";"Educación y Formación Profesional S.C";1;1;8407;México;2007-9117;2007-9117;;Educación
20478;RiHumSo;"Universidad Nacional de La Matanza; Departamento de Humanidades y Ciencias Sociales";1;1;8095;Argentina;2250-8139;2250-8139;;"Ciencias sociales y humanidades"
24066;"RIISDS. Revista interdisciplinaria de ingeniería sustentable y desarrollo social";"Instituto Tecnológico Superior de Tantoyuca";1;1;11947;México;2448-8003;2448-8003;;"Ingeniería, Ciencia y Tecnología"
16807;"Rilce. Revista de Filología Hispánica";"Universidad de Navarra, Servicio de Publicaciones";1;1;6294;España;2174-0917;0213-2370;0213-2370;Lingüística
27572;Rimarina;"Universidad Técnica de Cotopaxi";1;1;11112;Ecuador;2600-559X;2602-828X;;"Estudios locales, Humanidades"
21345;RIVAR;"Universidad de Santiago de Chile. Instituto de Estudios Avanzados";1;1;8536;Chile;0719-4994;0719-4994;;"Ciencias sociales y humanidades"
16825;"RLA. Revista de lingüística teórica y aplicada";"Universidad de Concepción. Facultad de Humanidades y Arte";1;1;6300;Chile;0718-4883;0033-698X;0033-698X;Lingüística
21333;Roca;"Universidad de Granma.Centro de Recursos para el Aprendizaje y la Investigación";1;1;8531;Cuba;2074-0735;2074-0735;;"Educación, Pedagogía, Sociología, Educación superior"
16846;Roteiro;"Universidade do Oeste de Santa Catarina (Unoesc)";1;1;6309;Brasil;2177-6059;0104-4311;0104-4311;Educación
28226;"Rotura – Revista de Comunicação, Cultura e Artes";"Centro de Investigação em Artes e Comunicação";1;1;11446;Portugal;2184-8661;2184-8661;;"Arte, Artes plásticas, Bellas artes, Cine, Fotografía, Humanidades"
16854;"RSEI. Revista de la Sociedad española de Italianistas";"Universidad Salamanca";1;1;6312;España;2341-1910;1576-7787;1576-7787;Filología
20513;"RSEUS. Revista sudamericana de educación, universidad y sociedad";"Universidad de la Empresa, Facultad de Ciencias de la Educación";1;1;8118;Uruguay;2393-7815;2393-7815;1688-6194;"Educación, Educación superior"
19839;"Rubrica Contemporanea";"Universitat Autònoma de Barcelona";1;1;7637;España;2014-5748;;;Historia
22782;"Rumbos TS";"Universidad Central de Chile, Facultad de Ciencias Sociales, Escuela de Trabajo Social";1;1;9444;Chile;0719-7721;0718-4182;;"Trabajo social"
16869;Runa;"Universidad de Buenos Aires; Facultad de Filosofía  y Letras";1;1;6316;Argentina;1851-9628;0325-1217;0325-1217;"Antropología, Etnología"
25679;Runae;"Universidad Nacional de Educación";1;1;10627;Ecuador;2550-6854;;;Educación
27554;"RUNAS. Journal of Education and Culture.";"RELIGACIÓN CICSH-AL. Centro de Investigaciones en Ciencias Sociales y Humanidades desde América Latina";1;1;11108;Ecuador;2737-6230;2737-6230;;"Cultura, Educación, Pedagogía"
24285;RUS;"Universidade de São Paulo (USP)";1;1;10186;Brasil;2317-4765;2317-4765;;"Cultura, Lingüística, Literatura"
16874;Ruta;"Universidad de La Serena. Departamento de Ciencias Económicas y Empresariales";1;1;6318;Chile;0719-5990;0717-1048;0717-1048;"Economía, Turismo"
19841;"Saber & Educar";"Escola Superior de Educação de Paula Frassinetti";1;1;7639;Portugal;1647-2144;0873-3600;;"Educación, Trabajo social, Educación preescolar, Educación primaria, Educación superior"
26715;"Saber servir";"Escuela Nacional de Administración Pública del Perú";1;1;11853;Perú;2522-6738;2522-6738;;"Hacienda pública"
16892;"Saber, ciencia y libertad";"Universidad Libre";1;1;6324;Colombia;2382-3240;1794-7154;1794-7154;"Administración, Ciencias sociales y humanidades, Derecho y jurisprudencia, Economía, Educación, Pedagogía"
16894;SaberEs;"Universidad Nacional de Rosario, Facultad de Ciencias Económicas y Estadística";1;1;6325;Argentina;1852-4222;1852-4184;;"Economía, Estadística"
26977;"Saberes Andantes";"Quito Movimiento de Educación Popular y Promoción Social Fé y Alegría Ecuador";1;1;10969;Ecuador;2697-3278;;;"Ciencias sociales y humanidades, Educación"
26216;"Saberes educativos";"Universidad de Chile, Facultad de Filosofía y Humanidades";1;1;10802;Chile;2452-5014;2452-5014;;"Educación, Educación preescolar, Educación primaria, Educación superior"
24647;"Saberes y prácticas. Revista de filosofía y educación";"Universidad Nacional de Cuyo, Facultad de Filosofía y Letras, Centro de Investigaciones Interdisciplinarias de Filosofía en la Escuela (CIIFE)";1;1;10263;Argentina;2525-2089;2525-2089;;"Ciencias sociales y humanidades, Educación, Filosofía"
26348;"SADIO electronic journal of informatics and operations research.";"Universidad Nacional de La Plata";1;1;10846;Argentina;1514-6774;1514-6774;;"Ingeniería de comunicaciones, electrónica y control, Tecnología, Inteligencia artificial-robótica, Telecomunicaciones"
29454;"Sage Sphere Multidisciplinary Studies.";"Editorial JOGB S.A.S";1;1;11937;Ecuador;3091-1672;;;"Arquitectura, Ciencias sociales y humanidades, Ingeniería, Multidisciplinarias, Ciencias naturales"
29555;"Sage Sphere of Technology, Sciences, Discoveries, And Society.";"Editorial JOGB S.A.S";1;1;11941;Ecuador;3091-1915;;;Multidisciplinarias
16907;Saguntum;"Universidad de Valencia, Facultad de Geografía e Historia, Departamento de Prehistoria y Arqueología";1;1;6330;España;2174-517X;0210-3729;0210-3729;Arqueología
29400;"Salud & Ciencias Médicas.";"Universidad Laica Eloy Alfaro de Manabí";1;1;11953;Ecuador;2773-7438;;;"Epidemiología, Salud pública"
16921;"Salud colectiva";"Universidad Nacional de Lanús";1;1;6338;Argentina;1851-8265;1669-2381;1669-2381;"Ciencias sociales y humanidades, Epidemiología, Medicina, Salud pública"
29984;"Salud Medicina e Innovación";"Red Internacional de Investigación en Conocimiento Avanzado, Ciencia e Innovación para el Desarrollo (RIICACID)";1;1;12005;Ecuador;3121-2980;3121-2980;;"Medicina, Oncología, Pediatría, Traumatología y ortopedia, Enfermería"
29744;"Salud mental y comunidad";"Universidad Nacional de Lanús";1;1;11786;Argentina;2250-6713;2250-5768;;"Ciencias sociales y humanidades, Multidisciplinarias, Psicología, Psiquiatría, Derechos humanos, Estudios sociales de la salud"
16928;"Salud militar";"Dirección Nacional de Sanidad de las Fuerzas Armadas";1;1;6341;Uruguay;1688-0633;1510-8023;1510-8023;"Salud pública, Enfermería"
16936;"Salud pública de México";"Instituto Nacional de Salud Pública";1;1;6345;México;1606-7916;0036-3634;0036-3634;"Medicina, Salud pública"
14903;"Salud UIS";"Universidad Industrial de Santander";1;1;11594;Colombia;2145-8464;0121-0807;0121-0807;Medicina
21940;"Salud y administración";"Universidad de la Sierra Sur";1;1;8947;México;2448-6159;2007-7971;2007-7971;"Administración, Ciencias sociales y humanidades, Medicina, Salud pública"
23539;"Salud y bienestar colectivo";"Centro de Apoyo Psicopedagógico Aragón A.C.";1;1;9873;Chile;0719-8736;0719-8736;;"Salud pública"
28267;"Salud y desarrollo";"Ediciones Edipro";1;1;11329;"El Salvador";2791-0369;2307-3624;2307-3624;"Salud pública, Enfermería"
27346;Saluta;"Universidad Metropolitana de Educación, Ciencia y Tecnología (UMECIT)";1;1;11337;Panamá;2644-4003;2644-4003;;"Farmacia, Medicina, Neumología, Odontología, Salud pública, Enfermería"
28949;"Sanitas. Revista arbitrada de ciencias de la salud";"Instituto de Investigación Multidisciplinaria Perspectivas Globales (IIMPG)";1;1;11526;Ecuador;3028-8738;;;"Epidemiología, Medicina, Odontología, Psicología, Enfermería"
24979;"Santander, estudios de patrimonio";"Editorial Universidad de Cantabria";1;1;10392;España;2605-5317;2605-4450;;"Arte, Bellas artes, Historia del arte, Humanidades"
16957;Santiago;"Departamento de Ediciones UO";1;1;11057;Cuba;2227-6513;0048-9115;0048-9115;"Ciencias sociales y humanidades, Literatura, Pedagogía, Psicología, Sociología, Trabajo social"
23361;SANUM;"Federación de Servicios Públicos de UGT Andalucía";1;1;9771;España;2530-5468;2530-5468;;"Epidemiología, Medicina, Salud pública, Terapéutica y rehabilitación, Enfermería"
23718;Sanus;"Universidad de Sonora";1;1;9959;México;2448-6094;2448-6094;;Enfermería
26791;Sapientia;"Instituto Superior de la Judicatura Panamá";1;1;10929;Panamá;2710-7566;2070-3651;;"Derecho y jurisprudencia, Derecho agrario, Derecho civil, Derecho comparado, Derecho internacional, Derecho laboral, Derecho marítimo, Derecho mercantil, Derecho penal, Derecho público, Derecho procesal, Derecho fiscal, Derechos humanos"
27423;"Sapientia Iustitia";"Universidad Católica Sedes Sapientiae. Facultad de Derecho y Ciencias Políticas";1;1;11199;Perú;2709-1228;2709-1228;;"Derecho y jurisprudencia, Derecho civil, Derecho comparado, Derecho mercantil, Derecho penal, Derecho procesal"
28247;"Sapientia Technological.";"Instituto Superior Tecnológico Almirante Illingworth";1;1;11317;Ecuador;2737-6400;2737-6400;;"Administración, Ciencias sociales y humanidades, Contabilidad"
26318;Sapienza;"Sapienza Grupo Editorial";1;1;10836;Brasil;2675-9780;2675-9780;;"Ciencias sociales y humanidades, Multidisciplinarias"
19845;"SATHIRI: Sembrador";"Universidad Politécnica Estatal del Carchi: Centro de Investigación, Transferencia Tecnológica";1;1;7643;Ecuador;2631-2905;;1390-6925;"Ciencias sociales y humanidades, Ecología, Educación, Ingeniería, Salud pública, Turismo"
26622;"Saúde, Ética & Justiça";"Universidade de São Paulo (USP)";1;1;10899;Brasil;2317-2770;1414-218X;1414-218X;"Derecho y jurisprudencia, Medicina legal, Criminología"
16994;Sciéndo;"Universidad Nacional de Trujillo";1;1;6371;Perú;2617-3735;1681-7230;1681-7230;"Ciencias sociales y humanidades, Multidisciplinarias"
17017;Scientia;"Universidad Ricardo Palma. Vicerrectorado de Investigación. Centro de Investigación";1;1;6386;Perú;2519-5743;1993-422X;1993-422X;Multidisciplinarias
26304;Scientia;"Universidad de Panamá, Vicerrectoría de Investigación y Postgrado";1;1;10830;Panamá;2710-7647;0258-9702;0258-9702;"Ecología, Ciencias de la tierra, Ciencia y Tecnología, Medio ambiente, Ciencias exactas, Ciencias naturales"
17003;"Scientia Agropecuaria";"Universidad Nacional de Trujillo. Facultad de Ciencia Agropecuarias";1;1;6377;Perú;2306-6741;2077-9917;2077-9917;"Agronomía, Zootecnia"
23761;"Scientia fungorum";"Asociación Mexicana para el Estudio de los Hongos, A.C.; Universidad Nacional Autónoma de México, Instituto de Biología";1;1;9981;México;2594-1321;2594-1321;;Biología
17008;"Scientia interfluvius";"Secretaría de Ciencia y Técnica; Universidad Autonóma de Entre Ríos";1;1;11972;Argentina;1853-4430;1853-4422;1853-4422;"Agronomía, Multidisciplinarias"
17011;"Scientia marina";"Editorial CSIC";1;1;6382;España;1886-8134;0214-8358;0214-8358;"Biología, Oceanografía, Ictiología"
17012;"Scientia Medica";"Pontifícia Universidade Católica do Rio Grande do Sul (PUC RS)";1;1;6383;Brasil;1980-6108;1806-5562;1806-5562;Medicina
26424;ScientiAmericana;"Universidad Sudamericana";1;1;10861;Paraguay;2521-0939;;;Multidisciplinarias
21762;Scio;"UCV ""San Vicente Mártir"". Vicerrectorado de Investigación, Desarrollo e innovación. Servicio de Publicaciones";1;1;8815;España;2603-6924;1887-9853;1887-9853;Filosofía
17025;Scire;"Universidad de  Zaragoza";1;1;6390;España;2340-7042;1135-3716;1135-3716;"Bibliotecología, Ciencias de la información"
17029;"Scripta ethnologica";"Centro Argentino de Etnología Americana; Centro Argentino de Información Científica y Tecnológica";1;1;6392;Argentina;1669-0990;0325-6669;0325-6669;"Antropología, Etnología, Folklore, Medicina, Salud pública, Sociología"
17032;"Scripta mediaevalia";"Universidad Nacional de Cuyo; Facultad de Filosofía Y Letras; Centro de Estudios Filosóficos Medievales";1;1;6393;Argentina;2362-4868;1851-8753;1851-8753;"Antropología, Educación, Filosofía, Historia, Psicología, Humanidades"
29510;"SCRIPTA MUNDI.";"Universidad de Guayaquil";1;1;11685;Ecuador;2960-8031;;;"Arte, Ciencias de la comunicación, Cultura"
17034;"Scripta nova";"Universidad de Barcelona, Facultad de Geografía e Historia, Departamento de Geografía Humana";1;1;6395;España;1138-9788;;;Geografía
17046;Secuencia;"Instituto de Investigaciones Dr. José María Luis Mora";1;1;6400;México;2395-8464;0186-0348;0186-0348;"Ciencias sociales y humanidades, Historia"
17048;"Secuencias. Revista de historia del cine";"Ocho y Medio, Libros de Cine; Universidad Autónoma de Madrid, Instituto de Ciencias de la Educación";1;1;6401;España;2529-9913;1134-6795;1134-6795;"Bellas artes, Cine"
17052;Sefarad;"Editorial CSIC";1;1;6403;España;1988-320X;0037-0894;0037-0894;"Multidisciplinarias, Humanidades"
21486;"Segle XX";"Universitat de Barcelona";1;1;8632;España;2339-6806;1889-1152;;Historia
22924;"Seguridad, ciencia y defensa";"Universidad Nacional para la Defensa “General Juan Pablo Duarte y Díez” (UNADE)";1;1;9536;"República Dominicana";2636-2309;;2413-869X;"Defensa y seguridad, Criminología"
22980;"Selecciones Matemáticas";"Universidad Nacional de Trujillo. Departamento Académico de MAtemáticas";1;1;9577;Perú;2411-1783;2411-1783;;Matemáticas
26370;Semas;"Universidad Autónoma de Querétaro, Facultad de Lenguas y Letras";1;1;11687;México;2683-3301;2683-3301;;Lingüística
23034;"Semestre Económico";"Universidad Nacional de Altiplano. Facultad de Ingeniería Económica";1;1;9607;Perú;2523-0840;2072-0572;2072-0572;Economía
24318;Semiárida;"Universidad Nacional de la Pampa";1;1;10196;Argentina;2408-4077;2362-4337;;"Agronomía, Biología, Ganadería, Veterinaria, Edafología, Zootecnia, Ciencias de la tierra, Medio ambiente"
28504;Sendas.;"Editorial de la Facultad de Artes (EdFA), Universidad Nacional de Córdoba";1;1;11399;Argentina;2618-2254;;;"Arte, Artes plásticas, Cine, Música, Teatro, Danza"
17112;Sendebar;"Universidad de Granada, Servicio de Publicaciones";1;1;6418;España;2340-2415;1130-5509;1130-5509;"Lingüística, Literatura"
29529;"SER Social";"Universidade de Brasília (UnB)";1;1;11719;Brasil;2178-8987;1415-6946;;"Trabajo social"
27751;Seriarte;Ucopress;1;1;11442;España;2792-8713;2792-8713;;"Arte, Cine, Cultura, Fotografía, Historia del arte, Música"
25119;"Serie científica de la Universidad de las ciencias informáticas";"Ediciones Futuro";1;1;10432;Cuba;2306-2495;2306-2495;;Computación
29316;"Sesiones de la Sociedad Uruguaya de Historia de la Medicina";"Sociedad Uruguaya de Historia de la Medicina";1;1;11626;Uruguay;3046-4056;0797-6860;;Medicina
17382;SHILAP;"Sociedad Hispano-Luso-Americana de Lepidopterología";1;1;6439;España;2340-4078;0300-5267;0300-5267;Zoología
20318;"Si somos americanos";"Universidad Arturo Prat, Instituto de Estudios Internacionales";1;1;7986;Chile;0719-0948;0718-2910;;"Estudios latinoamericanos"
23191;Siembra;"Universidad Central del Ecuador, Facultad de Ciencias Agrícolas";1;1;9679;Ecuador;2477-8850;2477-8850;1390-8928;"Agronomía, Ciencias sociales y humanidades, Ecología, Ganadería, Turismo"
24980;"Siglo cero";"Ediciones Universidad de Salamanca";1;1;10393;España;2530-0350;0210-1696;0210-1696;"Educación, Multidisciplinarias, Psicología, Psiquiatría, Trabajo social"
27650;"Siglo Dieciocho";"Asociación Argentina de Estudios del Siglo XVIII";1;1;11176;Argentina;2684-0553;2684-0553;;"Arte, Cultura, Etica, Filosofía, Literatura, Humanidades"
17402;"Signa. Revista de la Asociación Española de Semiotica";"Centro de Investigación de Semiótica Literaria, Teatral y Nuevas Tecnologías";1;1;6442;España;2254-9307;1133-3634;1133-3634;Lingüística
17408;"Signo y pensamiento";"Pontificia Universidad Javeriana";1;1;6445;Colombia;2027-2731;0120-4823;0120-4823;"Ciencias de la comunicación"
20689;"Signo y seña";"Universidad de Buenos Aires;  Facultad de Filosofía y Letras;  Instituto de Lingüística";1;1;8244;Argentina;2314-2189;2314-2189;;Lingüística
19857;"Signos do Consumo";"Universidade de São Paulo (USP)";1;1;7651;Brasil;1984-5057;1984-5057;;"Ciencias de la comunicación"
22875;Signótica;"Universidade Federal de Goiás (UFG)";1;1;9499;Brasil;2316-3690;0103-7250;;"Lingüística, Literatura"
28273;Simbiosis;"Asociación Mexicana de Alternativas en Psicología";1;1;11383;México;2992-6904;2992-6904;;"Educación, Pedagogía, Psicología, Educación media o secundaria, Educación preescolar, Educación superior"
21294;Simbiótica;"Universidade Federal do Espírito Santo (UFES)";1;1;8501;Brasil;2316-1620;2316-1620;;"Antropología, Arte, Cultura, Multidisciplinarias, Sociología, Humanidades, Ciencia"
17446;"Sinais de cena";"Centro de Estudos de Teatro da Universidade de Lisboa";1;1;11819;Portugal;2184-9552;2184-9552;1646-0715;Teatro
20162;"Sinapsis: La revista científica del ITSUP";"Instituto Tecnológico Superior Portoviejo";1;1;7858;Ecuador;1390-9770;;1390-7832;"Biología, Computación, Educación, Humanidades, Educación superior"
17449;Sincronía;"Universidad de Guadalajara, Centro Universitario de Ciencias Sociales y Humanidades";1;1;6464;México;1562-384X;1562-384X;;"Filosofía, Literatura, Humanidades"
17450;Sinéctica;"Instituto Tecnológico y de Estudios Superiores de Occidente, Departamento de Educación y Valores";1;1;6465;México;2007-7033;1665-109X;1665-109X;Educación
24719;"Sinergias Educativas Revista Científica";"Universidad Técnica Estatal de Quevedo";1;1;10291;Ecuador;2661-6661;;;Educación
28019;SinoELE;SinoELE;1;1;11978;Iberoamericanistas-Asia;2076-5533;2076-5533;;"Cultura, Lingüística, Literatura, Humanidades, Filología"
23436;"Sinología hispánica";"Instituto Confucio de la Universidad de León";1;1;9811;España;2531-2219;2444-832X;2444-832X;"Cultura, Filosofía, Lingüística, Multidisciplinarias, Humanidades, Filología"
17459;Sintagma;"Universitat de Lleida";1;1;6468;España;2013-6455;0214-9141;0214-9141;Lingüística
25492;Sintaxis;"Universidad Anáhuac México";1;1;10578;México;2594-1682;2594-1682;;"Ciencias de la comunicación, Ciencias sociales y humanidades"
24726;Síntesis;"Universidad Adolfo Ibáñez, Departamento de Filosofía de la Facultad de artes Liberales";1;1;10293;Chile;2452-4476;2452-4476;;Filosofía
24222;"Sisyphus - Journal of Education";"Instituto de Educação, Universidade de Lisboa,";1;1;10173;Portugal;2182-9640;2182-8474;;"Administración, Economía, Educación, Historia, Multidisciplinarias, Pedagogía, Humanidades"
17516;"Siwó: Revista de Teología";"Editorial SEBILA";1;1;6481;"Costa Rica";2215-2482;2215-227X;2215-227X;"Filosofía, Religión, Humanidades"
27158;"SketchIN. Revista de arquitectura y diseño";"Universidad Autónoma de Querétaro, Facultad de Ingeniería";1;1;12050;México;2954-5145;;;"Arquitectura, Diseño, Urbanismo"
20325;Skopos;Ucopress;1;1;7993;España;2695-8465;2255-3703;2255-3703;"Lingüística, Literatura, Filología"
23487;"Small business international review";"Asociación Española de Contabilidad y Administración de Empresas (AECA) y Universidad Politécnica de Cartagena (UPCT)";1;1;9842;España;2531-0046;2531-0046;;"Economía, Economía de la empresa, Economía internacional"
22681;"Sobre prácticas artísticas y políticas de la edición";"Universidad de Granada";1;1;9372;España;2444-3484;2444-3484;2387-1733;"Arte, Humanidades"
25506;SobreMéxico;"Universidad Iberoamericana Ciudad de México";1;1;11038;México;2448-7325;2448-7325;;Economía
25379;Socialium;"Universidad Nacional del Centro de Perú. Comité de Investigación de Ciencias Sociales";1;1;10541;Perú;2706-6053;2706-6053;;"Ciencias sociales y humanidades"
26388;"Sociedad & Tecnología.";"Instituto Tecnológico Superior Jubones";1;1;10853;Ecuador;2773-7349;;;"Administración, Derecho y jurisprudencia, Economía, Educación, Multidisciplinarias"
24017;"Sociedad e infancias";"Ediciones Complutense. Universidad Complutense de Madrid";1;1;10093;España;2531-0720;2531-0720;;Sociología
24872;"Sociedad Peruana de Derecho Internacional";"Sociedad Peruana de Derecho Internacional";1;1;10348;Perú;2663-0222;0035-0370;;"Derecho internacional"
20027;"Sociedad y ambiente";"El Colegio de la Frontera Sur";1;1;7772;México;2007-6576;2007-6576;;"Ecología, Sociología"
17539;"Sociedad y Economía";"Universidad del Valle, Facultad de Ciencias Sociales y Económicas, Centro de Investigaciones y Documentación Socioeconómica";1;1;6489;Colombia;2389-9050;1657-6357;1657-6357;Economía
28923;"Sociedad y política";"Escuela de Ciencias Sociales y Ciencias Políticas";1;1;12013;Paraguay;2663-0877;2663-0877;;"Ciencia política y administración pública, Ciencias sociales y humanidades, Educación, Psicología, Relaciones internacionales, Derechos humanos"
17550;"Sociedade em Debate";"Universidade Católica de Pelotas (UCPel)";1;1;6496;Brasil;2317-0204;1414-9869;1414-9869;"Sociología, Trabajo social"
17551;"Sociedades precapitalistas";"Universidad Nacional de La Plata, Facultad de Humanidades y Ciencias de la Educación";1;1;6497;Argentina;2250-5121;2250-5121;;Sociología
26303;SOCIETAS;"Universidad de Panamá, Vicerrectoría de Investigación y Postgrado";1;1;10829;Panamá;2644-3791;2644-3791;;"Bellas artes, Etica, Filosofía, Lingüística, Literatura, Humanidades"
17557;Sociohistórica;"Universidad Nacional de La Plata; Facultad de Humanidades y Ciencias de la Educación";1;1;6501;Argentina;1852-1606;1852-1606;1853-6344;"Historia, Sociología"
26080;"Sociología del deporte";"Universidad Pablo de Olavide (UPO)";1;1;11568;España;2695-883X;2695-883X;;Sociología
17563;"Sociologia del trabajo";"Siglo XXI de España";1;1;6504;España;2603-9710;0210-2900;0210-8364;Sociología
20476;"Sociología Histórica";"Universidad de Murcia, Departamento de Sociología y Trabajo Social";1;1;8093;España;2255-3851;2255-3851;;"Historia, Sociología"
31;"Sociología y Tecnociencia";"Universidad de Valladolid";1;1;19;España;1989-8487;1989-8487;;"Sociología, Tecnología"
17571;Sociológica;"Universidad Autónoma Metropolitana, Unidad Azcapotzalco, División de Ciencias Sociales y Humanidades, Departamento de Sociología";1;1;6508;México;2007-8358;0187-0173;0187-0173;Sociología
22014;"Sophia Austral";"Universidad de Magallanes. Facultad de Humanidades y Ciencias Sociales";1;1;8996;Chile;0719-5605;0718-0535;;"Ciencias sociales y humanidades, Educación"
23308;"Sophia: Colección de Filosofía de la Educación";"Universidad Politécnica Salesiana";1;1;9739;Ecuador;1390-8626;;;"Educación, Filosofía"
28763;"South American Research Journal";"Cabrera y Andrade Cía. Ltda. y el Instituto Superior Tecnológico Universitario San Isidro";1;1;11574;Ecuador;2806-5638;2806-5638;;"Biología, Ciencias sociales y humanidades, Multidisciplinarias"
29663;"Space Scientific Journal of Multidisciplinary.";"OM Editorial";1;1;11751;Ecuador;3091-1834;;;"Ciencias sociales y humanidades, Ingeniería, Multidisciplinarias, Tecnología, Ciencias naturales"
17612;"Spanish journal of agricultural research";"Consejo Superior de Investigaciones Científicas (CSIC)";1;1;6522;España;2171-9292;1695-971X;1695-971X;"Agronomía, Ganadería"
26085;"Spanish Journal of Legislative Studies";"Departamento de Ciencia Jurídica. Universidad Miguel Hernández";1;1;11101;España;2695-5792;2695-5792;;"Derecho y jurisprudencia, Derecho civil, Derecho internacional, Derecho mercantil, Derecho público, Historia"
23232;"Spanish journal of marketing-ESIC";"Emerald Group Publishing Limited";1;1;9697;España;2444-9709;2444-9695;2444-9695;"Ciencias de la comunicación, Economía, Economía de la empresa"
26993;"Spanish Journal of Palaeontology";"Sociedad Española de Paleontología";1;1;10974;España;2660-9568;2255-0550;2255-0550;"Paleontología, Ciencias de la tierra"
26848;Specula;"UCV ""San Vicente Mártir"". Vicerrectorado de Investigación, Desarrollo e innovación. Servicio de Publicaciones";1;1;11197;España;2792-3290;2697-2484;2697-2484;"Filosofía, Historia, Historia del arte, Pintura, Religión"
17619;"Sphera Pública";"Servicio de Publicaciones UCAM";1;1;6526;España;2695-5725;1576-4192;;"Ciencias de la comunicación"
21549;Sportis;"Campus Educa Sportis S.L.";1;1;8666;España;2386-8333;2386-8333;;"Deportes, Educación preescolar, Educación primaria"
26554;Steiniana;"Pontificia Universidad Católica de Chile";1;1;11149;Chile;0719-8728;0719-8728;;"Antropología, Filosofía, Literatura, Medicina, Psicología, Humanidades"
19861;Steviana;FACEN-UNA;1;1;7655;Paraguay;2304-2907;2077-8430;2077-8430;"Biotecnología, Botánica, Ecología, Medio ambiente, Ciencias naturales"
23171;Stoa;"Universidad Veracruzana, Instituto de Filosofía";1;1;9669;México;2007-1868;2007-1868;;Filosofía
24359;"Strategic Design Research Journal";"Universidade do Vale do Rio dos Sinos (Unisinos)";1;1;10200;Brasil;1984-2988;1984-2988;;"Administración, Arquitectura, Ciencias de la comunicación, Diseño, Ingeniería industrial, Ingeniería mecánica, Planificación urbana"
26541;"Studia Hegeliana";"UMA Editorial";1;1;10878;España;2792-176X;2444-0809;2444-0809;Filosofía
10570;"Studia heideggeriana";"Sociedad Iberoamericana de Estudios Heideggerianos";1;1;3645;España;2250-8767;2250-8740;2250-8740;Filosofía
17643;"Studia Historica. Historia antigua";"Universidad de Salamanca";1;1;6539;España;2530-4100;0213-2052;0213-2052;Historia
17642;"Studia Historica. Historia Contemporánea";"Universidad de Salamanca";1;1;6538;España;2444-7080;0213-2087;0213-2087;Historia
17644;"Studia historica. Historia medieval";"Universidad de Salamanca";1;1;6540;España;2445-3595;0213-2060;0213-2060;Historia
17645;"Studia historica. Historia moderna";"Universidad de Salamanca";1;1;6541;España;2386-3889;0213-2079;0213-2079;Historia
29879;"Studia Iberica";"Ksiegarnia Akademicka Publishing";1;1;11815;Iberoamericanistas-Europa;3071-7604;3071-7604;;"Cultura, Lingüística, Literatura, Estudios locales, Filología"
23256;"Studia politicae";"Universidad Católica de Córdoba, Facultad de Ciencia Política y Relaciones Internacionales";1;1;9710;Argentina;2408-4182;1669-7405;;"Ciencia política y administración pública, Filosofía, Relaciones internacionales"
29604;"Studia Romanistica";"Ostravská univerzita";1;1;11733;Iberoamericanistas-Europa;2571-0265;1803-6406;1803-6406;"Cultura, Lingüística, Literatura"
21585;"Studies in comparative international development";"Springer International Publishing AG";1;1;8687;"Iberoamericanistas-América del Norte";1936-6167;0039-3606;0039-3606;"Ciencias sociales y humanidades, Estudios latinoamericanos"
17663;"Studium Veritatis";"Universidad Católica Sedes Sapientiae";1;1;6549;Perú;2955-8662;1682-0487;1682-0487;Multidisciplinarias
26515;"Studium, filosofía y teología.";"Universidad del Norte Santo Tomás de Aquino";1;1;10874;Argentina;2591-426X;0329-8930;;Filosofía
20186;"Stvdia philologica valentina";"Universitat de València";1;1;7877;España;2695-8945;1135-9560;1135-9560;"Lingüística, Literatura, Filología"
17673;"Subjetividad y procesos cognitivos";"Universidad de Ciencias Empresariales y Sociales";1;1;6553;Argentina;1852-7310;1666-244X;1666-244X;"Pedagogía, Psicología, Psiquiatría"
22960;Sudamérica;"Universidad Nacional de Mar del Plata. Departamento de Sociología. Facultad de Humanidades";1;1;9564;Argentina;2314-1174;2250-7779;;"Ciencia política y administración pública, Demografía, Sociología"
19862;"Suma de negocios";"Fundación Universitaria Konrad Lorenz";1;1;7656;Colombia;2215-910X;2027-5692;2215-910X;"Desarrollo económico"
27008;"Suplemento CICA";"Universidad Laica Eloy Alfaro de Manabí";1;1;10977;Ecuador;2631-2832;;;Multidisciplinarias
25401;"Sur y tiempo";"Universidad de Valparaíso. Facultad de Humanidades. Instituto de Historia y Ciencias Sociales";1;1;10547;Chile;2452-574X;2452-574X;;Historia
22248;"SurAcademia: Revista académica investigativa del área jurídica, social y administrativa";"Universidad Nacional de Loja";1;1;9155;Ecuador;2602-8190;2602-8190;1390-9045;"Administración, Derecho y jurisprudencia, Economía, Trabajo social"
27514;SusBCity;"Universidad de Panamá";1;1;11190;Panamá;2710-7426;2710-7426;;"Arquitectura, Urbanismo, Planificación urbana"
27863;Synergía;"Universidad de Panamá";1;1;11536;Panamá;2953-2973;2953-2973;;Multidisciplinarias
25151;"Synergies Espagne";GERFLINT;1;1;10441;Iberoamericanistas-Europa;2260-6513;1961-9359;;"Cultura, Educación, Lingüística, Literatura, Música, Pedagogía, Teatro, Filología"
28234;Syntagmas;"Universidad Nacional de San Antonio Abad del Cusco. Departamento Académico de Lingüística";1;1;11854;Perú;2961-2128;2961-2128;;"Lingüística, Literatura"
17723;Synthesis;"Centro de Estudios Helénicos; Instituto de Investigaciones en Humanidades y Ciencias Sociales; Facultad de Humanidades y Ciencias de la Educación; Universidad Nacional de La Plata";1;1;6571;Argentina;1851-779X;0328-1205;0328-1205;"Arte, Filosofía, Literatura"
24698;Tábano;"Centro de Estudiantes de Filosofía";1;1;10281;Argentina;2591-572X;1852-7221;;Filosofía
17727;Tabanque;"Universidad de Valladolid";1;1;6573;España;2530-6766;0214-7742;0214-7742;"Educación, Pedagogía"
24122;Tableros;"Papel Cosido";1;1;10131;Argentina;2525-1589;2250-5474;;"Arte, Bellas artes, Diseño"
26563;Talía;"Ediciones Complutense";1;1;10888;España;2659-806X;2659-806X;;"Cultura, Literatura, Teatro, Poesía, Danza"
17738;"Talia Dixit";"Universidad de Extremadura, Facultad de Filosofía y Letras";1;1;6579;España;1886-9440;1886-9440;;"Historia, Multidisciplinarias"
20544;Tamid;"Institut d’Estudis Catalans";1;1;8140;España;2013-4029;1138-5561;1138-5561;"Lingüística, Literatura, Humanidades, Filología"
25631;Tangram.;"Universidade Federal da Grande Dourados (UFGD)";1;1;10608;Brasil;2595-0967;2595-0967;;"Educación, Matemáticas"
17749;Tantak;"UPV/EHU Press";1;1;6584;España;2444-3581;0214-9753;0214-9753;Educación
25909;"Tapuya: Latin American Science, Technology and Society";"Taylor & Francis";1;1;11183;Iberoamericanistas-Europa;2572-9861;2572-9861;;"Ciencias sociales y humanidades, Sociología, Ciencia y Tecnología"
28931;Tarama;"Universidad Nacional Autónoma Altoandina de Tarma";1;1;11919;Perú;2961-273X;2961-273X;;"Ciencias sociales y humanidades"
17759;Tavira;"Universidad de Cádiz";1;1;6588;España;2792-9035;0214-137X;0214-137X;Educación
25042;Tayacaja;"Universidad Nacional Autónoma de Tayacaja";1;1;10405;Perú;2617-9156;2617-9156;;Multidisciplinarias
28219;"Teatro XXI";"Facultad de Filosofía y Letras, Universidad de Buenos Aires";1;1;11370;Argentina;2683-8451;;;Teatro
22801;Tebeosfera;"Asociación Cultural Tebeosfera (ACyT)";1;1;9457;España;1579-2811;1579-2811;;"Arte, Cine, Cultura, Historia del arte, Humanidades"
17769;"TEC Empresarial";"Instituto Tecnológico de Costa Rica";1;1;6592;"Costa Rica";1659-3359;1659-3359;1659-2395;Administración
29152;"Tech Carlos Cisneros";"Instituto Tecnológico Superior Carlos Cisneros con condición de Universitario";1;1;11588;Ecuador;2737-6036;;;"Administración, Contabilidad, Tecnología"
27900;"Technology rain journal";"Editorial Kolibri";1;1;11344;Argentina;2953-464X;2953-464X;;"Computación, Ingeniería"
23551;Tecnia;"Instituto Federal de Educação, Ciência e Tecnologia de Goiás (IFG)";1;1;11899;Brasil;2526-2130;2526-2122;;Educación
17775;Tecnia;"Universidad Nacional de Ingeniería, Instituto General de Investigación";1;1;6596;Perú;2309-0413;0375-7765;0375-7765;"Arquitectura, Ingeniería, Ingeniería civil, Ingeniería mecánica, Tecnología, Ingeniería de materiales"
17797;Tecnociencia;"Universidad de Panamá, Facultad de Ciencias Naturales, Exactas y Tecnología";1;1;6603;Panamá;2415-0940;2415-0940;;"Ecología, Física, Matemáticas, Ciencia y Tecnología, Ciencias exactas, Ciencias naturales"
19870;"Tecnociencia Chihuahua";"Universidad Autónoma de Chihuahua, Dirección de Investigación y Posgrado";1;1;7663;México;2683-3360;1870-6606;1870-6606;"Multidisciplinarias, Ciencia y Tecnología"
19871;"Tecnología en Marcha";"Instituto Tecnológico de Costa Rica";1;1;7664;"Costa Rica";2215-3241;0379-3982;0379-3982;Tecnología
17819;"Tecnología y ciencia";"Universidad Tecnológica Nacional; Rectorado; Secretaría de Ciencia y Tecnología";1;1;6613;Argentina;1666-6933;1666-6917;1666-6917;"Ingeniería, Tecnología, Ciencia"
17820;"Tecnología y ciencias del agua";"Instituto Mexicano de Tecnología del Agua, Coordinación de Comunicación, Participación e Información";1;1;6614;México;2007-2422;2007-2422;;"Agronomía, Ciencias atmosféricas, Ciencias sociales y humanidades, Multidisciplinarias, Ingeniería hidráulica, Medio ambiente"
22827;"Tecnología, ciencia y educación";"Centro de Estudios Financieros";1;1;9470;España;2444-2887;2444-250X;2444-250X;"Ciencias de la comunicación, Ciencias de la información, Educación, Pedagogía, Planificación educativa, Tecnología educativa"
28649;"Tecnologías para la investigación en segundas lenguas";"RCUB (Revistes Científiques de la Universitat de Barcelona)";1;1;11538;España;2696-676X;2696-676X;;"Ciencias sociales y humanidades, Computación, Lingüística, Inteligencia artificial-robótica"
17794;TecnoLógicas;"Instituto Tecnológico Metropolitano";1;1;6602;Colombia;2256-5337;0123-7799;0123-7799;"Ingeniería, Tecnología"
23999;Tecnotrend;"Universidad De La Salle Bajío";1;1;10087;México;2448-8496;2448-8496;;"Ingeniería química, Tecnología, Inteligencia artificial-robótica, Telecomunicaciones"
17836;Tecnura;"Universidad Distrital Francisco José de Caldas";1;1;6621;Colombia;2248-7638;0123-921X;0123-921X;Tecnología
17841;Tejuelo;"Universidad de Extremadura";1;1;6624;España;1988-8430;1988-8430;;Educación
17845;Teknokultura;"Universidad Complutense de Madrid";1;1;6627;España;1549-2230;1549-2230;;"Ciencias de la comunicación, Ciencias sociales y humanidades, Cultura, Tecnología"
26822;Tekoporá;"Universidad de la República, Centro Regional del Este (CURE), Departamento de Ciencias Sociales y Humanas (DCSH), Departamento de Territorio Ambiente y Paisaje (DTAP)";1;1;10938;Uruguay;2697-2719;2697-2719;;"Ciencias sociales y humanidades, Estudios latinoamericanos"
17846;Telar;"Universidad Nacional de Tucumán; Facultad de Filosofía y Letras; Instituto Interdisciplinario de Estudios Latinoamericanos";1;1;6628;Argentina;1668-3633;1668-2963;;"Estudios latinoamericanos"
20539;Telemática;"Universidad Tecnológica de La Habana ""José Antonio Echeverría"", Facultad de Telecomunicaciones y Electrónica.";1;1;8135;Cuba;1729-3804;1729-3804;;"Tecnología, Telecomunicaciones"
17855;Telondefondo;"Universidad de Buenos Aires";1;1;6633;Argentina;1669-6301;1669-6301;;Teatro
17857;Telos;"Universidad Dr. Rafael Belloso Chacín";1;1;6635;Venezuela;2343-5763;1317-0570;1317-0570;"Ciencias sociales y humanidades, Multidisciplinarias"
27732;"Temas de historia argentina y americana";"Universidad Católica Argentina.";1;1;11233;Argentina;2618-1924;1666-8146;;Historia
17892;"Temas de nuestra América";"Universidad Nacional de Costa Rica, Instituto de Estudios Latinoamericanos";1;1;6649;"Costa Rica";2215-5449;0259-2339;0259-2339;"Estudios latinoamericanos"
17500;"Temas debates";"Universidad Nacional de Rosario; Facultad de Ciencia Política y Relaciones Internacionales";1;1;6478;Argentina;1853-984X;1666-0714;;"Ciencia política y administración pública, Sociología"
24605;"Temas em Educação Física Escolar";"Colégio Pedro II (CPII)";1;1;11324;Brasil;2525-5916;2525-5916;;"Deportes, Educación, Pedagogía, Educación media o secundaria, Educación preescolar, Educación primaria"
27150;"Temas y Problemas de Comunicación.";"Facultad de Ciencias Humanas - Universidad Nacional de Río Cuarto";1;1;10998;Argentina;2718-6423;1514-2159;;"Ciencias de la comunicación, Ciencias sociales y humanidades"
24451;Temáticas;"Universidade Estadual de Campinas (Unicamp)";1;1;10222;Brasil;2595-315X;1413-2486;1413-2486;"Antropología, Ciencias sociales y humanidades, Cultura, Economía, Historia, Sociología"
26284;"Temes de disseny";"Elisava Barcelona School of Design and Engineering";1;1;10826;España;2604-6032;2604-5230;;"Arquitectura, Diseño, Ingeniería industrial, Multidisciplinarias"
17949;Tendencias;"Universidad de Nariño";1;1;6670;Colombia;2539-0554;0124-8693;0124-8693;"Administración, Contabilidad, Economía, Educación, Economía internacional"
17960;"Tendencias pedagógicas";"Universidad Autónoma de Madrid. Ediciones";1;1;6675;España;1989-8614;1133-2654;1133-2654;"Educación, Pedagogía"
26189;"Tendencias sociales";"Universidad Nacional de Educación a Distancia";1;1;11248;España;2603-8366;2603-8366;;Sociología
22661;"Tenso Diagonal";"Proyecto Tenso Diagonal";1;1;9358;Uruguay;2393-6754;2393-6754;;Multidisciplinarias
17968;"Teología y vida";"Pontificia Universidad Católica de Chile. Facultad de Teología";1;1;6681;Chile;0717-6295;0049-3449;0049-3449;Religión
17976;"Teoría de la Educación";"Universidad de Salamanca";1;1;6686;España;2386-5660;1130-3743;1130-3743;Educación
24486;"Teoria e Prática da Educação";"Universidade Estadual de Maringá (UEM)";1;1;10230;Brasil;2237-8707;1415-837X;1415-837x;"Pedagogía, Tecnología educativa, Educación media o secundaria, Educación preescolar, Educación superior, Estudios de género"
22046;"Teoría y praxis";"Universidad Don Bosco";1;1;9019;"El Salvador";2707-7411;1994-733X;;"Ciencias sociales y humanidades, Sociología"
17984;"Teoría y realidad constitucional";"Servicio de Publicación y Difusión Digital. UNED";1;1;6691;España;2174-8950;;1139-5583;"Derecho y jurisprudencia"
25922;"Tepexi boletín científico de la Escuela Superior Tepeji del Río";"Universidad Autónoma del Estado de Hidalgo, Escuela Superior Tepexi del Río";1;1;11030;México;2007-7629;2007-7629;;Multidisciplinarias
17988;"Terapia psicológica";"Sociedad Chilena de Psicología Clínica";1;1;6692;Chile;0718-4808;0716-6184;0716-6184;Psicología
20511;"Tercio Creciente";"Universidad de Jaén";1;1;8117;España;2340-9096;2340-9096;;"Arte, Artes plásticas, Bellas artes, Ciencias sociales y humanidades, Cultura, Educación"
24115;Terra;"Instituto Interuniversitario de Desarrollo Local";1;1;10127;España;2386-9968;2386-9968;;"Economía, Geografía, Desarrollo económico, Estudios locales, Planificación del desarrollo"
23236;"Terra digitalis";"Universidad Nacional Autónoma de México, Instituto de Geografía";1;1;9699;México;2594-0694;2594-0694;;"Cartografía, Geofísica, Geografía, Geología, Ciencias de la tierra"
18003;"Terra Latinoamericana";"Sociedad Mexicana de la Ciencia del Suelo A.C.";1;1;6698;México;2395-8030;0187-5779;0187-5779;"Agronomía, Edafología"
18005;"Terra Roxa e Outras Terras";"Universidade Estadual de Londrina (UEL)";1;1;6699;Brasil;1678-2054;1678-2054;;"Arte, Cine, Cultura, Educación, Fotografía, Literatura, Humanidades, Teatro, Poesía, Filología"
9303;Territorios;"Editorial Universidad el Rosario";1;1;11441;Colombia;2215-7484;0123-8418;0123-8418;"Economía, Planificación urbana"
25421;Tesis;"Universidad Nacional Mayor de San Marcos. Facultad de Letras. Unidad de Posgrado";1;1;10555;Perú;2707-6334;1995-6967;;"Arte, Humanidades"
18024;Test;Springer;1;1;6707;España;1863-8260;1133-0686;1133-0686;"Economía, Matemáticas, Estadística"
18027;Testimonios;"Asociación de Historia Oral de la República Argentina";1;1;6708;Argentina;1852-4532;1852-4532;;Historia
18038;"Texto digital";"Universidade Federal de Santa Catarina (UFSC)";1;1;6712;Brasil;1807-9288;1807-9288;;"Arte, Lingüística, Literatura"
20546;"Texto Livre : Linguagem e Tecnologia";"Universidade Federal de Minas Gerais (UFMG)";1;1;8141;Brasil;1983-3652;1983-3652;;"Arte, Ciencias de la comunicación, Ciencias sociales y humanidades, Cultura, Educación, Lingüística, Pedagogía, Humanidades, Ciencia y Tecnología, Educación media o secundaria, Educación primaria, Educación superior"
23569;"Textos y contextos desde el sur";"Universidad Nacional de la Patagonia San Juan Bosco";1;1;9891;Argentina;2347-081X;2347-081X;;"Antropología, Ciencia política y administración pública, Ciencias de la comunicación, Ciencias sociales y humanidades, Cultura, Educación, Filosofía, Geografía, Historia, Lingüística, Literatura, Sociología, Turismo, Humanidades, Trabajo social"
21422;Textual;"Universidad Autónoma Chapingo, Dirección de Difusión Cultural";1;1;8589;México;2395-9177;0185-9439;0185-9439;Sociología
21389;"The Age of Human Rights";"Universidad de Jaén";1;1;8567;España;2340-9592;2340-9592;;"Ciencia política y administración pública, Ciencias sociales y humanidades, Derecho y jurisprudencia, Derecho internacional, Derecho penal, Derecho público"
21590;"The Americas - Academy of American Franciscan History";"Cambridge University Press";1;1;8690;"Iberoamericanistas-América del Norte";1533-6247;0003-1615;0003-1615;"Historia, Estudios latinoamericanos"
18079;"The Anáhuac Journal";"Universidad Anáhuac del Sur";1;1;6727;México;2683-2690;1405-8448;1405-8448;"Economía, Economía de la empresa"
18081;"The Biologist";"Universidad Nacional Federico Villarreal. Facultad de Ciencias Naturales y Matemática. Escuela Profesional de Biología";1;1;6728;Perú;1994-9073;1816-0719;;Biología
18086;"The European Journal of Psychology Applied to Legal Context";"Sociedad Española de Psicología Jurídica y Forense";1;1;6729;España;1989-4007;1889-1861;1889-1861;Psicología
18087;"The Grove";"Universidad de Jaén Servicio de Publicaciones";1;1;6730;España;2386-5431;1137-005X;1137-005X;"Lingüística, Literatura, Filología"
21479;"The Hispanic American Historical Review";"Duke University Press";1;1;8628;"Iberoamericanistas-América del Norte";1527-1900;0018-2168;0018-2168;Historia
18090;"The International journal of digital accounting research";"Universidad de Huelva, Facultad de Empresariales";1;1;6731;España;2340-5058;1577-8517;1577-8517;Economía
26571;"The Journal of Engineering and Exact Sciences";"Universidade Federal de Viçosa (UFV)";1;1;10891;Brasil;2527-1075;2527-1075;;"Ingeniería, Ciencias de la tierra, Ciencias exactas, Ciencias naturales"
28216;"The Journal of Latin American Geriatric Medicine";"Publicaciones Permanyer";1;1;11447;España;2462-4616;2462-2958;;Geriatría
18104;"The Spanish Journal of Psychology";"Cambridge University Press";1;1;6734;España;1988-2904;1138-7416;1138-7416;Psicología
19880;"Thélème. Revista Complutense de Estudios Franceses";"Universidad Complutense de Madrid, Servicio de Publicaciones";1;1;7671;España;1989-8193;1139-9368;1139-9368;"Literatura, Filología"
18112;Thémata;"Editorial Universidad de Sevilla";1;1;6738;España;2253-900X;0212-8365;0212-8365;Filosofía
20247;Themis;"Asociación Civil Themis";1;1;7932;Perú;2410-9592;1810-9934;1810-9934;"Derecho y jurisprudencia"
18118;Theoria;"UPV/EHU Press";1;1;6743;España;2171-679X;0495-4548;0495-4548;Filosofía
18120;"Theoría: revista del Colegio de Filosofía";"Universidad Nacional Autónoma de México, Facultad de Filosofía y Letras";1;1;6745;México;2954-4270;1665-6415;1665-6415;Filosofía
26633;"Theory Now";"Editorial Universidad de Granada";1;1;11232;España;2605-2822;2605-2822;;"Cultura, Filosofía, Literatura, Humanidades, Poesía, Filología"
19882;TheraPeía(Valencia);"UCV ""San Vicente Mártir"". Vicerrectorado de Investigación, Desarrollo e innovación. Servicio de Publicaciones";1;1;7673;España;2660-4264;1889-6111;1889-6111;"Matemáticas, Medicina, Tecnología, Ciencias naturales"
19883;Therya;"Asociacion Mexicana de Mastozoologia";1;1;7674;México;2007-3364;2007-3364;;"Zoología, Ciencia"
18132;"Tiempo de gestión";"Universidad Autónoma de Entre Ríos.  Facultad de Ciencias de la Gestión";1;1;6748;Argentina;1853-6646;1850-7255;1850-7255;Administración
18135;"Tiempo histórico";"Universidad Academia Humanismo Cristiano. Escuela de Antropología, Geografía e Historia";1;1;6750;Chile;0719-5699;0718-7432;0718-7432;Historia
18141;"Tiempos Modernos: Revista Electrónica de Historia Moderna";"Asociación Mundos Modernos";1;1;6753;España;1699-7778;;;Historia
20397;"Tierra Infinita";"Universidad Politécnica Estatal del Carchi";1;1;8038;Ecuador;2631-2921;;1390-6836;"Administración, Agronomía, Computación, Economía, Educación, Ganadería, Tecnología de alimentos, Turismo"
23116;"Tierra nuestra";"Universidad Nacional Agraria La Molina. Facultad de Economía y Planificación. Departamento Académico de Ciencias Humanas";1;1;11170;Perú;2519-738X;2519-738X;;"Etica, Filosofía, Lingüística, Literatura"
18155;"Tip revista especializada en ciencias químico-biológicas";"Universidad Nacional Autónoma de México, Facultad de Estudios Superiores Zaragoza";1;1;6760;México;2395-8723;2395-8723;1405-888X;"Biología, Química"
30031;"Tipití (Online)";"Society for the Anthropology of Lowland South America";1;1;12058;"Iberoamericanistas-América del Norte";2572-3626;1545-4703;;"Antropología, Arqueología, Etnología, Historia"
22865;Titivillus;"Universidad de Zaragoza";1;1;9491;España;2603-9966;2387-0915;2387-0915;Bibliotecología
20199;Tla-melaua;"Benemérita Universidad Autónoma de Puebla, Facultad de Derecho y Ciencias Sociales";1;1;7890;México;2594-0716;1870-6916;1870-6916;"Ciencias sociales y humanidades"
24892;Tlahuizcalli;"Secretaría de Educación Pública, Tecnológico Nacional de México (TecNM)";1;1;10357;México;2448-7260;2448-7260;;Multidisciplinarias
25675;"Tlalli. Revista de investigación en geografía";"Universidad Nacional Autónoma de México, Facultad de Filosofía y Letras";1;1;11078;México;2683-2275;2683-2275;;Geografía
18171;"TOG. Terapia Ocupacional Galicia";"[Colegio de Terapeutas Ocupacionales de Galicia (COTOGA)]";1;1;6766;España;1885-527X;;;"Terapéutica y rehabilitación, Trabajo social"
22371;Tohil;"Universidad Autónoma de Yucatán, Facultad de Derecho";1;1;11664;México;2007-6681;2007-6673;2007-6673;"Derecho y jurisprudencia, Derecho civil, Derecho comparado, Derecho penal, Derecho público, Derecho procesal"
3024;"Toma uno";"Universidad Nacional de Córdoba. Facultad de Artes. Departamento de Cine y TV";1;1;986;Argentina;2250-4524;2250-4524;2313-9692;"Arte, Cine"
18180;"Tonos Digital";"Universidad de Murcia";1;1;6770;España;1577-6921;1577-6921;;"Cultura, Lingüística, Literatura, Filología"
18182;Top;Springer;1;1;6771;España;1863-8279;1134-5764;1134-5764;Matemáticas
18185;Tópicos;"Universidad Panamericana, Facultad de Filosofía";1;1;6772;México;2007-8498;0188-6649;0188-6649;Filosofía
18186;Tópicos;"ARFil. Asociación Revista de Filosofía de Santa Fe";1;1;6773;Argentina;1668-723X;1666-485X;1666-485X;Filosofía
25996;"Tópicos  de  investigación  en  ciencias  de  la  tierra  y  materiales";"Universidad Autónoma del Estado de Hidalgo";1;1;10744;México;2395-8405;2395-8405;;"Geología, Ingeniería minera, Química, Ciencias de la tierra, Metalurgia"
18188;"Tópicos del seminario";"Benemérita Universidad Autónoma de Puebla, Seminario de Estudios de la Significación";1;1;6774;México;2594-0619;1665-1200;1665-1200;Lingüística
24988;"Tourism and Heritage Journal";"Grup d'Investigació Turisme, Cultura  i Territori (TURCiT)";1;1;11223;España;2604-2347;2604-2347;;"Antropología, Ciencias sociales y humanidades, Cultura, Historia, Historia del arte, Turismo"
18213;Trabajo;"Universidad de Huelva, Servicio de Publicaciones";1;1;6784;España;2173-6812;1136-3819;1136-3819;Sociología
21768;"Trabajo Social Global-Global Social Work";"Dpto. de Trabajo Social y Servicios Sociales. Universidad de Granada";1;1;8819;España;2013-6757;;;"Trabajo social"
18206;"Trabajo social hoy";"Colegio Oficial de Diplomados en Trabajo Social y A.A. S.S.";1;1;6781;España;2340-2539;;1134-0991;Sociología
20942;"Trabajo y derecho";"Aranzadi La Ley";1;1;8385;España;2386-8112;2386-8090;;"Derecho y jurisprudencia, Derecho laboral"
27685;"Trabajo y seguridad social";"Centro de Estudios Financieros";1;1;11145;España;2792-8322;2792-8314;2792-8314;"Derecho laboral"
18212;"Trabajo y sociedad";"Maestría en Estudios Sociales para América Latina; Programa de Investigaciones sobre Trabajo y Sociedad; Facultad de Humanidades y Ciencias Sociales; Universidad Nacional de Santiago del Estero";1;1;6783;Argentina;1514-6871;1514-6871;;"Ciencia política y administración pública, Sociología"
27337;"Trabajo, Persona, Derecho, Mercado";"Universidad de Sevilla";1;1;11946;España;2660-4884;2660-4884;;"Derecho y jurisprudencia, Derecho laboral, Economía, Sociología, Economía de la empresa, Educación superior"
18214;"Trabajos de arqueología navarra";"Departamento de Cultura, Turismo y Relaciones Institucionales del Gobierno de Navarra";1;1;6785;España;2530-5816;0211-5174;0211-5174;Arqueología
18221;"Trabajos de Prehistoria";"Editorial CSIC";1;1;6787;España;1988-3218;0082-5638;0082-5638;"Arqueología, Prehistoria"
18227;"Trabajos y comunicaciones";"Universidad Nacional de La Plata; Facultad de Humanidades y Ciencias de la Educación; Departamento de Historia";1;1;6788;Argentina;2346-8971;0325-173X;0325-173X;"Ciencias sociales y humanidades, Historia"
18229;"Trabalho & Educação";"Universidade Federal de Minas Gerais (UFMG)";1;1;6789;Brasil;2238-037X;1516-9537;1516-9537;"Educación, Multidisciplinarias, Trabajo social"
19888;"Trabalho Necessário";"Universidade Federal Fluminense (UFF)";1;1;7677;Brasil;1808-799X;1808-799X;;"Antropología, Ciencias sociales y humanidades, Economía, Educación, Pedagogía, Educación media o secundaria"
18230;"Trabalho, Educação e Saúde";"Fundação Oswaldo Cruz (Fiocruz)";1;1;6790;Brasil;1981-7746;1678-1007;1678-1007;"Educación, Salud pública"
22412;Tradición;"Universidad Ricardo Palma";1;1;9254;Perú;2415-2153;2413-9696;2413-9696;"Arte, Cultura, Literatura, Multidisciplinarias"
20378;Tram[p]as.;"Universidad Nacional de La Plata, Facultad de Periodismo y Comunicación Social";1;1;8028;Argentina;2314-274X;2314-274X;;"Ciencias de la comunicación"
18254;Trama;"Instituto Tecnológico de Costa Rica";1;1;6799;"Costa Rica";1659-343X;1659-343X;;"Ciencias sociales y humanidades"
28565;"Tramas sociales.";"Universidad Nacional de San Juan";1;1;11542;Argentina;2683-8095;2683-8087;;"Ciencia política y administración pública, Ciencias sociales y humanidades, Economía, Sociología, Estudios latinoamericanos, Estudios de género"
18258;Trans;"Universidad de Málaga, Facultad de Filosofía y Letras, Departamento de Traducción e Interpretación";1;1;6802;España;2603-6967;1137-2311;1137-2311;"Lingüística, Literatura"
18260;Trans/Form/Ação;"Universidade Estadual Paulista ""Júlio de Mesquita Filho"" (UNESP)";1;1;6804;Brasil;1980-539X;0101-3173;0101-3173;Filosofía
27688;"Translation matters";"Faculdade de Letras da Universidade do Porto";1;1;11175;Portugal;2184-4585;2184-4585;;"Lingüística, Literatura, Filología"
25557;"Trascender, contabilidad y gestión";"Universidad de Sonora, División de Ciencias Económicas y Administrativas, Departamento de Contabilidad";1;1;10597;México;2448-6388;2448-6388;;"Administración, Contabilidad, Derecho y jurisprudencia, Economía"
19962;Trashumante;"Universidad de Antioquia, Universidad Autónoma Metropolitana";1;1;7723;Colombia;2322-9675;2322-9381;2322-9381;Historia
22952;Traslaciones;"Universidad Nacional de Cuyo; Facultad de Educación Elemental y Especial; Subsede Cátedra UNESCO para la Lectura y la Escritura en América Latina; Instituto de Lectura y Escritura; Instituto de Lectura y Escritura";1;1;9559;Argentina;2362-6194;2362-6194;;Lingüística
26542;"Trasvases entre la literatura y el cine";"UMA Editorial";1;1;10879;España;2695-639X;2695-639X;;"Cine, Literatura"
19955;"Travaux et recherches dans les Amériques du Centre";"Centro de Estudios Mexicanos y Centroamericanos, CEMCA";1;1;7718;México;2007-2392;0185-6286;;"Antropología, Etnología, Geografía, Historia, Sociología, Estudios latinoamericanos"
18302;Travessias;"Universidade Estadual do Oeste do Paraná (Unioeste)";1;1;6822;Brasil;1982-5935;1982-5935;;"Arte, Cultura, Educación, Lingüística, Literatura"
24071;"Travessias Interativas";"Universidade Federal de Sergipe (UFS)";1;1;10116;Brasil;2236-7403;2236-7403;;"Lingüística, Literatura"
25045;"Trayectorias Humanas Trascontinentales";"Faculté des Lettres et Sciences Humaines, Université de Limoges";1;1;10408;Iberoamericanistas-Europa;2557-0633;2557-0633;;"Arte, Educación, Salud pública, Sociología, Humanidades, Derechos humanos, Estudios sociales de la salud"
24824;"Trayectorias Universitarias";"Universidad Nacional de La Plata";1;1;11603;Argentina;2469-0090;2469-0090;;"Planificación educativa, Educación superior"
18304;"Treballs d'arqueología";"Universitat Autonoma de Barcelona. Centre d'Estudis del Patrimoni Arqueològic de la Prehistòria";1;1;6824;España;2339-6490;1134-9263;1134-9263;Arqueología
18306;"Treballs de la Societat Catalana de Geografia";"Societat Catalana de Geografía";1;1;6826;España;2014-0037;1133-2190;1133-2190;Geografía
25330;"Treballs de sociolingüística catalana";"Institut d’Estudis Catalans";1;1;10519;España;2013-9136;0211-0784;0211-0784;"Lingüística, Sociología"
23904;Trenzar;"Red Trenzar";1;1;11151;Chile;2452-4301;2452-4301;;"Educación, Sociología"
28491;Tribunal;"Universidad Privada Domingo Savio";1;1;12022;Bolivia;2959-6513;2959-6513;;"Derecho y jurisprudencia, Derecho penal, Educación, Pedagogía, Educación superior, Derechos humanos"
24386;"Trilhas Filosóficas";"Universidade do Estado do Rio Grande do Norte (UERN)";1;1;10211;Brasil;1984-5561;1982-7490;;"Educación, Filosofía"
18332;Trilogía;"Ediciones Universidad Tecnológica Metropolitana";1;1;6834;Chile;2452-5995;0716-0356;0716-0356;"Ciencias sociales y humanidades, Multidisciplinarias, Tecnología"
19894;"Trilogía Ciencia Tecnología y Sociedad";"Instituto Tecnológico Metropolitano de Medellín - I.T.M.";1;1;7681;Colombia;2145-7778;2145-4426;2145-4426;"Planeamiento científico y tecnológico"
18334;Trípodos;"Universitat Ramon Llull, Facultat de Comunicació";1;1;6836;España;2340-5007;;1138-3305;"Ciencias de la comunicación, Sociología"
18337;Tropelías;"Universidad de Zaragoza, Área de Teoría de la Literatura, Departamento de Lingüística General e Hispánica";1;1;6838;España;2255-5463;1132-2373;1132-2373;"Literatura, Multidisciplinarias"
18339;"Tropical and subtropical agroecosystems";"Universidad Autónoma de Yucatán, Facultad de Medicina Veterinaria";1;1;6839;México;1870-0462;1870-0462;;"Agronomía, Biología"
23619;Tsafiqui;"Universidad UTE";1;1;9921;Ecuador;2602-8069;1390-5341;;"Ciencias sociales y humanidades"
23400;"Tsantsa: Revista de Investigaciones Artísticas";"Unviersidad de Cuenca, Facultad de Artes";1;1;9794;Ecuador;1390-8448;;;"Arte, Bellas artes, Cultura, Diseño, Música, Humanidades, Teatro"
26387;"TSE'DE Revista de Investigación Científica";"Instituto Superior Tecnológico Tsáchila";1;1;10852;Ecuador;2600-5557;;;"Agronomía, Biotecnología, Ciencias sociales y humanidades, Etnología, Ganadería, Tecnología, Industria"
16665;"Turismo em Análise";"Universidade de São Paulo (USP)";1;1;6231;Brasil;1984-4867;0103-5541;0103-5541;Turismo
23397;"Turismo y Patrimonio";"Universidad de San Martín de Porres. Facultad de Ciencias de la Comunicación, Turismo y Psicología";1;1;9791;Perú;2313-853X;1680-9556;1680-9556;"Antropología, Arqueología, Historia, Turismo"
23538;"Turismo, Desarrollo y Buen Vivir. Revista de Investigación de la Ciencia Turística-RICIT";"Universidad de Especialidades Turísticas";1;1;9872;Ecuador;2588-0861;;;Turismo
18358;Tzhoecoen;"Universidad Señor de Sipán";1;1;6851;Perú;1997-8731;1997-3985;1997-3985;Multidisciplinarias
18359;"Tzintzun. Revista de estudios históricos";"Universidad Michoacana de San Nicolás de Hidalgo, Instituto de Investigaciones Históricas";1;1;6852;México;2007-963X;1870-719X;1870-719X;Historia
18360;Uaricha;"Universidad Michoacana de San Nicolás de Hidalgo";1;1;6853;México;2007-7343;1870-2104;1870-2104;Psicología
18363;"UC Maule";"Universidad Católica del Maule";1;1;6854;Chile;0719-9872;0717-2656;0717-2656;"Arte, Educación, Humanidades, Ciencia y Tecnología"
14004;"UCJC business and society review";"Universidad Camilo José Cela";1;1;4999;España;2659-3270;2659-3270;;"Economía, Economía de la empresa"
24998;UCOarte;"UCOPress. Editorial Universidad de Córdoba (España)";1;1;10397;España;2255-1905;2255-1905;;"Arte, Bellas artes, Historia del arte"
18365;"UCV - Scientia";"Universidad César Vallejo";1;1;6856;Perú;2410-891X;2077-172X;2077-172X;Multidisciplinarias
20175;"UCV Hacer";"Universidad César Vallejo";1;1;7867;Perú;2414-8695;2305-8552;2305-8552;Multidisciplinarias
26158;"UDA AKADEM";"Universidad del Azuay";1;1;10784;Ecuador;2631-2611;;;"Administración, Computación, Economía, Psicología"
27175;"ULEAM Bahía Magazine";"Universidad Laica Eloy Alfaro de Manabí, extensión SUCRE Bahía de Caráquez";1;1;11084;Ecuador;2600-6006;2600-6006;;"Administración, Contabilidad, Educación, Turismo"
18370;"Ultima década";"Centro de Investigación y Difusión Poblacional";1;1;6859;Chile;0718-2236;0717-4691;0717-4691;Sociología
24927;Umática;"Universidad de Málaga";1;1;10371;España;2659-8574;2659-8574;;"Arte, Artes plásticas, Bellas artes, Diseño, Humanidades"
18383;Umbrales;"Universidad Mayor de San Andrés, Postgrado Multidisciplinario en Ciencias del Desarrollo";1;1;6863;Bolivia;1994-9987;1994-4543;1994-4543;"Ciencias sociales y humanidades, Multidisciplinarias"
29762;"Un Espacio Para la Ciencia.";"Manglar Editores";1;1;11780;Ecuador;2953-6529;;;"Administración, Ciencias sociales y humanidades, Economía, Educación, Multidisciplinarias, Finanzas"
28082;UNAAACIENCIA-PERÚ;"Universidad Nacional Autónoma de Alto Amazonas";1;1;11625;Perú;2955-8304;2955-8301;;"Administración, Contabilidad, Economía, Sociología, Econometría"
27106;"UNAH Sociedad";"Universidad Nacional Autónoma de Honduras";1;1;11296;Honduras;2709-0035;2709-0027;2709-0027;"Anatomía, Medicina, Microbiología, Salud pública, Medicina legal"
28918;"UNESUM - Ciencias. Revista Científica Multidisciplinaria";"Universidad Estatal del Sur de Manabí";1;1;11519;Ecuador;2602-8166;;;"Administración, Multidisciplinarias"
22246;"UNIANDES Episteme: Revista de Ciencia, Tecnología e Innovación";"Universidad Regional Autónoma de los Andes, UNIANDES";1;1;9153;Ecuador;1390-9150;;;"Educación, Multidisciplinarias"
19903;Uniciencia;"Universidad Nacional, Costa Rica, Facultad de Ciencias Exactas y Naturales";1;1;7689;"Costa Rica";2215-3470;1011-0275;1011-0275;"Biología, Física, Geodesia, Matemáticas, Química, Ciencia"
23126;"Unidad sociológica";"F. L. Abiuso";1;1;9651;Argentina;2362-1850;2362-1850;;Sociología
18410;"UNINGÁ Review";"Centro Universitário Ingá (UNINGA)";1;1;6870;Brasil;2178-2571;2178-2571;;Multidisciplinarias
23505;"Universidad & Ciencia";"Universidad Máximo Gómez Báez, Departamento de Gestión de la Información y el Conocimiento";1;1;9853;Cuba;2227-2690;2227-2690;;"Multidisciplinarias, Estudios locales, Ciencia y Tecnología"
18434;"Universidad de La Habana";"Universidad de La Habana, Facultad de Lenguas Extranjeras";1;1;11291;Cuba;2708-5511;0253-9276;0253-9276;"Antropología, Ciencias sociales y humanidades, Lingüística, Literatura"
18437;"Universidad en diálogo";"Universidad Nacional de Costa Rica";1;1;6876;"Costa Rica";2215-4752;2215-2849;2215-2849;"Educación superior"
18441;"Universidad Médica Pinareña";"Universidad de Ciencias Médicas de Pinar del Río";1;1;6877;Cuba;1990-7990;1990-7990;;Medicina
18447;"Universidad y Salud";"Universidad de Nariño";1;1;6880;Colombia;2389-7066;0124-7107;0124-7107;"Salud pública"
33;"Universidad y Sociedad";"Universidad de Cienfuegos ""Carlos Rafael Rodríguez""";1;1;21;Cuba;2218-3620;2218-3620;;Multidisciplinarias
27456;Universidad-Verdad.;"Universidad del Azuay";1;1;11082;Ecuador;2600-5786;0258-8528;;"Ciencias sociales y humanidades"
25046;"Universidad, escuela y sociedad";"Universidad de Granada";1;1;10409;España;2530-1012;2530-1012;;"Ciencias sociales y humanidades, Educación"
19910;"Universita ciencia";"Universidad de Xalapa,  Instituto Interdisciplinario de Investigaciones";1;1;11347;México;2007-3917;2007-3917;;Multidisciplinarias
18466;Universitas;"Universidad Politécnica Salesiana";1;1;6885;Ecuador;1390-8634;;1390-3837;"Antropología, Ciencia política y administración pública, Multidisciplinarias, Sociología"
18479;"Universitas Tarraconensis. Revista de Ciències de l´Educació";"Universitat Rovira i Virgili";1;1;6894;España;2385-4731;1135-1438;1135-1438;Educación
18496;Universum;"Universidad de Talca. Instituto de Estudios Humanísticos Abate Juan Ignacio Molina";1;1;6902;Chile;0718-2376;0716-498X;0716-498X;Humanidades
27973;Unodiverso;"El Colegio de Morelos";1;1;11387;México;2954-3592;2954-3592;;Multidisciplinarias
15512;UPGTO;"Universidad Politécnica de Guanajuato";1;1;5623;México;2007-977X;2007-977X;;Administración
25402;Urbania;"Arqueocoop Ltda";1;1;10548;Argentina;2591-5681;1853-7626;;"Arqueología, Historia, Turismo, Estudios latinoamericanos, Planificación urbana"
18525;Urbano;"Universidad del Bío-Bío. Departamento de Planificación y Diseño Urbano";1;1;6917;Chile;0718-3607;0717-3997;0717-3997;"Urbanismo, Planificación urbana"
24385;Urdimento;"Universidade do Estado de Santa Catarina (UDESC)";1;1;10210;Brasil;2358-6958;1414-5731;1414-5731;"Teatro, Danza"
25934;"URU Revista de Comunicación y Cultura";"Universidad Andina Simón Bolívar";1;1;10730;Ecuador;2631-2514;2631-2514;;"Arte, Ciencias de la comunicación, Humanidades"
23367;"USFQ Law Review";"Universidad San Francisco de Quito";1;1;9777;Ecuador;1390-8014;;;"Derecho y jurisprudencia"
21907;"UTCiencia: Ciencia y tecnología al servicio del pueblo";"Universidad Técnica de Cotopaxi";1;1;8923;Ecuador;2602-8263;1390-6909;1390-6909;"Ciencias sociales y humanidades, Ciencia"
29669;"Utopías. Segunda época";"Universidad Nacional de Entre Ríos";1;1;11879;Argentina;2618-1800;1515-6893;;"Ciencia política y administración pública, Ciencias sociales y humanidades, Trabajo social, Estudios de género, Derechos humanos, Estudios sociales de la salud"
21420;Valenciana;"Universidad de Guanajuato, Departamentos de Filosofía y de Letras Hispánicas";1;1;8587;México;2448-7295;2007-2538;2007-2538;"Filosofía, Literatura, Humanidades"
27209;"Valor agregado";"Universidad Peruana Unión";1;1;12014;Perú;2413-5836;2410-1168;;Administración
28996;Variación;"Editorial Universidad de Granada";1;1;12033;España;3020-9854;3020-9854;;"Lingüística, Humanidades, Filología"
18583;"Veleia. Revista de Prehistoria, Historia antigua, Arqueología y Filología Clásicas";"Universidad del País Vasco, Servicio Editorial";1;1;6941;España;2444-3565;0213-2095;0213-2095;"Arqueología, Lingüística, Prehistoria"
18600;Verba;"Universidad de Santiago de Compostela, Servicio de Publicaciones";1;1;6947;España;2174-4017;0210-377X;0210-377X;"Lingüística, Literatura"
22750;"Verba Hispanica";"Ljubljana University Press";1;1;9427;Iberoamericanistas-Europa;2350-4250;0353-9660;0353-9660;"Lingüística, Literatura, Filología"
21434;"Verbum et lingua";"Universidad de Guadalajara, Centro Universitario de Ciencias Sociales y Humanidades,  División de Estudios Históricos y Humanos, Departamento de Lenguas Modernas";1;1;8599;México;2007-7319;2007-7319;;"Cultura, Lingüística, Literatura, Humanidades"
29010;"Verdad y Derecho. Revista Arbitrada de Ciencias Jurídicas y Sociales";"Instituto de Investigación Multidisciplinaria Perspectivas Globales (IIMPG)";1;1;11560;Ecuador;3028-872X;;;"Multidisciplinarias, Sociología, Estudios de género"
24978;"Veredes, arquitectura y divulgación";"Alberto Alonso Oro";1;1;10391;España;2659-9198;2659-9198;;"Arquitectura, Arte, Diseño, Historia, Historia del arte, Urbanismo"
18615;Veritas;"Instituto de Éticas Aplicadas";1;1;6958;Chile;0718-9273;0717-4675;0717-4675;"Filosofía, Religión"
26781;"Veritas & Research.";"Pontificia Universidad Católica del Ecuador Sede Ambato";1;1;10925;Ecuador;2697-3375;;;"Ciencias sociales y humanidades"
20290;"Veritas et Scientia";"Universidad Privada de Tacna. Escuela de Postgrado";1;1;7963;Perú;2617-0639;2307-5139;2307-5139;Multidisciplinarias
27211;"Vertex Revista Argentina de Psiquiatría.";"Editorial Polemos";1;1;11003;Argentina;2718-904X;0327-6139;;"Psicología, Psiquiatría"
18627;"Vértice universitario";"Universidad de Sonora, División de Ciencias Económicas y Administrativas, Unidad Centro";1;1;6964;México;2683-2623;2007-1388;2007-1388;"Administración, Ciencia política y administración pública, Economía"
18629;Vértices;"Instituto Federal de Educação, Ciência e Tecnologia Fluminense (IFFluminense)";1;1;6965;Brasil;1809-2667;1415-2843;1415-2843;Multidisciplinarias
18638;Veterinaria;"Sociedad de Medicina Veterinaria del Uruguay";1;1;6970;Uruguay;1688-4809;1688-4809;0376-4362;"Medicina, Veterinaria"
21614;"Veterinaria México OA";"Universidad Nacional Autónoma de México, Facultad de Medicina Veterinaria y Zootecnia";1;1;8708;México;2448-6760;2448-6760;;"Veterinaria, Zootecnia"
23848;"Via panorâmica";"Faculdade de Letras da Universidade do Porto";1;1;10026;Portugal;2182-9934;1645-9652;;"Lingüística, Literatura"
26122;"Vida científica boletín científico de la Escuela Preparatoria No. 4";"Universidad Autónoma del Estado de Hidalgo";1;1;11965;México;2007-4905;2007-4905;;"Educación, Educación media o secundaria"
29755;"Vida y ética.";"Pontificia Universidad Católica Argentina";1;1;11787;Argentina;2683-6998;1515-6850;;Humanidades
18670;"Vida y Pensamiento";"Editorial SEBILA";1;1;6985;"Costa Rica";2215-602X;1019-6366;1019-6366;Religión
23248;"Vinculatégica efan";"Universidad Autónoma de Nuevo León, Facultad de Contaduría Pública y Administración, Secretaría de Investigación";1;1;11488;México;2448-5101;2448-5101;;"Administración, Ciencia política y administración pública, Contabilidad, Economía, Educación, Finanzas"
25090;Vínculos;"Universidad de las Fuerzas Armadas ESPE";1;1;10420;Ecuador;2477-8877;;;"Ciencias sociales y humanidades"
24445;Virtuajus;"Pontifícia Universidade Católica de Minas Gerais (PUC Minas)";1;1;10220;Brasil;1678-3425;1678-3425;;"Derecho agrario, Derecho civil, Derecho comparado, Derecho internacional, Derecho laboral, Derecho marítimo, Derecho mercantil, Derecho penal, Derecho público, Derecho procesal, Filosofía, Derecho fiscal, Derechos humanos"
18690;"Virtual archaeology review";"Universitat Politècnica de València";1;1;6993;España;1989-9947;1989-9947;;Arqueología
19921;"Virtualidad, educación y ciencia";"Maestría en Procesos Educativos Mediados por Tecnología, Centro de Estudios Avanzados, Universidad Nacional de Córdoba";1;1;7700;Argentina;1853-6530;1853-6530;;"Educación, Tecnología educativa"
19922;Virtualis;"Instituto Tecnológico y de Estudios Superiores de Monterrey, Dirección de Investigación y de la Escuela de Humanidades y Ciencias Sociales";1;1;7701;México;2007-2678;2007-2678;;"Ciencias sociales y humanidades, Educación, Tecnología educativa"
23408;"Visión Antataura";"Universidad de Panamá, Centro Regional Universitario de Azuero";1;1;9800;Panamá;2520-9892;2520-9892;;"Arte, Multidisciplinarias, Humanidades, Recursos naturales no renovables, Ciencia y Tecnología, Educación superior"
18699;"Visión de futuro";"Universidad Nacional de Misiones, Facultad de Ciencias Económicas";1;1;6996;Argentina;1668-8708;1668-8708;1669-7634;Administración
25870;"Visión Doble";"Universidad de Puerto Rico, Departamento de Humanidades";1;1;10702;"Puerto Rico";2375-1118;;;"Arte, Bellas artes, Cultura, Fotografía, Pintura, Humanidades"
20398;"Visión Empresarial";"Universidad Politécnica Estatal del Carchi";1;1;8039;Ecuador;2631-2913;;1390-6852;"Administración, Economía, Educación"
24059;"Visionario Digital";"Ciencia Digital";1;1;10109;Ecuador;2602-8506;;;"Ciencias sociales y humanidades"
25995;"Visionarios en ciencia y tecnología";"Universidad Privada de Huancayo Franklin Roosevelt";1;1;10743;Perú;2708-6372;2308-2496;;"Salud pública"
22452;"Visioni LatinoAmericane";"EUT - Edizioni Università di Trieste";1;1;9283;Iberoamericanistas-Europa;2035-6633;2035-6633;;"Antropología, Ciencias sociales y humanidades, Derecho y jurisprudencia, Educación, Pedagogía, Relaciones internacionales, Sociología, Estudios latinoamericanos, Trabajo social"
27526;Vista;"Centro de Estudos de Comunicação e Sociedade, Universidade do Minho";1;1;11103;Portugal;2184-1284;2184-1284;;"Ciencias de la comunicación, Ciencias sociales y humanidades"
29526;"VITALYSCIENCE Revista Científica Multidisciplinaria.";"Instituto Universitario Misael Acosta Solis (ISTMAS)";1;1;11695;Ecuador;3091-180X;;;Multidisciplinarias
24169;Vitruvio;"Universitat Politècnica de València";1;1;10157;España;2444-9091;2444-9091;;Arquitectura
18722;"Vivat Academia";"Forum Internacional de Comunicación y Relaciones Públicas (Fórum XXI)";1;1;7006;España;1575-2844;1575-2844;;"Ciencias de la comunicación, Sociología, Educación superior"
25664;Vive;"Centro de Estudios Transdisciplinarios Bolivia (CET-Bolivia)";1;1;10618;Bolivia;2664-3243;2664-3243;;Medicina
28023;"Vivienda y ciudad";"Instituto de Investigación de Vivienda y Hábitat, Facultad de Arquitectura, Urbanismo y Diseño, Universidad Nacional de Córdoba, Argentina";1;1;11715;Argentina;2422-670X;2422-670X;;"Arquitectura, Urbanismo"
25914;"Vivienda y comunidades sustentables";"Universidad de Guadalajara";1;1;10721;México;2594-0198;2594-0198;;"Multidisciplinarias, Urbanismo, Planificación urbana"
23799;Vivomatografías;"Vivomatografías. Revista de estudios sobre precine y cine silente en Latinoamérica";1;1;10000;Argentina;2469-0767;2469-0767;;"Cine, Fotografía"
21616;"VLC arquitectura. Research Journal";"Universitat Politècnica de València";1;1;8710;España;2341-2747;2341-2747;;"Arquitectura, Ingeniería civil, Urbanismo"
22635;"Voces de la educación";"Voces de la educación";1;1;9339;México;2448-6248;1665-1596;1665-1596;"Educación, Filosofía, Psicología, Sociología, Humanidades, Planificación educativa, Educación media o secundaria, Educación preescolar, Educación primaria, Educación superior, Estudios de género"
21646;"Voces desde el Trabajo Social";"Colegio de Profesionales del Trabajo Social de Puerto Rico";1;1;8733;"Puerto Rico";2372-269X;2372-2673;2372-2673;"Trabajo social"
19926;"Voces y silencios, revista latinoamericana de educación";"Universidad de Los Andes";1;1;7704;Colombia;2215-8421;2215-8421;;Educación
19927;"Vox Juris";"Universidad de San Martín de Porres. Facultad de Derecho";1;1;7705;Perú;2521-5280;1812-6804;1812-6804;"Derecho y jurisprudencia, Derecho civil, Economía"
18765;Wani;"Bluefields Indian & Caribbean University (BICU), Editorial Universitaria";1;1;7017;Nicaragua;2308-7862;;1813-369X;"Antropología, Arte, Ecología, Lingüística, Sociología, Humanidades"
26529;Warisata;"Universidad Adventista de Bolivia (UAB)";1;1;12024;Bolivia;2708-6305;2708-6305;;"Educación, Pedagogía, Educación media o secundaria, Educación preescolar, Educación primaria, Educación superior"
28785;Waynarroque;"Universidad Nacional de Juliaca";1;1;11479;Perú;2710-2726;2710-2726;2710-4095;"Administración, Ciencia política y administración pública, Ciencias sociales y humanidades, Contabilidad, Economía, Sociología"
18772;"Wimb Lu";"Universidad de Costa Rica";1;1;7020;"Costa Rica";2215-6712;1659-2107;;Psicología
18780;"Working Papers em Lingüística";"Universidade Federal de Santa Catarina (UFSC)";1;1;7023;Brasil;1984-8420;1415-1464;1415-1464;Lingüística
18782;"Working papers on operations management";"Universidad Politécnica de Valencia";1;1;7024;España;1989-9068;;;"Economía de la empresa"
20994;"World rabbit science";"Universitat Politècnica de València";1;1;8414;España;1989-8886;1257-5011;;Zoología
26603;"X-pedientes Económicos";"Superintendencia de Compañías, Valores y Seguros";1;1;10897;Ecuador;2602-831X;2602-831X;;"Ciencia política y administración pública, Contabilidad, Economía, Finanzas"
18791;Xihmai;"Universidad La Salle Pachuca";1;1;7028;México;2954-3967;1870-6703;1870-6703;"Ciencias sociales y humanidades"
25921;"Xikua boletín científico de la escuela superior de Tlahuelilpan";"Universidad Autónoma del Estado de Hidalgo, Escuela Superior de Tlahuelilpan";1;1;11592;México;2007-4948;2007-4948;;Multidisciplinarias
18794;"Xipe totek";"Instituto Tecnológico y de Estudios Superiores de Occidente, Departamento Filosofía y Humanidades";1;1;7029;México;2448-9085;1870-2694;1870-2694;"Etica, Filosofía"
20605;"Yachana: Revista Científica";"Universidad Laica Vicente Rocafuerte de Guayaquil";1;1;8179;Ecuador;2528-8148;1390-7778;1390-7778;"Administración, Ciencias sociales y humanidades, Economía, Educación, Ingeniería civil, Multidisciplinarias"
26020;Yachaq;"Universidad Católica de Trujillo";1;1;10751;Perú;2663-4155;2617-5495;;"Administración, Economía, Psicología, Religión, Turismo, Derechos humanos"
26816;Yachaq;"Centro de Investigación de los Estudiantes de Derecho. Universidad Nacional San Antonio Abad del Cusco";1;1;10934;Perú;2707-1197;1817-597X;;"Derecho y jurisprudencia"
28933;Yachay;"Universidad Andina del Cusco";1;1;11539;Perú;2520-9051;2520-9051;;Multidisciplinarias
26329;Yeiyá;"Transnational Press London";1;1;11356;Iberoamericanistas-Europa;2634-3568;2634-355X;;Multidisciplinarias
24659;Yulök;"Universidad Técnica Nacional (UTN)";1;1;10266;"Costa Rica";2215-5147;2215-5066;2215-5147;Multidisciplinarias
22249;"Yura: Relaciones Internacionales";"Universidad de las Fuerzas Armadas ESPE";1;1;9156;Ecuador;1390-938X;;;"Economía, Economía internacional"
24804;Yuracomplexus;"Red cultural Yuracomplexus";1;1;10325;Ecuador;2602-8115;;;"Educación, Multidisciplinarias, Relaciones internacionales, Turismo"
18810;Yuyaykusun;"Universidad Ricardo Palma. Departamento Académico de Humanidades";1;1;7033;Perú;2519-5751;2073-6150;2073-6150;"Ciencias sociales y humanidades, Humanidades"
28163;Zama.;"Instituto de Literatura Hispanoamericana, Facultad de Filosofía y Letras, Universidad de Buenos Aires.";1;1;11305;Argentina;2422-6017;1851-6866;;Literatura
21490;ZARCH;"Prensas de la Universidad de Zaragoza";1;1;8635;España;2387-0346;2341-0531;2341-0531;"Arquitectura, Urbanismo"
18816;Zephyrus;"Ediciones Universidad de Salamanca";1;1;7037;España;2386-3943;0514-7336;0514-7336;"Arqueología, Prehistoria"
18817;"Zer. Revista de Estudios de Comunicación";"Universidad del País Vasco, Facultad de Ciencias Sociales y de la Comunicación";1;1;7038;España;1989-631X;1137-1102;1137-1102;"Ciencias de la comunicación, Sociología"
20464;Zibaldone;"Universitat de València";1;1;8083;España;2255-3576;2255-3576;;"Arte, Cultura, Filosofía, Literatura, Humanidades, Filología"
24817;Zincografía;"Universidad de Guadalajara, Centro Universitario de Arte. Arquitectura y Diseño";1;1;10331;México;2448-8437;2448-8437;;Diseño
23150;"Zona Franca";"Zona Franca";1;1;9657;Argentina;2545-6504;2545-6504;;"Estudios de género"
